Order_ID,Order_Date,Customer_ID,Customer_Segment,Region,Category,Product,Quantity,Unit_Price,Discount,Revenue,Cost,Profit,Year,Month_Number,Month,Year_Month,Profit_Margin_Percent
ORD-00001,2023-11-27,CUST-0215,Consumer,Manitoba,Furniture,Lamp,5,205.92,0.1,926.64,621.2,305.44,2023,11,Nov,2023-11,32.962099628766296
ORD-00002,2025-08-13,CUST-0386,Consumer,Alberta,Office Supplies,Pens,2,7.37,0.1,13.27,10.66,2.61,2025,8,Aug,2025-08,19.668425018839486
ORD-00003,2024-11-30,CUST-0476,Consumer,British Columbia,Office Supplies,Folders,1,54.67,0.05,51.94,34.17,17.76,2024,11,Nov,2024-11,34.193299961494034
ORD-00004,2023-06-16,CUST-0841,Consumer,Ontario,Furniture,Cabinet,3,553.55,0.15,1411.55,1035.63,375.92,2023,6,Jun,2023-06,26.631716906946266
ORD-00005,2025-08-13,CUST-0367,Consumer,Manitoba,Clothing,T-Shirt,2,108.65,0.0,217.3,159.66,57.64,2025,8,Aug,2025-08,26.525540727105383
ORD-00006,2024-07-19,CUST-0390,Consumer,Manitoba,Clothing,Jeans,4,229.14,0.0,916.56,691.04,225.52,2024,7,Jul,2024-07,24.605044950685173
ORD-00007,2024-03-31,CUST-0816,Consumer,Alberta,Clothing,T-Shirt,2,123.44,0.15,209.85,149.29,60.56,2024,3,Mar,2024-03,28.858708601381945
ORD-00008,2025-02-02,CUST-0217,Corporate,Manitoba,Electronics,Headphones,2,721.02,0.05,1369.94,970.5,399.44,2025,2,Feb,2025-02,29.157481349548153
ORD-00009,2025-12-22,CUST-0472,Corporate,Ontario,Electronics,Headphones,1,166.58,0.15,141.59,85.47,56.12,2025,12,Dec,2025-12,39.63556748357935
ORD-00010,2023-05-15,CUST-0028,Small Business,Alberta,Office Supplies,Pens,5,93.7,0.2,374.8,272.03,102.77,2023,5,May,2023-05,27.419957310565636
ORD-00011,2024-10-04,CUST-0943,Corporate,Quebec,Furniture,Lamp,3,670.17,0.1,1809.46,1182.28,627.18,2024,10,Oct,2024-10,34.661169630718554
ORD-00012,2025-05-13,CUST-0575,Corporate,Alberta,Electronics,Keyboard,2,957.62,0.0,1915.24,1109.17,806.07,2025,5,May,2025-05,42.08715356822122
ORD-00013,2024-07-31,CUST-0525,Corporate,Ontario,Office Supplies,Stapler,5,109.37,0.05,519.51,314.21,205.3,2024,7,Jul,2024-07,39.518007353082716
ORD-00014,2023-07-09,CUST-0640,Consumer,Ontario,Electronics,Mouse,4,1453.48,0.05,5523.22,4354.98,1168.24,2023,7,Jul,2023-07,21.151429781902582
ORD-00015,2024-10-10,CUST-0411,Consumer,Ontario,Office Supplies,Notebook,1,99.07,0.0,99.07,58.89,40.18,2024,10,Oct,2024-10,40.557181790653075
ORD-00016,2024-03-17,CUST-0233,Small Business,Quebec,Electronics,Mouse,3,465.88,0.0,1397.64,964.47,433.17,2024,3,Mar,2024-03,30.992959560401818
ORD-00017,2025-05-04,CUST-0220,Consumer,Ontario,Office Supplies,Folders,1,37.76,0.0,37.76,30.72,7.04,2025,5,May,2025-05,18.64406779661017
ORD-00018,2023-07-22,CUST-0836,Consumer,Ontario,Office Supplies,Printer Paper,2,66.06,0.2,105.7,65.04,40.66,2023,7,Jul,2023-07,38.467360454115415
ORD-00019,2023-07-06,CUST-0201,Consumer,Manitoba,Office Supplies,Folders,3,77.72,0.15,198.19,151.72,46.46,2023,7,Jul,2023-07,23.44215147081084
ORD-00020,2025-05-13,CUST-0148,Consumer,Ontario,Clothing,Shoes,3,175.84,0.1,474.77,364.89,109.88,2025,5,May,2025-05,23.143838068959706
ORD-00021,2023-09-20,CUST-0151,Corporate,Quebec,Office Supplies,Printer Paper,3,101.34,0.0,304.02,176.53,127.49,2023,9,Sep,2023-09,41.93474113545162
ORD-00022,2025-11-26,CUST-0453,Small Business,Ontario,Clothing,Shoes,2,141.82,0.2,226.91,183.95,42.96,2025,11,Nov,2025-11,18.93261645586356
ORD-00023,2024-09-19,CUST-0673,Consumer,Alberta,Electronics,Keyboard,3,1316.31,0.15,3356.59,2212.72,1143.87,2024,9,Sep,2024-09,34.078335453540646
ORD-00024,2025-05-27,CUST-0896,Consumer,British Columbia,Clothing,Shoes,1,153.56,0.1,138.2,76.2,62.0,2025,5,May,2025-05,44.86251808972504
ORD-00025,2024-02-05,CUST-0916,Consumer,Alberta,Office Supplies,Notebook,4,25.23,0.0,100.92,64.37,36.55,2024,2,Feb,2024-02,36.21680539040824
ORD-00026,2023-10-11,CUST-0609,Corporate,Ontario,Furniture,Lamp,3,463.73,0.05,1321.63,851.82,469.81,2023,10,Oct,2023-10,35.547770556055774
ORD-00027,2023-06-07,CUST-0017,Small Business,Manitoba,Electronics,Headphones,4,916.08,0.0,3664.32,2653.98,1010.34,2023,6,Jun,2023-06,27.572373591826043
ORD-00028,2024-11-30,CUST-0099,Small Business,Manitoba,Clothing,Shoes,5,23.56,0.05,111.91,90.76,21.15,2024,11,Nov,2024-11,18.899115360557587
ORD-00029,2024-11-16,CUST-0570,Consumer,Quebec,Furniture,Office Chair,2,319.38,0.1,574.88,461.49,113.39,2024,11,Nov,2024-11,19.724116337322574
ORD-00030,2025-11-28,CUST-0246,Consumer,Quebec,Electronics,Monitor,1,1583.56,0.15,1346.03,789.97,556.06,2025,11,Nov,2025-11,41.311114908285845
ORD-00031,2023-01-20,CUST-0685,Corporate,Alberta,Clothing,Jacket,4,160.65,0.05,610.47,418.42,192.05,2023,1,Jan,2023-01,31.45936737268007
ORD-00032,2023-05-30,CUST-0125,Consumer,Ontario,Clothing,Shoes,3,153.14,0.05,436.45,303.99,132.46,2023,5,May,2023-05,30.349410012601673
ORD-00033,2023-01-05,CUST-0620,Consumer,Manitoba,Electronics,Keyboard,1,259.26,0.15,220.37,137.36,83.01,2023,1,Jan,2023-01,37.66846666969189
ORD-00034,2024-10-18,CUST-0106,Consumer,British Columbia,Electronics,Keyboard,4,1160.06,0.0,4640.24,3766.83,873.41,2024,10,Oct,2024-10,18.822517800803407
ORD-00035,2025-10-09,CUST-0908,Consumer,Quebec,Furniture,Desk,5,71.55,0.0,357.75,238.13,119.62,2025,10,Oct,2025-10,33.43675751222921
ORD-00036,2024-12-04,CUST-0272,Consumer,Manitoba,Electronics,Monitor,1,458.22,0.1,412.4,257.99,154.41,2024,12,Dec,2024-12,37.44180407371484
ORD-00037,2025-12-28,CUST-0974,Consumer,Alberta,Furniture,Cabinet,3,531.13,0.15,1354.38,750.17,604.21,2025,12,Dec,2025-12,44.61155657939426
ORD-00038,2023-12-23,CUST-0734,Consumer,Quebec,Electronics,Monitor,5,1382.34,0.05,6566.12,3918.42,2647.69,2023,12,Dec,2023-12,40.32350916523
ORD-00039,2025-10-12,CUST-0769,Corporate,Alberta,Clothing,Shoes,2,30.42,0.1,54.76,37.55,17.2,2025,10,Oct,2025-10,31.40978816654492
ORD-00040,2024-01-15,CUST-0675,Consumer,Manitoba,Office Supplies,Printer Paper,3,8.05,0.15,20.53,15.04,5.48,2024,1,Jan,2024-01,26.69264490988797
ORD-00041,2023-10-12,CUST-0556,Consumer,Quebec,Furniture,Lamp,1,582.05,0.2,465.64,369.93,95.71,2023,10,Oct,2023-10,20.554505626664373
ORD-00042,2025-10-18,CUST-0970,Corporate,Ontario,Electronics,Monitor,1,1240.51,0.1,1116.46,730.23,386.23,2025,10,Oct,2025-10,34.59416369596761
ORD-00043,2025-10-17,CUST-0729,Consumer,Quebec,Furniture,Desk,5,642.23,0.2,2568.92,1440.09,1128.83,2025,10,Oct,2025-10,43.94181212338258
ORD-00044,2024-10-24,CUST-0664,Small Business,Manitoba,Furniture,Bookshelf,4,891.93,0.05,3389.33,2574.64,814.69,2024,10,Oct,2024-10,24.03690404888282
ORD-00045,2024-08-18,CUST-0062,Corporate,Manitoba,Electronics,Headphones,3,1340.94,0.0,4022.82,3192.87,829.95,2024,8,Aug,2024-08,20.631049860545588
ORD-00046,2024-12-18,CUST-0455,Corporate,Alberta,Clothing,Jacket,5,32.3,0.2,129.2,74.24,54.96,2024,12,Dec,2024-12,42.53869969040248
ORD-00047,2024-07-22,CUST-0484,Consumer,Manitoba,Office Supplies,Folders,4,15.55,0.0,62.2,45.5,16.7,2024,7,Jul,2024-07,26.848874598070736
ORD-00048,2025-10-29,CUST-0588,Corporate,Alberta,Furniture,Desk,5,425.3,0.05,2020.18,1174.95,845.22,2025,10,Oct,2025-10,41.838846043421874
ORD-00049,2023-01-29,CUST-0517,Consumer,British Columbia,Clothing,Sweater,1,71.19,0.15,60.51,44.82,15.69,2023,1,Jan,2023-01,25.929598413485373
ORD-00050,2025-12-29,CUST-0301,Corporate,British Columbia,Office Supplies,Folders,4,47.62,0.0,190.48,151.45,39.03,2025,12,Dec,2025-12,20.49034019319614
ORD-00051,2025-01-23,CUST-0653,Consumer,Quebec,Office Supplies,Pens,3,33.6,0.0,100.8,68.85,31.95,2025,1,Jan,2025-01,31.69642857142857
ORD-00052,2025-04-03,CUST-0505,Consumer,Manitoba,Office Supplies,Folders,1,99.62,0.1,89.66,55.06,34.6,2025,4,Apr,2025-04,38.59022975685925
ORD-00053,2023-07-22,CUST-0886,Small Business,Alberta,Clothing,Shoes,5,244.92,0.0,1224.6,968.18,256.42,2023,7,Jul,2023-07,20.939082149273236
ORD-00054,2024-10-17,CUST-0513,Corporate,British Columbia,Office Supplies,Stapler,1,13.67,0.0,13.67,8.61,5.06,2024,10,Oct,2024-10,37.01536210680322
ORD-00055,2024-11-28,CUST-0090,Consumer,Alberta,Electronics,Mouse,5,223.42,0.0,1117.1,671.15,445.95,2024,11,Nov,2024-11,39.920329424402475
ORD-00056,2024-04-05,CUST-0929,Corporate,Manitoba,Electronics,Laptop,3,493.81,0.1,1333.29,926.3,406.99,2024,4,Apr,2024-04,30.525242070367288
ORD-00057,2024-03-25,CUST-0921,Consumer,Quebec,Electronics,Keyboard,2,1486.78,0.05,2824.88,1996.95,827.93,2024,3,Mar,2024-03,29.308501600067967
ORD-00058,2023-06-26,CUST-0239,Consumer,Quebec,Office Supplies,Folders,1,8.03,0.15,6.83,4.64,2.19,2023,6,Jun,2023-06,32.06442166910688
ORD-00059,2024-01-20,CUST-0511,Consumer,Alberta,Furniture,Bookshelf,5,765.8,0.0,3829.0,2144.02,1684.98,2024,1,Jan,2024-01,44.00574562548968
ORD-00060,2023-03-24,CUST-0714,Consumer,Ontario,Clothing,Sweater,5,249.23,0.1,1121.53,836.72,284.81,2023,3,Mar,2023-03,25.394773211594874
ORD-00061,2023-02-03,CUST-0800,Consumer,Quebec,Electronics,Keyboard,4,519.9,0.0,2079.6,1520.93,558.67,2023,2,Feb,2023-02,26.864300827082133
ORD-00062,2025-02-01,CUST-0990,Consumer,Manitoba,Furniture,Bookshelf,4,492.14,0.15,1673.28,1357.62,315.66,2025,2,Feb,2025-02,18.864744693057947
ORD-00063,2025-03-08,CUST-0850,Consumer,British Columbia,Office Supplies,Printer Paper,4,97.58,0.2,312.26,223.01,89.25,2025,3,Mar,2025-03,28.58195093832063
ORD-00064,2023-03-22,CUST-0759,Small Business,Alberta,Clothing,Shoes,1,145.91,0.15,124.02,81.49,42.53,2023,3,Mar,2023-03,34.2928559909692
ORD-00065,2023-02-22,CUST-0774,Consumer,British Columbia,Furniture,Office Chair,4,468.3,0.0,1873.2,1053.45,819.75,2023,2,Feb,2023-02,43.76201153106983
ORD-00066,2025-06-18,CUST-0971,Consumer,Ontario,Office Supplies,Pens,1,13.72,0.05,13.03,9.23,3.81,2025,6,Jun,2025-06,29.240214888718345
ORD-00067,2025-10-25,CUST-0789,Consumer,Quebec,Clothing,Jeans,2,138.5,0.1,249.3,152.18,97.12,2025,10,Oct,2025-10,38.95707982350582
ORD-00068,2025-03-04,CUST-0546,Corporate,Ontario,Electronics,Headphones,5,1003.48,0.05,4766.53,2887.14,1879.39,2025,3,Mar,2025-03,39.428892716504464
ORD-00069,2024-09-16,CUST-0008,Consumer,Alberta,Office Supplies,Pens,5,110.9,0.0,554.5,434.97,119.53,2024,9,Sep,2024-09,21.556357078449054
ORD-00070,2025-06-01,CUST-0312,Corporate,British Columbia,Electronics,Monitor,2,1376.32,0.1,2477.38,1387.09,1090.28,2025,6,Jun,2025-06,44.00939702427564
ORD-00071,2024-04-29,CUST-0631,Consumer,Ontario,Furniture,Lamp,3,787.13,0.05,2243.32,1297.35,945.98,2024,4,Apr,2024-04,42.168749888558025
ORD-00072,2023-03-08,CUST-0580,Corporate,Quebec,Clothing,T-Shirt,1,143.13,0.15,121.66,86.41,35.25,2023,3,Mar,2023-03,28.97419036659543
ORD-00073,2024-11-22,CUST-0613,Corporate,Quebec,Electronics,Monitor,1,1019.42,0.1,917.48,598.44,319.04,2024,11,Nov,2024-11,34.77351004926538
ORD-00074,2024-09-15,CUST-0277,Consumer,British Columbia,Electronics,Keyboard,5,1776.2,0.2,7104.8,3922.09,3182.71,2024,9,Sep,2024-09,44.79661637203017
ORD-00075,2023-01-06,CUST-0920,Consumer,Alberta,Electronics,Laptop,3,176.61,0.0,529.83,391.11,138.72,2023,1,Jan,2023-01,26.181982900175527
ORD-00076,2025-11-15,CUST-0715,Consumer,Alberta,Clothing,Jacket,3,132.87,0.15,338.82,252.08,86.74,2025,11,Nov,2025-11,25.60061389528363
ORD-00077,2024-07-12,CUST-0140,Corporate,Manitoba,Electronics,Monitor,3,606.29,0.0,1818.87,1361.95,456.92,2024,7,Jul,2024-07,25.12109166680412
ORD-00078,2023-09-18,CUST-0010,Consumer,Alberta,Furniture,Cabinet,3,322.55,0.0,967.65,620.15,347.5,2023,9,Sep,2023-09,35.91174494910349
ORD-00079,2023-11-14,CUST-0911,Corporate,Quebec,Electronics,Monitor,5,190.09,0.0,950.45,552.69,397.76,2023,11,Nov,2023-11,41.849650165710976
ORD-00080,2025-07-06,CUST-0320,Consumer,Manitoba,Electronics,Keyboard,4,1691.17,0.05,6426.45,5142.07,1284.38,2025,7,Jul,2025-07,19.985839771569065
ORD-00081,2025-04-30,CUST-0005,Corporate,Quebec,Electronics,Laptop,4,1359.64,0.0,5438.56,3232.42,2206.14,2025,4,Apr,2025-04,40.564781854020175
ORD-00082,2025-03-10,CUST-0616,Consumer,Ontario,Clothing,Jacket,1,221.76,0.1,199.58,134.13,65.46,2025,3,Mar,2025-03,32.7988776430504
ORD-00083,2023-04-14,CUST-0821,Corporate,British Columbia,Office Supplies,Notebook,1,31.7,0.05,30.12,20.89,9.23,2023,4,Apr,2023-04,30.644090305444887
ORD-00084,2024-04-22,CUST-0669,Small Business,Alberta,Furniture,Bookshelf,2,583.55,0.0,1167.1,892.12,274.98,2024,4,Apr,2024-04,23.560963070859398
ORD-00085,2024-08-20,CUST-0196,Corporate,Manitoba,Clothing,Jacket,5,91.7,0.15,389.72,229.41,160.32,2024,8,Aug,2024-08,41.13722672688083
ORD-00086,2025-08-05,CUST-0216,Consumer,Manitoba,Clothing,Jacket,5,43.67,0.0,218.35,169.99,48.36,2025,8,Aug,2025-08,22.14792763911152
ORD-00087,2025-01-24,CUST-0627,Consumer,Quebec,Furniture,Lamp,4,244.86,0.15,832.52,460.63,371.89,2025,1,Jan,2025-01,44.670398308749334
ORD-00088,2025-03-25,CUST-0023,Consumer,British Columbia,Electronics,Headphones,2,1494.3,0.0,2988.6,1827.18,1161.42,2025,3,Mar,2025-03,38.861674362577794
ORD-00089,2024-11-13,CUST-0828,Small Business,Alberta,Electronics,Headphones,2,280.54,0.1,504.97,280.2,224.77,2024,11,Nov,2024-11,44.511555141889616
ORD-00090,2025-10-10,CUST-0905,Consumer,Ontario,Clothing,Sweater,2,232.17,0.15,394.69,256.98,137.71,2025,10,Oct,2025-10,34.89067369327827
ORD-00091,2025-04-04,CUST-0983,Consumer,British Columbia,Clothing,Jacket,5,46.04,0.0,230.2,138.19,92.01,2025,4,Apr,2025-04,39.96959165942659
ORD-00092,2025-07-25,CUST-0117,Consumer,Alberta,Office Supplies,Folders,5,48.62,0.0,243.1,186.4,56.7,2025,7,Jul,2025-07,23.323735088440973
ORD-00093,2025-07-27,CUST-0640,Consumer,British Columbia,Furniture,Bookshelf,2,834.52,0.05,1585.59,1265.27,320.32,2025,7,Jul,2025-07,20.201943755952044
ORD-00094,2025-09-29,CUST-0063,Corporate,Alberta,Electronics,Laptop,5,914.62,0.2,3658.48,2370.13,1288.35,2025,9,Sep,2025-09,35.21544466554416
ORD-00095,2024-04-20,CUST-0342,Consumer,Ontario,Electronics,Laptop,4,349.23,0.05,1327.07,929.58,397.5,2024,4,Apr,2024-04,29.953205181339342
ORD-00096,2024-10-31,CUST-0032,Consumer,Manitoba,Electronics,Headphones,3,736.27,0.0,2208.81,1750.43,458.38,2024,10,Oct,2024-10,20.752350813333877
ORD-00097,2023-04-24,CUST-0988,Consumer,British Columbia,Furniture,Bookshelf,3,105.85,0.05,301.67,208.63,93.04,2023,4,Apr,2023-04,30.841648158583883
ORD-00098,2023-06-11,CUST-0878,Consumer,Alberta,Electronics,Laptop,3,625.15,0.05,1781.68,1110.17,671.51,2023,6,Jun,2023-06,37.689708589645726
ORD-00099,2023-11-24,CUST-0443,Consumer,Manitoba,Clothing,Sweater,1,113.84,0.0,113.84,69.71,44.13,2023,11,Nov,2023-11,38.76493323963457
ORD-00100,2025-03-24,CUST-0288,Corporate,Alberta,Electronics,Laptop,2,1017.61,0.15,1729.94,1413.28,316.65,2025,3,Mar,2025-03,18.304103032475112
ORD-00101,2023-05-27,CUST-0151,Consumer,British Columbia,Clothing,Sweater,2,113.47,0.0,226.94,130.06,96.88,2023,5,May,2023-05,42.68969771745836
ORD-00102,2025-10-19,CUST-0746,Consumer,Alberta,Office Supplies,Stapler,1,85.95,0.15,73.06,46.92,26.13,2025,10,Oct,2025-10,35.765124555160135
ORD-00103,2025-05-03,CUST-0500,Corporate,Ontario,Clothing,Sweater,1,114.16,0.05,108.45,68.27,40.18,2025,5,May,2025-05,37.04933148916551
ORD-00104,2024-07-05,CUST-0521,Corporate,Ontario,Clothing,Jeans,1,225.75,0.05,214.46,147.63,66.83,2024,7,Jul,2024-07,31.161988249557027
ORD-00105,2025-03-15,CUST-0727,Consumer,Quebec,Electronics,Keyboard,2,779.31,0.05,1480.69,883.01,597.68,2025,3,Mar,2025-03,40.36496498254192
ORD-00106,2024-08-10,CUST-0378,Consumer,Quebec,Furniture,Desk,2,540.04,0.1,972.07,705.61,266.46,2024,8,Aug,2024-08,27.4116061600502
ORD-00107,2024-03-30,CUST-0821,Consumer,Ontario,Electronics,Keyboard,3,1623.53,0.1,4383.53,3121.69,1261.85,2024,3,Mar,2024-03,28.786160925099182
ORD-00108,2024-11-23,CUST-0819,Corporate,Quebec,Furniture,Cabinet,2,705.27,0.0,1410.54,1056.87,353.67,2024,11,Nov,2024-11,25.073376153813438
ORD-00109,2023-04-08,CUST-0227,Consumer,Manitoba,Electronics,Keyboard,4,544.54,0.1,1960.34,1235.45,724.89,2023,4,Apr,2023-04,36.977769162492216
ORD-00110,2025-08-15,CUST-0849,Small Business,British Columbia,Furniture,Desk,4,76.51,0.0,306.04,237.86,68.18,2025,8,Aug,2025-08,22.278133577310154
ORD-00111,2023-03-02,CUST-0217,Corporate,Quebec,Furniture,Desk,1,453.1,0.0,453.1,338.29,114.81,2023,3,Mar,2023-03,25.33877731185169
ORD-00112,2025-05-15,CUST-0102,Consumer,Manitoba,Furniture,Bookshelf,5,746.24,0.0,3731.2,3027.04,704.16,2025,5,May,2025-05,18.87221269296741
ORD-00113,2023-01-12,CUST-0815,Consumer,British Columbia,Electronics,Keyboard,1,1733.1,0.2,1386.48,929.53,456.95,2023,1,Jan,2023-01,32.95756159483007
ORD-00114,2024-04-10,CUST-0537,Consumer,British Columbia,Office Supplies,Folders,5,92.29,0.1,415.31,323.64,91.66,2024,4,Apr,2024-04,22.07026076906407
ORD-00115,2025-09-07,CUST-0794,Consumer,Manitoba,Clothing,Sweater,2,174.08,0.1,313.34,256.89,56.46,2025,9,Sep,2025-09,18.018765558179613
ORD-00116,2025-09-16,CUST-0223,Consumer,British Columbia,Office Supplies,Pens,2,111.31,0.05,211.49,161.73,49.75,2025,9,Sep,2025-09,23.52357085441392
ORD-00117,2025-03-15,CUST-0131,Consumer,Quebec,Electronics,Monitor,3,1172.62,0.1,3166.07,2152.57,1013.5,2025,3,Mar,2025-03,32.01129475974946
ORD-00118,2024-12-22,CUST-0397,Consumer,Manitoba,Office Supplies,Stapler,1,70.83,0.05,67.29,49.03,18.26,2024,12,Dec,2024-12,27.13627582107297
ORD-00119,2025-11-28,CUST-0781,Consumer,Manitoba,Office Supplies,Printer Paper,2,7.81,0.2,12.5,6.87,5.62,2025,11,Nov,2025-11,44.96
ORD-00120,2024-01-12,CUST-0239,Corporate,Ontario,Office Supplies,Folders,4,9.32,0.1,33.55,26.37,7.18,2024,1,Jan,2024-01,21.400894187779436
ORD-00121,2023-11-20,CUST-0670,Corporate,Manitoba,Furniture,Cabinet,1,676.94,0.0,676.94,437.13,239.81,2023,11,Nov,2023-11,35.425591632936445
ORD-00122,2023-07-06,CUST-0964,Small Business,Manitoba,Electronics,Laptop,1,1641.75,0.0,1641.75,1076.56,565.19,2023,7,Jul,2023-07,34.42606974265266
ORD-00123,2024-07-17,CUST-0711,Consumer,Alberta,Electronics,Mouse,3,772.03,0.2,1852.87,1513.94,338.93,2024,7,Jul,2024-07,18.292162968799754
ORD-00124,2025-01-22,CUST-0937,Small Business,Manitoba,Clothing,Sweater,2,211.05,0.0,422.1,275.93,146.17,2025,1,Jan,2025-01,34.6292347784885
ORD-00125,2024-02-23,CUST-0490,Corporate,Ontario,Electronics,Laptop,4,949.73,0.2,3039.14,1814.22,1224.92,2024,2,Feb,2024-02,40.304823074948835
ORD-00126,2025-08-09,CUST-0910,Consumer,Alberta,Electronics,Keyboard,5,431.14,0.05,2047.91,1454.21,593.7,2025,8,Aug,2025-08,28.990531810479954
ORD-00127,2025-08-12,CUST-0537,Consumer,Alberta,Furniture,Bookshelf,4,862.3,0.0,3449.2,2203.5,1245.7,2025,8,Aug,2025-08,36.115621013568365
ORD-00128,2025-08-30,CUST-0688,Small Business,Manitoba,Furniture,Bookshelf,2,664.91,0.05,1263.33,1023.01,240.32,2025,8,Aug,2025-08,19.02274148480603
ORD-00129,2023-02-09,CUST-0040,Consumer,Manitoba,Clothing,Sweater,5,130.53,0.2,522.12,367.71,154.41,2023,2,Feb,2023-02,29.573661227304065
ORD-00130,2025-02-19,CUST-0681,Corporate,Ontario,Office Supplies,Pens,4,104.84,0.15,356.46,279.52,76.93,2025,2,Feb,2025-02,21.581664141839198
ORD-00131,2025-01-30,CUST-0826,Consumer,Quebec,Clothing,Shoes,4,162.28,0.0,649.12,511.4,137.72,2025,1,Jan,2025-01,21.216416070988416
ORD-00132,2023-10-22,CUST-0989,Consumer,Manitoba,Electronics,Keyboard,2,438.52,0.15,745.48,577.51,167.98,2023,10,Oct,2023-10,22.53313301497022
ORD-00133,2025-10-04,CUST-0675,Consumer,Quebec,Office Supplies,Notebook,2,69.38,0.1,124.88,86.89,37.99,2025,10,Oct,2025-10,30.421204356181935
ORD-00134,2025-07-04,CUST-0278,Corporate,Quebec,Furniture,Desk,4,340.59,0.0,1362.36,1026.54,335.82,2025,7,Jul,2025-07,24.649872280454506
ORD-00135,2023-07-29,CUST-0474,Small Business,Manitoba,Clothing,Jacket,1,197.33,0.1,177.6,114.26,63.33,2023,7,Jul,2023-07,35.65878378378378
ORD-00136,2025-05-28,CUST-0033,Consumer,British Columbia,Furniture,Bookshelf,5,160.57,0.05,762.71,433.0,329.7,2025,5,May,2025-05,43.22743900040644
ORD-00137,2023-02-08,CUST-0397,Consumer,Manitoba,Electronics,Monitor,2,315.53,0.2,504.85,335.76,169.09,2023,2,Feb,2023-02,33.49311676735664
ORD-00138,2025-01-17,CUST-0849,Consumer,Manitoba,Office Supplies,Stapler,4,101.59,0.1,365.72,228.13,137.59,2025,1,Jan,2025-01,37.621677786284586
ORD-00139,2024-07-23,CUST-0257,Small Business,Quebec,Clothing,Sweater,3,166.86,0.0,500.58,408.31,92.27,2024,7,Jul,2024-07,18.432618162931
ORD-00140,2025-12-19,CUST-0539,Consumer,Ontario,Electronics,Laptop,4,1185.19,0.1,4266.68,2889.88,1376.8,2025,12,Dec,2025-12,32.26864916047137
ORD-00141,2024-11-23,CUST-0940,Small Business,Quebec,Electronics,Keyboard,4,1526.04,0.0,6104.16,4670.51,1433.65,2024,11,Nov,2024-11,23.486442032974235
ORD-00142,2025-10-13,CUST-0521,Consumer,Manitoba,Office Supplies,Notebook,1,5.14,0.1,4.63,2.85,1.77,2025,10,Oct,2025-10,38.22894168466523
ORD-00143,2023-12-04,CUST-0320,Consumer,British Columbia,Electronics,Keyboard,1,1772.38,0.0,1772.38,1009.48,762.9,2023,12,Dec,2023-12,43.04381678872476
ORD-00144,2024-02-05,CUST-0088,Consumer,Alberta,Office Supplies,Notebook,1,114.55,0.0,114.55,77.86,36.69,2024,2,Feb,2024-02,32.02968136185072
ORD-00145,2024-08-11,CUST-0801,Consumer,Quebec,Office Supplies,Printer Paper,2,94.22,0.0,188.44,129.98,58.46,2024,8,Aug,2024-08,31.023137338144767
ORD-00146,2023-11-13,CUST-0428,Corporate,Ontario,Clothing,T-Shirt,2,178.58,0.15,303.59,170.35,133.24,2023,11,Nov,2023-11,43.888138607991046
ORD-00147,2023-09-08,CUST-0111,Consumer,British Columbia,Clothing,Jacket,2,183.08,0.1,329.54,250.96,78.59,2023,9,Sep,2023-09,23.848394732050735
ORD-00148,2025-05-23,CUST-0700,Consumer,Quebec,Clothing,Shoes,2,157.42,0.05,299.1,167.8,131.3,2025,5,May,2025-05,43.89836175192243
ORD-00149,2024-11-15,CUST-0750,Consumer,Manitoba,Electronics,Mouse,5,316.6,0.1,1424.7,910.15,514.55,2024,11,Nov,2024-11,36.116375377272405
ORD-00150,2025-05-22,CUST-0312,Consumer,Alberta,Office Supplies,Pens,2,23.59,0.1,42.46,27.16,15.3,2025,5,May,2025-05,36.03391427225624
ORD-00151,2023-06-08,CUST-0725,Consumer,Alberta,Electronics,Keyboard,1,424.29,0.15,360.65,215.32,145.33,2023,6,Jun,2023-06,40.29668653819493
ORD-00152,2024-08-30,CUST-0947,Consumer,Quebec,Office Supplies,Stapler,4,47.67,0.05,181.15,126.2,54.94,2024,8,Aug,2024-08,30.328457079768146
ORD-00153,2023-07-05,CUST-0755,Small Business,Alberta,Office Supplies,Stapler,2,105.44,0.15,179.25,130.29,48.96,2023,7,Jul,2023-07,27.313807531380753
ORD-00154,2024-04-22,CUST-0752,Consumer,Alberta,Furniture,Desk,1,586.83,0.0,586.83,436.17,150.66,2024,4,Apr,2024-04,25.673534072900157
ORD-00155,2024-01-16,CUST-0502,Consumer,Ontario,Furniture,Desk,5,203.83,0.0,1019.15,680.83,338.32,2024,1,Jan,2024-01,33.196291026836086
ORD-00156,2024-04-04,CUST-0261,Consumer,Manitoba,Office Supplies,Notebook,1,49.97,0.05,47.47,37.11,10.37,2024,4,Apr,2024-04,21.8453760269644
ORD-00157,2023-05-13,CUST-0361,Consumer,British Columbia,Electronics,Keyboard,2,1594.75,0.05,3030.02,2214.15,815.88,2023,5,May,2023-05,26.92655494023142
ORD-00158,2023-06-14,CUST-0687,Corporate,Alberta,Clothing,Jacket,4,58.42,0.05,222.0,158.39,63.6,2023,6,Jun,2023-06,28.64864864864865
ORD-00159,2025-11-09,CUST-0511,Consumer,Ontario,Furniture,Cabinet,4,508.92,0.0,2035.68,1151.0,884.68,2025,11,Nov,2025-11,43.45869684822762
ORD-00160,2024-05-04,CUST-0012,Consumer,Quebec,Electronics,Headphones,5,1683.29,0.0,8416.45,5957.68,2458.77,2024,5,May,2024-05,29.213860950875958
ORD-00161,2024-05-09,CUST-0223,Consumer,Alberta,Clothing,Jeans,1,24.0,0.1,21.6,16.94,4.66,2024,5,May,2024-05,21.574074074074073
ORD-00162,2023-05-09,CUST-0341,Corporate,Manitoba,Furniture,Lamp,2,172.01,0.0,344.02,251.76,92.26,2023,5,May,2023-05,26.818208243706763
ORD-00163,2023-04-24,CUST-0427,Consumer,Quebec,Furniture,Lamp,2,868.84,0.1,1563.91,1273.38,290.53,2023,4,Apr,2023-04,18.577155974448655
ORD-00164,2025-12-12,CUST-0147,Corporate,Ontario,Clothing,Jacket,1,26.99,0.1,24.29,17.8,6.49,2025,12,Dec,2025-12,26.718814326883493
ORD-00165,2024-08-07,CUST-0781,Consumer,Ontario,Electronics,Mouse,1,316.14,0.15,268.72,219.87,48.85,2024,8,Aug,2024-08,18.17877344447752
ORD-00166,2024-02-01,CUST-0594,Corporate,British Columbia,Electronics,Monitor,4,748.31,0.1,2693.92,2069.25,624.67,2024,2,Feb,2024-02,23.188142186850385
ORD-00167,2023-05-23,CUST-0711,Corporate,Alberta,Clothing,Jacket,1,47.65,0.0,47.65,34.32,13.33,2023,5,May,2023-05,27.974816369359917
ORD-00168,2025-05-16,CUST-0267,Consumer,Quebec,Furniture,Office Chair,1,251.91,0.05,239.31,132.57,106.74,2025,5,May,2025-05,44.6032342986085
ORD-00169,2024-09-20,CUST-0924,Corporate,Ontario,Office Supplies,Notebook,2,48.68,0.2,77.89,60.65,17.23,2024,9,Sep,2024-09,22.12093978687893
ORD-00170,2024-05-12,CUST-0343,Corporate,British Columbia,Furniture,Desk,4,497.63,0.05,1890.99,1241.4,649.6,2024,5,May,2024-05,34.352376268515435
ORD-00171,2023-02-20,CUST-0715,Consumer,Manitoba,Electronics,Keyboard,5,48.35,0.15,205.49,126.53,78.96,2023,2,Feb,2023-02,38.42522750498807
ORD-00172,2025-01-20,CUST-0494,Consumer,Quebec,Furniture,Bookshelf,5,136.21,0.1,612.95,423.69,189.26,2025,1,Jan,2025-01,30.87690676237866
ORD-00173,2025-11-28,CUST-0459,Consumer,Ontario,Office Supplies,Printer Paper,5,50.99,0.05,242.2,141.18,101.02,2025,11,Nov,2025-11,41.70933113129645
ORD-00174,2024-07-12,CUST-0385,Small Business,Manitoba,Office Supplies,Printer Paper,4,110.54,0.05,420.05,322.44,97.61,2024,7,Jul,2024-07,23.2377097964528
ORD-00175,2024-08-06,CUST-0682,Corporate,Ontario,Clothing,Jacket,2,202.56,0.0,405.12,262.28,142.84,2024,8,Aug,2024-08,35.2586887835703
ORD-00176,2023-05-26,CUST-0857,Corporate,Quebec,Electronics,Headphones,3,568.14,0.15,1448.76,1059.45,389.3,2023,5,May,2023-05,26.87125541842679
ORD-00177,2024-10-22,CUST-0631,Consumer,Manitoba,Furniture,Desk,1,180.04,0.1,162.04,126.87,35.17,2024,10,Oct,2024-10,21.704517403110344
ORD-00178,2024-03-16,CUST-0509,Consumer,Quebec,Office Supplies,Stapler,3,28.71,0.0,86.13,56.46,29.67,2024,3,Mar,2024-03,34.44792755137583
ORD-00179,2024-04-03,CUST-0753,Small Business,Alberta,Electronics,Headphones,2,1227.86,0.05,2332.93,1735.12,597.81,2024,4,Apr,2024-04,25.624858011170502
ORD-00180,2025-01-13,CUST-0036,Corporate,Alberta,Clothing,Shoes,2,186.6,0.2,298.56,226.49,72.07,2025,1,Jan,2025-01,24.139201500535904
ORD-00181,2025-08-13,CUST-0828,Corporate,British Columbia,Electronics,Laptop,1,435.05,0.1,391.54,262.12,129.42,2025,8,Aug,2025-08,33.054094090003574
ORD-00182,2024-12-27,CUST-0838,Consumer,Ontario,Office Supplies,Printer Paper,4,83.22,0.0,332.88,213.01,119.87,2024,12,Dec,2024-12,36.0099735640471
ORD-00183,2023-10-14,CUST-0477,Corporate,Quebec,Clothing,Shoes,4,33.83,0.0,135.32,109.56,25.76,2023,10,Oct,2023-10,19.036358261897725
ORD-00184,2024-05-29,CUST-0980,Small Business,Manitoba,Electronics,Laptop,4,1485.49,0.0,5941.96,4334.82,1607.14,2024,5,May,2024-05,27.047304256507953
ORD-00185,2023-10-13,CUST-0321,Consumer,Quebec,Electronics,Keyboard,5,304.01,0.1,1368.04,1036.32,331.72,2023,10,Oct,2023-10,24.24782901084764
ORD-00186,2024-04-25,CUST-0654,Consumer,Manitoba,Office Supplies,Notebook,4,74.98,0.15,254.93,189.0,65.94,2024,4,Apr,2024-04,25.865923979131523
ORD-00187,2023-11-07,CUST-0180,Consumer,British Columbia,Furniture,Lamp,1,344.37,0.1,309.93,196.03,113.9,2023,11,Nov,2023-11,36.750233923789246
ORD-00188,2024-08-16,CUST-0678,Corporate,Quebec,Office Supplies,Stapler,2,102.91,0.05,195.53,128.51,67.02,2024,8,Aug,2024-08,34.276070168260624
ORD-00189,2024-07-31,CUST-0675,Consumer,British Columbia,Clothing,Jeans,4,201.71,0.15,685.81,436.92,248.89,2024,7,Jul,2024-07,36.29139265977457
ORD-00190,2023-06-13,CUST-0822,Corporate,Ontario,Furniture,Cabinet,2,537.09,0.15,913.05,534.85,378.2,2023,6,Jun,2023-06,41.42160889326981
ORD-00191,2024-04-26,CUST-0117,Consumer,Quebec,Office Supplies,Folders,3,41.52,0.05,118.33,69.76,48.57,2024,4,Apr,2024-04,41.04622665427195
ORD-00192,2024-06-26,CUST-0653,Consumer,Quebec,Furniture,Cabinet,4,117.97,0.2,377.5,251.71,125.79,2024,6,Jun,2024-06,33.321854304635764
ORD-00193,2025-02-16,CUST-0517,Consumer,British Columbia,Electronics,Headphones,2,66.22,0.1,119.2,70.45,48.75,2025,2,Feb,2025-02,40.89765100671141
ORD-00194,2025-06-01,CUST-0190,Consumer,Alberta,Office Supplies,Notebook,1,54.49,0.0,54.49,31.76,22.73,2025,6,Jun,2025-06,41.71407597724353
ORD-00195,2025-03-30,CUST-0221,Corporate,Quebec,Office Supplies,Stapler,1,119.62,0.0,119.62,72.92,46.7,2025,3,Mar,2025-03,39.040294265173046
ORD-00196,2024-03-30,CUST-0982,Corporate,Manitoba,Electronics,Mouse,5,749.47,0.05,3559.98,2463.1,1096.88,2024,3,Mar,2024-03,30.81140905285985
ORD-00197,2025-06-19,CUST-0650,Consumer,Manitoba,Electronics,Monitor,5,271.16,0.0,1355.8,840.8,515.0,2025,6,Jun,2025-06,37.98495353296947
ORD-00198,2025-09-21,CUST-0465,Consumer,British Columbia,Clothing,Sweater,2,244.45,0.0,488.9,274.52,214.38,2025,9,Sep,2025-09,43.84945796686439
ORD-00199,2024-09-15,CUST-0564,Corporate,British Columbia,Furniture,Cabinet,5,276.12,0.05,1311.57,774.5,537.07,2024,9,Sep,2024-09,40.948634079767004
ORD-00200,2023-07-11,CUST-0105,Corporate,Ontario,Furniture,Cabinet,2,780.63,0.15,1327.07,1049.53,277.54,2023,7,Jul,2023-07,20.913742304475274
ORD-00201,2023-08-20,CUST-0956,Consumer,British Columbia,Clothing,T-Shirt,5,120.65,0.0,603.25,483.32,119.93,2023,8,Aug,2023-08,19.8806464981351
ORD-00202,2024-04-11,CUST-0856,Consumer,Alberta,Furniture,Bookshelf,1,432.61,0.1,389.35,221.15,168.2,2024,4,Apr,2024-04,43.200205470656215
ORD-00203,2024-02-12,CUST-0435,Consumer,Ontario,Furniture,Lamp,1,90.66,0.1,81.59,59.4,22.2,2024,2,Feb,2024-02,27.209216815786245
ORD-00204,2024-05-13,CUST-0391,Consumer,British Columbia,Clothing,Sweater,4,109.15,0.0,436.6,331.45,105.15,2024,5,May,2024-05,24.083829592304166
ORD-00205,2023-12-26,CUST-0220,Corporate,Quebec,Furniture,Lamp,2,611.26,0.0,1222.52,699.51,523.01,2023,12,Dec,2023-12,42.78130419134247
ORD-00206,2023-04-29,CUST-0378,Consumer,Quebec,Office Supplies,Pens,4,18.96,0.15,64.46,46.66,17.8,2023,4,Apr,2023-04,27.61402420105492
ORD-00207,2025-06-10,CUST-0351,Consumer,Quebec,Furniture,Cabinet,2,298.9,0.1,538.02,380.52,157.5,2025,6,Jun,2025-06,29.274004683840747
ORD-00208,2025-02-28,CUST-0985,Consumer,Alberta,Furniture,Desk,1,240.92,0.05,228.87,159.87,69.0,2025,2,Feb,2025-02,30.14811901953074
ORD-00209,2023-02-08,CUST-0631,Corporate,Ontario,Electronics,Keyboard,5,1600.42,0.0,8002.1,6164.06,1838.04,2023,2,Feb,2023-02,22.969470513990075
ORD-00210,2024-10-08,CUST-0238,Consumer,British Columbia,Furniture,Lamp,5,691.79,0.2,2767.16,2080.94,686.22,2024,10,Oct,2024-10,24.798710591364433
ORD-00211,2023-08-01,CUST-0541,Corporate,British Columbia,Furniture,Bookshelf,4,278.93,0.0,1115.72,663.3,452.42,2023,8,Aug,2023-08,40.54960025812928
ORD-00212,2024-11-26,CUST-0701,Corporate,British Columbia,Clothing,Jeans,4,54.66,0.1,196.78,137.04,59.74,2024,11,Nov,2024-11,30.35877629840431
ORD-00213,2023-05-09,CUST-0656,Corporate,British Columbia,Electronics,Mouse,5,1158.05,0.0,5790.25,3906.22,1884.03,2023,5,May,2023-05,32.53797331721428
ORD-00214,2023-10-29,CUST-0405,Corporate,British Columbia,Clothing,Jeans,2,112.34,0.1,202.21,128.19,74.02,2023,10,Oct,2023-10,36.60550912417783
ORD-00215,2025-11-01,CUST-0566,Corporate,Ontario,Office Supplies,Folders,4,66.95,0.0,267.8,202.31,65.49,2025,11,Nov,2025-11,24.454817027632558
ORD-00216,2024-11-28,CUST-0211,Consumer,Manitoba,Clothing,Jacket,3,176.03,0.15,448.88,303.88,144.99,2024,11,Nov,2024-11,32.300392086972025
ORD-00217,2025-05-20,CUST-0822,Consumer,Alberta,Office Supplies,Printer Paper,3,106.91,0.0,320.73,233.82,86.91,2025,5,May,2025-05,27.09755869422879
ORD-00218,2023-12-02,CUST-0741,Consumer,Alberta,Electronics,Headphones,4,199.13,0.05,756.69,563.98,192.72,2023,12,Dec,2023-12,25.468818142171823
ORD-00219,2023-07-30,CUST-0817,Consumer,Manitoba,Office Supplies,Printer Paper,3,73.93,0.0,221.79,171.39,50.4,2023,7,Jul,2023-07,22.72419856621128
ORD-00220,2023-07-02,CUST-0740,Corporate,Ontario,Office Supplies,Printer Paper,4,86.38,0.05,328.24,219.55,108.7,2023,7,Jul,2023-07,33.11601267365342
ORD-00221,2023-06-10,CUST-0118,Consumer,Alberta,Electronics,Mouse,4,145.39,0.1,523.4,428.96,94.45,2023,6,Jun,2023-06,18.04547191440581
ORD-00222,2025-04-16,CUST-0400,Consumer,Manitoba,Furniture,Bookshelf,4,633.02,0.05,2405.48,1694.43,711.05,2025,4,Apr,2025-04,29.559588938590213
ORD-00223,2024-07-16,CUST-0710,Small Business,Quebec,Clothing,Jeans,1,26.03,0.1,23.43,16.59,6.83,2024,7,Jul,2024-07,29.150661545027745
ORD-00224,2024-12-04,CUST-0917,Consumer,Quebec,Clothing,T-Shirt,5,220.73,0.05,1048.47,712.79,335.67,2024,12,Dec,2024-12,32.01522218089215
ORD-00225,2023-07-07,CUST-0686,Consumer,Alberta,Electronics,Monitor,1,1640.07,0.0,1640.07,927.4,712.67,2023,7,Jul,2023-07,43.45363307663697
ORD-00226,2023-06-12,CUST-0903,Consumer,Quebec,Office Supplies,Stapler,4,6.54,0.0,26.16,14.64,11.52,2023,6,Jun,2023-06,44.03669724770642
ORD-00227,2024-08-18,CUST-0619,Corporate,British Columbia,Electronics,Monitor,4,1526.05,0.0,6104.2,4763.32,1340.88,2024,8,Aug,2024-08,21.966514858621935
ORD-00228,2024-11-02,CUST-0978,Corporate,Alberta,Electronics,Mouse,3,591.31,0.0,1773.93,1406.65,367.28,2024,11,Nov,2024-11,20.704311895057863
ORD-00229,2023-11-10,CUST-0165,Small Business,Manitoba,Electronics,Headphones,4,127.24,0.15,432.62,310.88,121.74,2023,11,Nov,2023-11,28.1401692016088
ORD-00230,2024-03-20,CUST-0384,Consumer,Quebec,Office Supplies,Printer Paper,1,26.99,0.05,25.64,20.83,4.81,2024,3,Mar,2024-03,18.759750390015597
ORD-00231,2023-01-28,CUST-0354,Corporate,Ontario,Office Supplies,Printer Paper,1,15.22,0.05,14.46,8.4,6.06,2023,1,Jan,2023-01,41.90871369294605
ORD-00232,2023-01-22,CUST-0514,Corporate,Quebec,Office Supplies,Notebook,2,67.51,0.05,128.27,76.29,51.98,2023,1,Jan,2023-01,40.52389490917595
ORD-00233,2024-07-24,CUST-0956,Consumer,British Columbia,Electronics,Keyboard,4,1183.97,0.0,4735.88,3260.06,1475.82,2024,7,Jul,2024-07,31.162529455982835
ORD-00234,2025-01-13,CUST-0376,Small Business,Alberta,Office Supplies,Folders,4,23.94,0.15,81.4,56.18,25.21,2025,1,Jan,2025-01,30.970515970515972
ORD-00235,2025-12-03,CUST-0066,Consumer,Alberta,Clothing,Jeans,2,237.73,0.15,404.14,283.16,120.98,2025,12,Dec,2025-12,29.93517098035334
ORD-00236,2025-02-17,CUST-0307,Consumer,Quebec,Office Supplies,Stapler,3,56.95,0.05,162.31,123.26,39.05,2025,2,Feb,2025-02,24.058899636498058
ORD-00237,2024-07-12,CUST-0905,Consumer,Quebec,Electronics,Mouse,4,1434.39,0.0,5737.56,3639.53,2098.03,2024,7,Jul,2024-07,36.566589281855
ORD-00238,2023-10-10,CUST-0259,Consumer,Ontario,Electronics,Mouse,2,1019.55,0.0,2039.1,1593.43,445.67,2023,10,Oct,2023-10,21.856211073512828
ORD-00239,2024-06-27,CUST-0366,Consumer,British Columbia,Office Supplies,Folders,3,89.25,0.0,267.75,204.99,62.76,2024,6,Jun,2024-06,23.439775910364144
ORD-00240,2025-07-12,CUST-0260,Small Business,British Columbia,Furniture,Office Chair,5,405.1,0.1,1822.95,1315.01,507.94,2025,7,Jul,2025-07,27.86362763652322
ORD-00241,2025-10-18,CUST-0930,Corporate,Manitoba,Electronics,Keyboard,3,1247.31,0.05,3554.83,2645.6,909.24,2025,10,Oct,2025-10,25.577594427862937
ORD-00242,2025-07-31,CUST-0377,Corporate,Ontario,Furniture,Office Chair,2,746.2,0.0,1492.4,1126.89,365.51,2025,7,Jul,2025-07,24.4914232109354
ORD-00243,2023-06-05,CUST-0277,Corporate,Ontario,Furniture,Desk,4,746.37,0.0,2985.48,1782.08,1203.4,2023,6,Jun,2023-06,40.30842611573349
ORD-00244,2023-10-06,CUST-0953,Corporate,Ontario,Electronics,Mouse,3,1632.96,0.05,4653.94,3500.61,1153.32,2023,10,Oct,2023-10,24.781582916840357
ORD-00245,2025-12-25,CUST-0272,Consumer,Alberta,Clothing,Jeans,3,214.06,0.1,577.96,337.58,240.38,2025,12,Dec,2025-12,41.591113571873485
ORD-00246,2024-05-30,CUST-0191,Small Business,Manitoba,Office Supplies,Notebook,1,80.36,0.15,68.31,42.72,25.59,2024,5,May,2024-05,37.46157224418094
ORD-00247,2024-01-28,CUST-0551,Corporate,Manitoba,Electronics,Headphones,4,755.66,0.2,2418.11,1898.76,519.35,2024,1,Jan,2024-01,21.4775175653713
ORD-00248,2025-06-06,CUST-0354,Consumer,Alberta,Clothing,Jeans,3,228.65,0.0,685.95,408.59,277.36,2025,6,Jun,2025-06,40.43443399664699
ORD-00249,2023-09-27,CUST-0856,Small Business,Ontario,Furniture,Bookshelf,3,400.85,0.05,1142.42,641.3,501.13,2023,9,Sep,2023-09,43.86565361250678
ORD-00250,2025-12-22,CUST-0327,Consumer,Alberta,Electronics,Keyboard,3,1492.96,0.15,3807.05,2112.39,1694.66,2025,12,Dec,2025-12,44.51373110413575
ORD-00251,2024-11-06,CUST-0829,Consumer,Ontario,Clothing,Shoes,4,166.07,0.0,664.28,491.56,172.72,2024,11,Nov,2024-11,26.001083880291443
ORD-00252,2023-08-10,CUST-0334,Consumer,British Columbia,Electronics,Mouse,3,566.73,0.0,1700.19,1039.01,661.18,2023,8,Aug,2023-08,38.88859480411013
ORD-00253,2024-04-21,CUST-0016,Corporate,Alberta,Clothing,T-Shirt,1,173.6,0.2,138.88,99.86,39.02,2024,4,Apr,2024-04,28.09619815668203
ORD-00254,2025-10-09,CUST-0963,Consumer,Manitoba,Office Supplies,Printer Paper,5,70.94,0.0,354.7,274.7,80.0,2025,10,Oct,2025-10,22.554271215111363
ORD-00255,2023-11-28,CUST-0424,Small Business,Ontario,Electronics,Keyboard,1,1498.69,0.0,1498.69,1105.29,393.4,2023,11,Nov,2023-11,26.249591309743842
ORD-00256,2023-06-28,CUST-0669,Consumer,Alberta,Furniture,Cabinet,5,426.87,0.1,1920.92,1363.39,557.53,2023,6,Jun,2023-06,29.024113445640626
ORD-00257,2023-08-02,CUST-0951,Consumer,Ontario,Electronics,Mouse,4,895.73,0.2,2866.34,2041.34,825.0,2023,8,Aug,2023-08,28.782349616584213
ORD-00258,2025-01-22,CUST-0093,Corporate,British Columbia,Electronics,Monitor,3,1636.53,0.0,4909.59,3988.13,921.46,2025,1,Jan,2025-01,18.76857334319159
ORD-00259,2024-07-08,CUST-0881,Corporate,Ontario,Furniture,Cabinet,5,225.94,0.05,1073.21,837.77,235.45,2024,7,Jul,2024-07,21.938856328211624
ORD-00260,2025-03-27,CUST-0777,Corporate,Manitoba,Furniture,Lamp,2,422.76,0.0,845.52,677.75,167.77,2025,3,Mar,2025-03,19.842227268426534
ORD-00261,2023-01-01,CUST-0127,Consumer,British Columbia,Furniture,Office Chair,3,75.22,0.0,225.66,151.57,74.09,2023,1,Jan,2023-01,32.832579987591956
ORD-00262,2023-04-13,CUST-0602,Small Business,Manitoba,Furniture,Lamp,4,656.93,0.1,2364.95,1490.19,874.76,2023,4,Apr,2023-04,36.988519841857126
ORD-00263,2025-04-29,CUST-0852,Consumer,Alberta,Electronics,Keyboard,5,38.71,0.15,164.52,92.29,72.23,2025,4,Apr,2025-04,43.90347678093849
ORD-00264,2023-11-28,CUST-0113,Consumer,Ontario,Furniture,Cabinet,3,363.7,0.1,981.99,685.81,296.18,2023,11,Nov,2023-11,30.16120327090907
ORD-00265,2023-07-29,CUST-0910,Consumer,Ontario,Clothing,Sweater,2,176.09,0.15,299.35,213.03,86.32,2023,7,Jul,2023-07,28.835810923667943
ORD-00266,2023-10-23,CUST-0387,Corporate,Ontario,Office Supplies,Stapler,3,24.76,0.1,66.85,46.33,20.52,2023,10,Oct,2023-10,30.69558713537771
ORD-00267,2023-02-18,CUST-0574,Consumer,Ontario,Furniture,Bookshelf,5,431.53,0.05,2049.77,1631.07,418.69,2023,2,Feb,2023-02,20.426194158368986
ORD-00268,2024-01-10,CUST-0611,Consumer,Quebec,Office Supplies,Notebook,5,12.75,0.1,57.38,38.22,19.16,2024,1,Jan,2024-01,33.391425583827115
ORD-00269,2025-12-22,CUST-0041,Consumer,British Columbia,Office Supplies,Stapler,3,96.81,0.05,275.91,194.9,81.01,2025,12,Dec,2025-12,29.36102352216302
ORD-00270,2024-03-15,CUST-0290,Consumer,Alberta,Office Supplies,Printer Paper,4,47.56,0.05,180.73,125.06,55.67,2024,3,Mar,2024-03,30.80285508769989
ORD-00271,2025-10-03,CUST-0914,Consumer,British Columbia,Electronics,Laptop,4,645.47,0.0,2581.88,1780.61,801.27,2025,10,Oct,2025-10,31.034362557516225
ORD-00272,2025-04-16,CUST-0031,Consumer,British Columbia,Electronics,Headphones,4,972.37,0.1,3500.53,2454.28,1046.25,2025,4,Apr,2025-04,29.88833119556181
ORD-00273,2023-09-19,CUST-0987,Corporate,Manitoba,Furniture,Lamp,3,376.58,0.0,1129.74,903.7,226.04,2023,9,Sep,2023-09,20.00814346663834
ORD-00274,2024-10-07,CUST-0087,Corporate,Alberta,Electronics,Headphones,5,1509.62,0.2,6038.48,3833.05,2205.43,2024,10,Oct,2024-10,36.522932923517175
ORD-00275,2023-03-09,CUST-0278,Small Business,Ontario,Furniture,Lamp,4,295.14,0.0,1180.56,958.73,221.83,2023,3,Mar,2023-03,18.79023514264417
ORD-00276,2025-01-31,CUST-0554,Consumer,Alberta,Office Supplies,Printer Paper,5,24.36,0.15,103.53,69.25,34.28,2025,1,Jan,2025-01,33.11117550468463
ORD-00277,2024-04-27,CUST-0637,Consumer,Quebec,Electronics,Keyboard,3,1019.36,0.0,3058.08,2163.3,894.78,2024,4,Apr,2024-04,29.259535394757496
ORD-00278,2025-01-31,CUST-0761,Consumer,Manitoba,Furniture,Bookshelf,3,715.03,0.15,1823.33,1309.73,513.6,2025,1,Jan,2025-01,28.168241623842093
ORD-00279,2023-09-24,CUST-0091,Consumer,Alberta,Electronics,Headphones,4,874.34,0.2,2797.89,1638.84,1159.05,2023,9,Sep,2023-09,41.425860201794926
ORD-00280,2025-10-14,CUST-0558,Small Business,Ontario,Electronics,Keyboard,5,1004.55,0.15,4269.34,2666.02,1603.32,2025,10,Oct,2025-10,37.55428239493692
ORD-00281,2024-02-11,CUST-0695,Consumer,British Columbia,Clothing,T-Shirt,4,245.63,0.15,835.14,570.25,264.89,2024,2,Feb,2024-02,31.71803529947075
ORD-00282,2025-02-10,CUST-0604,Corporate,British Columbia,Clothing,Jeans,3,152.77,0.15,389.56,262.22,127.34,2025,2,Feb,2025-02,32.68816100215628
ORD-00283,2025-04-19,CUST-0864,Consumer,British Columbia,Electronics,Laptop,5,139.97,0.05,664.86,517.71,147.15,2025,4,Apr,2025-04,22.132479018139158
ORD-00284,2023-01-22,CUST-0480,Corporate,British Columbia,Furniture,Lamp,5,875.8,0.2,3503.2,1944.84,1558.36,2023,1,Jan,2023-01,44.48390043388902
ORD-00285,2024-11-26,CUST-0664,Consumer,British Columbia,Clothing,T-Shirt,5,50.92,0.05,241.87,185.56,56.31,2024,11,Nov,2024-11,23.28110141811717
ORD-00286,2025-06-29,CUST-0001,Consumer,Manitoba,Clothing,T-Shirt,3,210.55,0.1,568.49,440.7,127.78,2025,6,Jun,2025-06,22.477088427237067
ORD-00287,2025-03-12,CUST-0535,Consumer,Alberta,Clothing,Jacket,4,196.21,0.1,706.36,408.41,297.95,2025,3,Mar,2025-03,42.18104082903901
ORD-00288,2023-02-14,CUST-0992,Small Business,British Columbia,Furniture,Bookshelf,3,346.5,0.1,935.55,660.31,275.24,2023,2,Feb,2023-02,29.42012719790498
ORD-00289,2023-11-18,CUST-0188,Consumer,Manitoba,Clothing,T-Shirt,2,37.68,0.15,64.06,47.46,16.6,2023,11,Nov,2023-11,25.913206369029034
ORD-00290,2025-11-16,CUST-0894,Consumer,Manitoba,Office Supplies,Stapler,3,104.29,0.15,265.94,212.99,52.95,2025,11,Nov,2025-11,19.910506129202076
ORD-00291,2024-12-26,CUST-0787,Consumer,Quebec,Clothing,Jacket,5,167.31,0.0,836.55,508.58,327.97,2024,12,Dec,2024-12,39.20506843583767
ORD-00292,2024-02-12,CUST-0053,Consumer,Alberta,Office Supplies,Stapler,2,78.27,0.0,156.54,116.27,40.27,2024,2,Feb,2024-02,25.725054299220652
ORD-00293,2025-05-22,CUST-0075,Corporate,Ontario,Electronics,Monitor,2,743.55,0.0,1487.1,1070.68,416.42,2025,5,May,2025-05,28.002151839150024
ORD-00294,2025-03-28,CUST-0343,Consumer,Manitoba,Electronics,Monitor,2,1417.02,0.0,2834.04,2099.69,734.35,2025,3,Mar,2025-03,25.911772593188527
ORD-00295,2024-03-03,CUST-0923,Consumer,Quebec,Clothing,Sweater,1,234.1,0.05,222.4,138.55,83.84,2024,3,Mar,2024-03,37.697841726618705
ORD-00296,2023-08-06,CUST-0471,Consumer,Alberta,Clothing,Sweater,4,117.15,0.1,421.74,245.17,176.57,2023,8,Aug,2023-08,41.86702707829468
ORD-00297,2024-06-06,CUST-0929,Small Business,Ontario,Office Supplies,Printer Paper,5,21.0,0.1,94.5,68.98,25.52,2024,6,Jun,2024-06,27.005291005291003
ORD-00298,2025-05-20,CUST-0101,Consumer,Ontario,Electronics,Headphones,3,874.09,0.1,2360.04,1328.73,1031.31,2025,5,May,2025-05,43.69883561295571
ORD-00299,2023-07-29,CUST-0013,Consumer,Alberta,Furniture,Desk,3,589.26,0.05,1679.39,947.4,731.99,2023,7,Jul,2023-07,43.58665944182113
ORD-00300,2024-09-12,CUST-0100,Corporate,Manitoba,Clothing,Jacket,3,171.19,0.1,462.21,335.05,127.16,2024,9,Sep,2024-09,27.5113043854525
ORD-00301,2024-05-02,CUST-0540,Consumer,Ontario,Electronics,Mouse,4,1338.62,0.2,4283.58,2416.34,1867.24,2024,5,May,2024-05,43.590641472786785
ORD-00302,2024-07-18,CUST-0650,Consumer,Manitoba,Clothing,Shoes,5,29.89,0.0,149.45,86.7,62.75,2024,7,Jul,2024-07,41.98728671796588
ORD-00303,2024-11-05,CUST-0138,Consumer,Ontario,Office Supplies,Folders,2,48.6,0.0,97.2,56.72,40.48,2024,11,Nov,2024-11,41.64609053497942
ORD-00304,2023-08-18,CUST-0858,Corporate,Alberta,Clothing,Shoes,3,22.28,0.15,56.81,31.89,24.93,2023,8,Aug,2023-08,43.88311916916036
ORD-00305,2023-06-24,CUST-0682,Corporate,Quebec,Electronics,Laptop,2,955.09,0.15,1623.65,1145.24,478.42,2023,6,Jun,2023-06,29.4657099744403
ORD-00306,2024-12-20,CUST-0012,Consumer,Alberta,Electronics,Headphones,2,638.28,0.0,1276.56,923.34,353.22,2024,12,Dec,2024-12,27.66967475089303
ORD-00307,2024-12-29,CUST-0983,Consumer,Manitoba,Furniture,Cabinet,1,770.0,0.05,731.5,566.21,165.29,2024,12,Dec,2024-12,22.596035543403964
ORD-00308,2024-04-15,CUST-0412,Corporate,Alberta,Furniture,Cabinet,5,814.54,0.0,4072.7,2511.16,1561.54,2024,4,Apr,2024-04,38.34164068062956
ORD-00309,2023-10-05,CUST-0540,Consumer,British Columbia,Clothing,Jacket,4,75.01,0.05,285.04,230.87,54.17,2023,10,Oct,2023-10,19.004350266629245
ORD-00310,2024-04-05,CUST-0267,Corporate,Alberta,Office Supplies,Printer Paper,1,108.05,0.15,91.84,64.85,26.99,2024,4,Apr,2024-04,29.38806620209059
ORD-00311,2024-07-12,CUST-0216,Consumer,Quebec,Furniture,Cabinet,1,596.4,0.0,596.4,475.76,120.64,2024,7,Jul,2024-07,20.2280348759222
ORD-00312,2025-08-03,CUST-0673,Consumer,Quebec,Office Supplies,Printer Paper,4,5.9,0.0,23.6,13.26,10.34,2025,8,Aug,2025-08,43.813559322033896
ORD-00313,2023-07-29,CUST-0446,Consumer,Manitoba,Electronics,Headphones,5,1710.11,0.1,7695.5,6162.08,1533.42,2023,7,Jul,2023-07,19.926190630888183
ORD-00314,2023-11-27,CUST-0620,Corporate,British Columbia,Furniture,Bookshelf,5,190.89,0.05,906.73,718.47,188.26,2023,11,Nov,2023-11,20.762520265128536
ORD-00315,2024-03-21,CUST-0832,Consumer,British Columbia,Furniture,Cabinet,4,866.53,0.2,2772.9,2269.9,503.0,2024,3,Mar,2024-03,18.139853582891558
ORD-00316,2025-03-07,CUST-0883,Small Business,Quebec,Furniture,Desk,2,554.53,0.2,887.25,533.53,353.72,2025,3,Mar,2025-03,39.867004790081715
ORD-00317,2023-01-08,CUST-0362,Corporate,Alberta,Office Supplies,Pens,2,64.97,0.2,103.95,68.2,35.75,2023,1,Jan,2023-01,34.39153439153439
ORD-00318,2023-04-03,CUST-0854,Consumer,Ontario,Electronics,Laptop,1,843.78,0.0,843.78,592.82,250.96,2023,4,Apr,2023-04,29.74234990163313
ORD-00319,2023-06-19,CUST-0728,Consumer,Quebec,Clothing,Shoes,4,102.12,0.0,408.48,294.63,113.85,2023,6,Jun,2023-06,27.871621621621617
ORD-00320,2023-01-10,CUST-0653,Small Business,British Columbia,Furniture,Bookshelf,3,265.75,0.0,797.25,542.0,255.25,2023,1,Jan,2023-01,32.016306052053935
ORD-00321,2024-09-20,CUST-0404,Consumer,British Columbia,Clothing,Jacket,5,30.33,0.05,144.07,103.95,40.11,2024,9,Sep,2024-09,27.840633025612547
ORD-00322,2024-11-23,CUST-0980,Consumer,Alberta,Clothing,Jeans,1,83.38,0.15,70.87,43.78,27.09,2024,11,Nov,2024-11,38.22491886552843
ORD-00323,2025-11-30,CUST-0315,Consumer,Quebec,Clothing,Jacket,5,64.07,0.2,256.28,142.86,113.42,2025,11,Nov,2025-11,44.256282191353215
ORD-00324,2025-04-03,CUST-0651,Consumer,British Columbia,Clothing,T-Shirt,1,176.3,0.2,141.04,99.72,41.32,2025,4,Apr,2025-04,29.296653431650597
ORD-00325,2024-07-05,CUST-0154,Consumer,Alberta,Furniture,Bookshelf,4,290.12,0.05,1102.46,875.37,227.09,2024,7,Jul,2024-07,20.598479763438128
ORD-00326,2023-04-22,CUST-0368,Small Business,Alberta,Clothing,Shoes,4,134.43,0.0,537.72,332.81,204.91,2023,4,Apr,2023-04,38.10719333482109
ORD-00327,2023-02-09,CUST-0280,Consumer,Alberta,Office Supplies,Pens,3,12.94,0.05,36.88,24.36,12.52,2023,2,Feb,2023-02,33.94793926247288
ORD-00328,2024-09-19,CUST-0248,Consumer,Manitoba,Office Supplies,Printer Paper,2,99.85,0.15,169.74,118.07,51.68,2024,9,Sep,2024-09,30.446565335218565
ORD-00329,2024-11-10,CUST-0326,Consumer,Manitoba,Furniture,Lamp,1,700.71,0.1,630.64,357.29,273.34,2024,11,Nov,2024-11,43.343270328555114
ORD-00330,2024-02-24,CUST-0511,Corporate,Manitoba,Electronics,Keyboard,4,1593.03,0.2,5097.7,3112.45,1985.25,2024,2,Feb,2024-02,38.94403358377308
ORD-00331,2024-05-10,CUST-0206,Small Business,Alberta,Office Supplies,Printer Paper,5,39.84,0.1,179.28,138.14,41.14,2024,5,May,2024-05,22.947344935296744
ORD-00332,2023-02-01,CUST-0938,Consumer,Ontario,Clothing,Sweater,1,144.77,0.05,137.53,91.03,46.5,2023,2,Feb,2023-02,33.81080491529121
ORD-00333,2025-07-05,CUST-0153,Consumer,Ontario,Electronics,Monitor,1,885.5,0.1,796.95,502.14,294.81,2025,7,Jul,2025-07,36.9922830792396
ORD-00334,2025-10-21,CUST-0104,Consumer,Quebec,Furniture,Office Chair,1,196.28,0.2,157.02,121.45,35.58,2025,10,Oct,2025-10,22.659533817348105
ORD-00335,2023-09-19,CUST-0582,Corporate,Manitoba,Office Supplies,Notebook,3,36.52,0.0,109.56,64.46,45.1,2023,9,Sep,2023-09,41.164658634538156
ORD-00336,2025-05-13,CUST-0963,Corporate,Quebec,Clothing,Jacket,5,187.22,0.2,748.88,512.23,236.65,2025,5,May,2025-05,31.600523448349538
ORD-00337,2024-12-28,CUST-0759,Corporate,British Columbia,Electronics,Keyboard,2,1515.83,0.1,2728.49,2121.91,606.58,2024,12,Dec,2024-12,22.231344076760408
ORD-00338,2024-01-25,CUST-0336,Consumer,British Columbia,Office Supplies,Notebook,3,116.21,0.05,331.2,209.78,121.42,2024,1,Jan,2024-01,36.660628019323674
ORD-00339,2025-11-11,CUST-0151,Corporate,Manitoba,Clothing,Jeans,1,222.25,0.0,222.25,140.83,81.42,2025,11,Nov,2025-11,36.63442069741282
ORD-00340,2023-04-23,CUST-0840,Consumer,Manitoba,Electronics,Keyboard,3,1536.45,0.1,4148.42,2558.86,1589.56,2023,4,Apr,2023-04,38.31723885238235
ORD-00341,2023-04-28,CUST-0069,Consumer,Ontario,Electronics,Keyboard,1,761.57,0.05,723.49,569.43,154.06,2023,4,Apr,2023-04,21.2940054458251
ORD-00342,2024-03-27,CUST-0679,Small Business,Alberta,Electronics,Laptop,5,1244.81,0.0,6224.05,3768.4,2455.65,2024,3,Mar,2024-03,39.4542138960966
ORD-00343,2025-04-10,CUST-0338,Consumer,Ontario,Office Supplies,Pens,5,95.31,0.0,476.55,297.85,178.7,2025,4,Apr,2025-04,37.4986884901899
ORD-00344,2024-11-11,CUST-0318,Corporate,Quebec,Electronics,Headphones,2,1759.59,0.2,2815.34,1634.57,1180.78,2024,11,Nov,2024-11,41.940937861856824
ORD-00345,2023-07-27,CUST-0098,Corporate,Quebec,Office Supplies,Notebook,4,44.85,0.0,179.4,128.0,51.4,2023,7,Jul,2023-07,28.65105908584169
ORD-00346,2024-07-06,CUST-0987,Consumer,Alberta,Office Supplies,Printer Paper,3,74.42,0.0,223.26,180.14,43.12,2024,7,Jul,2024-07,19.31380453283168
ORD-00347,2023-03-14,CUST-0719,Corporate,Ontario,Furniture,Bookshelf,5,601.23,0.0,3006.15,2436.65,569.5,2023,3,Mar,2023-03,18.944497114249124
ORD-00348,2023-09-23,CUST-0985,Corporate,British Columbia,Furniture,Bookshelf,5,558.02,0.0,2790.1,1622.74,1167.36,2023,9,Sep,2023-09,41.83936059639439
ORD-00349,2025-05-30,CUST-0284,Consumer,Ontario,Office Supplies,Folders,4,28.3,0.1,101.88,74.74,27.14,2025,5,May,2025-05,26.639183352964274
ORD-00350,2023-09-19,CUST-0928,Small Business,Ontario,Furniture,Bookshelf,4,863.94,0.1,3110.18,2228.94,881.25,2023,9,Sep,2023-09,28.334372930184102
ORD-00351,2024-01-02,CUST-0409,Consumer,Manitoba,Furniture,Bookshelf,3,418.55,0.15,1067.3,611.31,455.99,2024,1,Jan,2024-01,42.723695305912116
ORD-00352,2023-07-31,CUST-0170,Consumer,Ontario,Furniture,Bookshelf,4,57.7,0.1,207.72,150.01,57.71,2023,7,Jul,2023-07,27.782591950702866
ORD-00353,2025-03-12,CUST-0944,Consumer,Manitoba,Clothing,Shoes,1,23.16,0.0,23.16,14.43,8.73,2025,3,Mar,2025-03,37.69430051813472
ORD-00354,2024-09-30,CUST-0338,Corporate,British Columbia,Furniture,Desk,2,557.53,0.05,1059.31,677.87,381.44,2024,9,Sep,2024-09,36.008345054799825
ORD-00355,2024-11-21,CUST-0776,Corporate,Ontario,Electronics,Keyboard,1,1123.62,0.0,1123.62,917.62,206.0,2024,11,Nov,2024-11,18.333600327512862
ORD-00356,2024-10-10,CUST-0549,Consumer,British Columbia,Clothing,Jeans,1,143.82,0.15,122.25,97.45,24.8,2024,10,Oct,2024-10,20.286298568507156
ORD-00357,2023-04-02,CUST-0420,Consumer,British Columbia,Furniture,Lamp,3,792.66,0.1,2140.18,1424.19,715.99,2023,4,Apr,2023-04,33.45466269192311
ORD-00358,2025-04-02,CUST-0988,Corporate,Quebec,Office Supplies,Folders,5,39.62,0.05,188.2,104.95,83.25,2025,4,Apr,2025-04,44.23485653560043
ORD-00359,2024-03-30,CUST-0242,Corporate,Alberta,Furniture,Lamp,5,186.39,0.15,792.16,637.28,154.88,2024,3,Mar,2024-03,19.551605736214906
ORD-00360,2023-10-04,CUST-0746,Corporate,Quebec,Furniture,Cabinet,4,295.81,0.2,946.59,633.93,312.67,2023,10,Oct,2023-10,33.03119618842371
ORD-00361,2023-11-10,CUST-0362,Small Business,Ontario,Clothing,Jacket,5,210.47,0.0,1052.35,679.5,372.85,2023,11,Nov,2023-11,35.43022758587922
ORD-00362,2024-09-21,CUST-0425,Corporate,Ontario,Electronics,Headphones,3,728.17,0.15,1856.83,1196.17,660.66,2024,9,Sep,2024-09,35.579993860504196
ORD-00363,2024-11-02,CUST-0653,Corporate,Manitoba,Furniture,Bookshelf,1,402.34,0.0,402.34,294.47,107.87,2024,11,Nov,2024-11,26.810657652731525
ORD-00364,2024-12-21,CUST-0289,Consumer,Quebec,Electronics,Headphones,4,1303.58,0.05,4953.6,2940.3,2013.3,2024,12,Dec,2024-12,40.64316860465116
ORD-00365,2025-10-31,CUST-0234,Consumer,British Columbia,Clothing,T-Shirt,4,101.48,0.1,365.33,212.61,152.72,2025,10,Oct,2025-10,41.803301125010265
ORD-00366,2023-01-19,CUST-0958,Corporate,Quebec,Furniture,Cabinet,3,536.13,0.1,1447.55,958.65,488.9,2023,1,Jan,2023-01,33.77430831404787
ORD-00367,2023-08-27,CUST-0944,Consumer,Ontario,Electronics,Monitor,5,613.13,0.15,2605.8,1877.44,728.37,2023,8,Aug,2023-08,27.951876583007135
ORD-00368,2023-11-01,CUST-0794,Corporate,Quebec,Furniture,Lamp,2,336.63,0.05,639.6,371.51,268.08,2023,11,Nov,2023-11,41.91369606003752
ORD-00369,2024-06-24,CUST-0387,Corporate,Quebec,Furniture,Lamp,1,710.02,0.15,603.52,441.64,161.88,2024,6,Jun,2024-06,26.822640509013784
ORD-00370,2023-12-02,CUST-0505,Consumer,Alberta,Electronics,Laptop,1,1325.77,0.05,1259.48,977.05,282.44,2023,12,Dec,2023-12,22.425127830533235
ORD-00371,2025-06-17,CUST-0429,Consumer,Ontario,Furniture,Office Chair,5,501.84,0.0,2509.2,1959.29,549.91,2025,6,Jun,2025-06,21.91575003985334
ORD-00372,2025-01-20,CUST-0716,Consumer,Alberta,Clothing,Jeans,2,84.6,0.0,169.2,133.14,36.06,2025,1,Jan,2025-01,21.312056737588655
ORD-00373,2024-06-15,CUST-0335,Small Business,British Columbia,Clothing,Shoes,5,169.11,0.05,803.27,553.14,250.13,2024,6,Jun,2024-06,31.13896946232276
ORD-00374,2025-04-22,CUST-0572,Corporate,British Columbia,Electronics,Keyboard,3,423.5,0.1,1143.45,744.51,398.94,2025,4,Apr,2025-04,34.88915125278761
ORD-00375,2023-11-13,CUST-0482,Consumer,Ontario,Clothing,Jeans,1,211.21,0.05,200.65,144.6,56.05,2023,11,Nov,2023-11,27.93421380513331
ORD-00376,2024-04-29,CUST-0480,Consumer,Alberta,Office Supplies,Notebook,5,72.13,0.05,342.62,220.84,121.78,2024,4,Apr,2024-04,35.54375109450703
ORD-00377,2024-12-27,CUST-0400,Corporate,Manitoba,Office Supplies,Stapler,4,27.42,0.05,104.2,61.77,42.42,2024,12,Dec,2024-12,40.71017274472169
ORD-00378,2023-09-24,CUST-0682,Consumer,British Columbia,Office Supplies,Stapler,5,103.05,0.1,463.72,274.64,189.08,2023,9,Sep,2023-09,40.77460536530665
ORD-00379,2024-08-15,CUST-0336,Consumer,Quebec,Electronics,Headphones,4,414.32,0.1,1491.55,1120.68,370.87,2024,8,Aug,2024-08,24.86473802420301
ORD-00380,2023-07-14,CUST-0239,Small Business,Manitoba,Furniture,Desk,1,433.16,0.0,433.16,319.21,113.95,2023,7,Jul,2023-07,26.306676516760554
ORD-00381,2025-06-21,CUST-0868,Consumer,Manitoba,Furniture,Lamp,5,752.03,0.1,3384.14,2061.12,1323.02,2025,6,Jun,2025-06,39.09471830361628
ORD-00382,2024-01-27,CUST-0161,Consumer,Manitoba,Clothing,Shoes,4,126.15,0.15,428.91,322.5,106.41,2024,1,Jan,2024-01,24.809400573546895
ORD-00383,2023-02-25,CUST-0902,Consumer,Manitoba,Clothing,Jeans,4,209.6,0.0,838.4,612.07,226.33,2023,2,Feb,2023-02,26.995467557251914
ORD-00384,2024-11-18,CUST-0893,Corporate,Alberta,Furniture,Lamp,2,751.6,0.1,1352.88,1040.95,311.93,2024,11,Nov,2024-11,23.056738217728103
ORD-00385,2023-09-10,CUST-0351,Consumer,British Columbia,Furniture,Bookshelf,2,735.67,0.0,1471.34,994.29,477.05,2023,9,Sep,2023-09,32.42282545162913
ORD-00386,2025-03-13,CUST-0501,Consumer,Quebec,Electronics,Keyboard,3,1533.8,0.0,4601.4,2630.44,1970.96,2025,3,Mar,2025-03,42.83392011127049
ORD-00387,2023-05-18,CUST-0709,Consumer,Alberta,Office Supplies,Stapler,3,9.48,0.0,28.44,22.85,5.59,2023,5,May,2023-05,19.655414908579463
ORD-00388,2023-07-30,CUST-0048,Small Business,British Columbia,Clothing,Jeans,2,121.73,0.0,243.46,171.95,71.51,2023,7,Jul,2023-07,29.37238150004108
ORD-00389,2023-06-19,CUST-0562,Corporate,Ontario,Clothing,Shoes,3,141.37,0.05,402.9,269.8,133.11,2023,6,Jun,2023-06,33.037974683544306
ORD-00390,2023-10-04,CUST-0471,Corporate,Ontario,Furniture,Bookshelf,3,757.91,0.1,2046.36,1331.65,714.7,2023,10,Oct,2023-10,34.925428565843745
ORD-00391,2023-07-12,CUST-0839,Consumer,Alberta,Office Supplies,Notebook,2,79.59,0.1,143.26,107.72,35.54,2023,7,Jul,2023-07,24.808041323467823
ORD-00392,2024-01-10,CUST-0434,Consumer,Alberta,Electronics,Monitor,5,1213.6,0.2,4854.4,2749.35,2105.05,2024,1,Jan,2024-01,43.363752471984185
ORD-00393,2025-08-30,CUST-0013,Consumer,Ontario,Furniture,Cabinet,3,866.78,0.1,2340.31,1889.69,450.62,2025,8,Aug,2025-08,19.254714119069696
ORD-00394,2024-10-21,CUST-0150,Consumer,Quebec,Electronics,Mouse,3,173.65,0.1,468.86,302.8,166.05,2024,10,Oct,2024-10,35.415689118286906
ORD-00395,2025-08-09,CUST-0239,Consumer,Manitoba,Electronics,Mouse,3,1589.92,0.0,4769.76,3734.77,1034.99,2025,8,Aug,2025-08,21.698995337291603
ORD-00396,2024-09-22,CUST-0223,Corporate,Manitoba,Clothing,Jacket,4,249.36,0.0,997.44,734.74,262.7,2024,9,Sep,2024-09,26.337423804940645
ORD-00397,2025-03-20,CUST-0064,Small Business,British Columbia,Electronics,Mouse,5,648.35,0.2,2593.4,1998.43,594.97,2025,3,Mar,2025-03,22.941698156859722
ORD-00398,2024-12-28,CUST-0050,Consumer,Alberta,Office Supplies,Printer Paper,4,13.17,0.0,52.68,35.73,16.95,2024,12,Dec,2024-12,32.1753986332574
ORD-00399,2023-12-26,CUST-0056,Consumer,Manitoba,Furniture,Cabinet,1,877.12,0.2,701.7,469.25,232.45,2023,12,Dec,2023-12,33.12669231865469
ORD-00400,2023-02-05,CUST-0992,Consumer,Alberta,Electronics,Mouse,4,1493.98,0.05,5677.12,4155.53,1521.59,2023,2,Feb,2023-02,26.802146158615635
ORD-00401,2023-07-11,CUST-0453,Consumer,British Columbia,Electronics,Monitor,3,1498.74,0.1,4046.6,3103.85,942.75,2023,7,Jul,2023-07,23.297336035190035
ORD-00402,2025-04-04,CUST-0490,Corporate,Manitoba,Electronics,Mouse,1,896.03,0.05,851.23,694.38,156.84,2025,4,Apr,2025-04,18.42510249873712
ORD-00403,2023-04-16,CUST-0936,Consumer,Manitoba,Furniture,Office Chair,1,212.12,0.1,190.91,139.39,51.52,2023,4,Apr,2023-04,26.9865381593421
ORD-00404,2023-07-20,CUST-0720,Consumer,Alberta,Clothing,Jacket,2,236.3,0.0,472.6,322.38,150.22,2023,7,Jul,2023-07,31.785865425306813
ORD-00405,2023-07-06,CUST-0807,Corporate,Manitoba,Office Supplies,Stapler,3,46.56,0.15,118.73,69.25,49.48,2023,7,Jul,2023-07,41.674387265223615
ORD-00406,2023-11-06,CUST-0270,Consumer,Ontario,Clothing,Jacket,3,60.36,0.1,162.97,112.2,50.77,2023,11,Nov,2023-11,31.152972939804872
ORD-00407,2025-01-27,CUST-0643,Corporate,Manitoba,Office Supplies,Pens,4,21.24,0.0,84.96,66.32,18.64,2025,1,Jan,2025-01,21.93973634651601
ORD-00408,2025-04-06,CUST-0076,Corporate,Manitoba,Office Supplies,Notebook,3,95.35,0.2,228.84,181.1,47.74,2025,4,Apr,2025-04,20.861737458486278
ORD-00409,2024-01-23,CUST-0406,Consumer,Quebec,Electronics,Laptop,5,79.54,0.15,338.04,208.71,129.33,2024,1,Jan,2024-01,38.25878594249201
ORD-00410,2025-12-17,CUST-0911,Consumer,British Columbia,Office Supplies,Stapler,1,48.3,0.0,48.3,32.54,15.76,2025,12,Dec,2025-12,32.62939958592133
ORD-00411,2025-06-05,CUST-0156,Consumer,Quebec,Electronics,Keyboard,3,455.33,0.1,1229.39,678.3,551.09,2025,6,Jun,2025-06,44.82629596791905
ORD-00412,2024-08-28,CUST-0171,Consumer,Ontario,Furniture,Lamp,5,704.03,0.1,3168.14,2149.38,1018.76,2024,8,Aug,2024-08,32.156407229478496
ORD-00413,2024-01-19,CUST-0471,Consumer,Ontario,Furniture,Cabinet,4,619.53,0.05,2354.21,1613.45,740.77,2024,1,Jan,2024-01,31.465757090488957
ORD-00414,2023-05-20,CUST-0720,Corporate,Ontario,Clothing,Jacket,1,213.01,0.15,181.06,136.43,44.63,2023,5,May,2023-05,24.649287528995913
ORD-00415,2023-05-19,CUST-0883,Consumer,Ontario,Office Supplies,Pens,1,24.95,0.1,22.46,13.56,8.89,2023,5,May,2023-05,39.58147818343723
ORD-00416,2025-08-03,CUST-0342,Consumer,Manitoba,Electronics,Monitor,5,1230.6,0.15,5230.05,4186.06,1043.99,2025,8,Aug,2025-08,19.96137704228449
ORD-00417,2025-12-22,CUST-0115,Consumer,Alberta,Clothing,Jacket,3,85.04,0.0,255.12,142.39,112.73,2025,12,Dec,2025-12,44.187049231734086
ORD-00418,2023-06-26,CUST-0371,Consumer,Quebec,Office Supplies,Pens,4,27.12,0.15,92.21,74.3,17.91,2023,6,Jun,2023-06,19.42305606767162
ORD-00419,2023-09-09,CUST-0083,Consumer,British Columbia,Furniture,Desk,1,658.64,0.0,658.64,439.72,218.92,2023,9,Sep,2023-09,33.238187780881816
ORD-00420,2024-01-05,CUST-0720,Small Business,Alberta,Clothing,T-Shirt,1,98.98,0.2,79.18,47.52,31.66,2024,1,Jan,2024-01,39.98484465774185
ORD-00421,2025-07-08,CUST-0250,Consumer,Quebec,Electronics,Mouse,5,516.76,0.05,2454.61,1682.41,772.2,2025,7,Jul,2025-07,31.459172740272383
ORD-00422,2024-04-08,CUST-0195,Corporate,British Columbia,Clothing,Shoes,2,193.39,0.0,386.78,243.46,143.32,2024,4,Apr,2024-04,37.054656393815605
ORD-00423,2023-03-28,CUST-0140,Consumer,Ontario,Electronics,Headphones,2,475.29,0.15,807.99,522.23,285.76,2023,3,Mar,2023-03,35.3667743412666
ORD-00424,2024-03-21,CUST-0628,Consumer,Alberta,Furniture,Desk,2,206.94,0.1,372.49,291.68,80.81,2024,3,Mar,2024-03,21.694542135359338
ORD-00425,2025-06-07,CUST-0984,Consumer,Ontario,Electronics,Monitor,4,564.4,0.1,2031.84,1464.36,567.48,2025,6,Jun,2025-06,27.9293645168911
ORD-00426,2024-12-26,CUST-0739,Consumer,British Columbia,Electronics,Mouse,4,1328.75,0.1,4783.5,2767.64,2015.86,2024,12,Dec,2024-12,42.141946273649
ORD-00427,2023-01-05,CUST-0192,Consumer,Manitoba,Furniture,Desk,1,327.78,0.0,327.78,202.75,125.03,2023,1,Jan,2023-01,38.14448715601929
ORD-00428,2023-12-26,CUST-0514,Consumer,British Columbia,Furniture,Bookshelf,5,883.48,0.0,4417.4,3497.87,919.53,2023,12,Dec,2023-12,20.816090913206864
ORD-00429,2025-06-11,CUST-0445,Corporate,Quebec,Furniture,Cabinet,5,792.14,0.1,3564.63,2245.78,1318.85,2025,6,Jun,2025-06,36.998229830304965
ORD-00430,2025-06-15,CUST-0588,Consumer,Manitoba,Office Supplies,Printer Paper,2,54.59,0.0,109.18,61.6,47.58,2025,6,Jun,2025-06,43.57941014837882
ORD-00431,2023-01-22,CUST-0209,Consumer,Manitoba,Office Supplies,Notebook,2,20.86,0.05,39.63,30.61,9.02,2023,1,Jan,2023-01,22.76053494827151
ORD-00432,2024-08-12,CUST-0496,Small Business,British Columbia,Office Supplies,Notebook,2,42.74,0.0,85.48,66.28,19.2,2024,8,Aug,2024-08,22.461394478240525
ORD-00433,2025-10-12,CUST-0245,Small Business,Manitoba,Electronics,Headphones,5,1052.47,0.05,4999.23,3369.3,1629.93,2025,10,Oct,2025-10,32.60362095762748
ORD-00434,2024-01-25,CUST-0532,Consumer,Quebec,Clothing,Jacket,2,116.78,0.0,233.56,158.45,75.11,2024,1,Jan,2024-01,32.15876006165439
ORD-00435,2023-01-19,CUST-0399,Corporate,Alberta,Clothing,Jacket,5,233.46,0.0,1167.3,717.39,449.91,2023,1,Jan,2023-01,38.54279105628374
ORD-00436,2024-01-16,CUST-0044,Consumer,British Columbia,Office Supplies,Pens,4,45.79,0.1,164.84,132.51,32.33,2024,1,Jan,2024-01,19.61295801989808
ORD-00437,2025-05-29,CUST-0933,Consumer,Alberta,Clothing,Jeans,5,101.63,0.05,482.74,335.6,147.14,2025,5,May,2025-05,30.480175663918462
ORD-00438,2025-02-09,CUST-0237,Consumer,British Columbia,Office Supplies,Stapler,4,109.33,0.05,415.45,247.37,168.09,2025,2,Feb,2025-02,40.45974244794801
ORD-00439,2025-09-02,CUST-0313,Consumer,Quebec,Electronics,Headphones,4,1511.42,0.2,4836.54,3489.87,1346.68,2025,9,Sep,2025-09,27.843871858808157
ORD-00440,2023-06-22,CUST-0382,Corporate,Quebec,Electronics,Monitor,5,1230.68,0.05,5845.73,3915.79,1929.94,2023,6,Jun,2023-06,33.01452513201944
ORD-00441,2024-04-01,CUST-0608,Consumer,Alberta,Electronics,Mouse,2,704.01,0.15,1196.82,814.66,382.16,2024,4,Apr,2024-04,31.931284570779233
ORD-00442,2025-08-16,CUST-0388,Consumer,Ontario,Electronics,Keyboard,2,1022.35,0.0,2044.7,1664.7,380.0,2025,8,Aug,2025-08,18.58463344255881
ORD-00443,2025-02-01,CUST-0973,Corporate,Ontario,Electronics,Keyboard,4,1706.02,0.05,6482.88,4649.67,1833.21,2025,2,Feb,2025-02,28.277709906708132
ORD-00444,2023-05-05,CUST-0083,Consumer,Alberta,Office Supplies,Notebook,3,54.56,0.2,130.94,78.42,52.52,2023,5,May,2023-05,40.109974033908664
ORD-00445,2024-12-18,CUST-0586,Corporate,Quebec,Furniture,Office Chair,5,186.19,0.1,837.86,560.87,276.99,2024,12,Dec,2024-12,33.05922230444227
ORD-00446,2024-02-09,CUST-0099,Small Business,Ontario,Furniture,Office Chair,3,94.53,0.1,255.23,151.61,103.62,2024,2,Feb,2024-02,40.598675704266746
ORD-00447,2023-08-29,CUST-0784,Consumer,British Columbia,Electronics,Monitor,2,1670.21,0.2,2672.34,1623.97,1048.36,2023,8,Aug,2023-08,39.2300380939551
ORD-00448,2023-10-25,CUST-0304,Consumer,Manitoba,Electronics,Monitor,1,1706.02,0.15,1450.12,917.54,532.57,2023,10,Oct,2023-10,36.725926130251295
ORD-00449,2024-12-03,CUST-0263,Consumer,Alberta,Office Supplies,Printer Paper,3,12.12,0.1,32.72,20.4,12.33,2024,12,Dec,2024-12,37.683374083129586
ORD-00450,2023-03-31,CUST-0520,Consumer,Alberta,Furniture,Bookshelf,5,734.8,0.0,3674.0,2278.01,1395.99,2023,3,Mar,2023-03,37.99646162221013
ORD-00451,2025-03-07,CUST-0381,Consumer,Alberta,Electronics,Mouse,2,542.13,0.1,975.83,766.1,209.73,2025,3,Mar,2025-03,21.492473074203495
ORD-00452,2025-10-08,CUST-0311,Consumer,Ontario,Office Supplies,Stapler,2,23.56,0.0,47.12,29.69,17.43,2025,10,Oct,2025-10,36.99066213921902
ORD-00453,2024-04-15,CUST-0045,Corporate,British Columbia,Electronics,Mouse,2,754.62,0.0,1509.24,844.21,665.03,2024,4,Apr,2024-04,44.063899711112875
ORD-00454,2025-10-07,CUST-0743,Consumer,Alberta,Office Supplies,Folders,4,44.65,0.15,151.81,95.68,56.13,2025,10,Oct,2025-10,36.97384889005995
ORD-00455,2024-09-29,CUST-0855,Consumer,Quebec,Office Supplies,Notebook,4,21.23,0.0,84.92,47.74,37.18,2024,9,Sep,2024-09,43.78238341968912
ORD-00456,2024-05-04,CUST-0580,Corporate,British Columbia,Electronics,Mouse,2,178.37,0.05,338.9,232.57,106.33,2024,5,May,2024-05,31.37503688403659
ORD-00457,2023-05-10,CUST-0138,Corporate,Ontario,Office Supplies,Folders,5,78.36,0.15,333.03,222.22,110.81,2023,5,May,2023-05,33.27327868360208
ORD-00458,2023-11-02,CUST-0327,Consumer,Ontario,Furniture,Lamp,1,415.18,0.0,415.18,239.51,175.67,2023,11,Nov,2023-11,42.31176838961414
ORD-00459,2024-06-14,CUST-0618,Consumer,Quebec,Clothing,Shoes,4,64.85,0.15,220.49,168.39,52.1,2024,6,Jun,2024-06,23.6291895324051
ORD-00460,2024-10-17,CUST-0962,Consumer,Alberta,Office Supplies,Folders,3,20.53,0.1,55.43,39.38,16.05,2024,10,Oct,2024-10,28.95543929280173
ORD-00461,2025-10-12,CUST-0845,Corporate,Quebec,Electronics,Laptop,2,67.45,0.1,121.41,74.42,46.99,2025,10,Oct,2025-10,38.70356642780661
ORD-00462,2023-06-11,CUST-0336,Consumer,Ontario,Electronics,Headphones,4,1104.58,0.1,3976.49,2308.86,1667.62,2023,6,Jun,2023-06,41.93698462714605
ORD-00463,2025-02-26,CUST-0688,Consumer,Quebec,Clothing,Jacket,1,127.03,0.1,114.33,87.78,26.54,2025,2,Feb,2025-02,23.213504766902826
ORD-00464,2024-06-10,CUST-0194,Small Business,Alberta,Furniture,Cabinet,3,665.62,0.1,1797.17,1379.32,417.86,2024,6,Jun,2024-06,23.25100018362203
ORD-00465,2023-11-10,CUST-0128,Consumer,Alberta,Electronics,Headphones,5,157.48,0.1,708.66,455.0,253.66,2023,11,Nov,2023-11,35.79431603307651
ORD-00466,2023-10-21,CUST-0148,Consumer,Manitoba,Clothing,Sweater,1,227.06,0.0,227.06,176.23,50.83,2023,10,Oct,2023-10,22.386153439619484
ORD-00467,2024-12-10,CUST-0991,Corporate,Ontario,Electronics,Keyboard,5,1666.37,0.1,7498.66,5325.81,2172.85,2024,12,Dec,2024-12,28.976510469870615
ORD-00468,2024-09-01,CUST-0556,Consumer,British Columbia,Office Supplies,Folders,4,44.41,0.2,142.11,95.84,46.27,2024,9,Sep,2024-09,32.55928506086834
ORD-00469,2024-04-20,CUST-0785,Consumer,Manitoba,Furniture,Bookshelf,3,303.97,0.0,911.91,676.89,235.02,2024,4,Apr,2024-04,25.77228015922624
ORD-00470,2025-04-16,CUST-0790,Consumer,Ontario,Clothing,Jeans,5,226.72,0.0,1133.6,791.47,342.13,2025,4,Apr,2025-04,30.18083980239944
ORD-00471,2023-02-23,CUST-0971,Small Business,British Columbia,Furniture,Office Chair,3,317.68,0.15,810.08,659.19,150.89,2023,2,Feb,2023-02,18.62655540193561
ORD-00472,2025-05-01,CUST-0706,Corporate,Manitoba,Clothing,Jeans,2,206.87,0.05,393.05,249.96,143.09,2025,5,May,2025-05,36.405037527032185
ORD-00473,2023-10-03,CUST-0212,Corporate,Alberta,Office Supplies,Notebook,3,77.73,0.1,209.87,122.2,87.67,2023,10,Oct,2023-10,41.773478820222046
ORD-00474,2023-02-21,CUST-0441,Consumer,Manitoba,Furniture,Bookshelf,5,670.71,0.15,2850.52,2086.29,764.23,2023,2,Feb,2023-02,26.810196034407756
ORD-00475,2023-10-26,CUST-0919,Consumer,Ontario,Clothing,Jeans,2,71.99,0.05,136.78,85.65,51.13,2023,10,Oct,2023-10,37.381196081298434
ORD-00476,2024-10-27,CUST-0974,Consumer,British Columbia,Electronics,Keyboard,3,1504.22,0.1,4061.39,2830.68,1230.71,2024,10,Oct,2024-10,30.302679624463547
ORD-00477,2023-11-24,CUST-0577,Consumer,British Columbia,Electronics,Keyboard,4,514.7,0.0,2058.8,1473.45,585.35,2023,11,Nov,2023-11,28.43161064697882
ORD-00478,2023-02-15,CUST-0563,Corporate,Ontario,Clothing,Shoes,2,63.69,0.15,108.27,69.41,38.86,2023,2,Feb,2023-02,35.89175210122841
ORD-00479,2023-11-01,CUST-0480,Corporate,Quebec,Clothing,Sweater,1,181.48,0.2,145.18,104.47,40.71,2023,11,Nov,2023-11,28.041052486568397
ORD-00480,2025-07-09,CUST-0538,Consumer,British Columbia,Furniture,Office Chair,2,263.25,0.1,473.85,384.63,89.22,2025,7,Jul,2025-07,18.82874327318772
ORD-00481,2024-11-15,CUST-0500,Consumer,Ontario,Electronics,Keyboard,1,1196.55,0.0,1196.55,694.98,501.57,2024,11,Nov,2024-11,41.91801429108688
ORD-00482,2023-08-05,CUST-0422,Small Business,Ontario,Furniture,Desk,5,571.88,0.05,2716.43,1969.47,746.96,2023,8,Aug,2023-08,27.49785564141171
ORD-00483,2025-03-30,CUST-0742,Consumer,Alberta,Clothing,Jacket,1,61.52,0.1,55.37,39.15,16.22,2025,3,Mar,2025-03,29.29384143037746
ORD-00484,2023-03-12,CUST-0513,Consumer,Ontario,Furniture,Desk,4,82.37,0.0,329.48,186.42,143.06,2023,3,Mar,2023-03,43.419934442151266
ORD-00485,2024-01-12,CUST-0283,Consumer,Alberta,Electronics,Headphones,4,483.77,0.05,1838.33,1050.43,787.9,2024,1,Jan,2024-01,42.859551875887355
ORD-00486,2023-10-31,CUST-0551,Consumer,Ontario,Clothing,Jeans,3,54.83,0.05,156.27,111.87,44.4,2023,10,Oct,2023-10,28.412363217508158
ORD-00487,2023-09-12,CUST-0693,Small Business,Ontario,Clothing,Jeans,4,202.02,0.15,686.87,523.08,163.79,2023,9,Sep,2023-09,23.845851471166306
ORD-00488,2024-08-20,CUST-0664,Consumer,Quebec,Furniture,Desk,5,875.3,0.05,4157.68,2964.01,1193.67,2024,8,Aug,2024-08,28.71000173173501
ORD-00489,2025-05-11,CUST-0630,Consumer,Ontario,Office Supplies,Folders,2,6.21,0.05,11.8,9.07,2.73,2025,5,May,2025-05,23.135593220338983
ORD-00490,2023-06-21,CUST-0770,Consumer,British Columbia,Clothing,Shoes,1,207.31,0.1,186.58,120.33,66.25,2023,6,Jun,2023-06,35.507557080072885
ORD-00491,2024-01-13,CUST-0607,Consumer,British Columbia,Electronics,Monitor,5,711.38,0.2,2845.52,2206.84,638.68,2024,1,Jan,2024-01,22.445106694031317
ORD-00492,2024-05-17,CUST-0025,Consumer,British Columbia,Office Supplies,Notebook,2,62.91,0.15,106.95,77.05,29.89,2024,5,May,2024-05,27.94763908368396
ORD-00493,2024-02-20,CUST-0429,Corporate,Manitoba,Clothing,Shoes,3,115.48,0.1,311.8,219.61,92.19,2024,2,Feb,2024-02,29.567030147530467
ORD-00494,2025-02-16,CUST-0879,Consumer,British Columbia,Office Supplies,Pens,2,31.08,0.0,62.16,41.6,20.56,2025,2,Feb,2025-02,33.07593307593308
ORD-00495,2023-06-24,CUST-0340,Consumer,Manitoba,Electronics,Headphones,3,1716.01,0.05,4890.63,3797.91,1092.72,2023,6,Jun,2023-06,22.343133706700364
ORD-00496,2023-01-15,CUST-0327,Corporate,Quebec,Electronics,Headphones,1,1790.44,0.1,1611.4,1303.85,307.55,2023,1,Jan,2023-01,19.08588804766042
ORD-00497,2025-08-09,CUST-0712,Consumer,Quebec,Electronics,Laptop,1,1174.43,0.0,1174.43,832.77,341.66,2025,8,Aug,2025-08,29.09155930962254
ORD-00498,2025-08-22,CUST-0134,Small Business,Quebec,Electronics,Laptop,1,1440.79,0.0,1440.79,815.43,625.36,2025,8,Aug,2025-08,43.40396587982982
ORD-00499,2023-06-28,CUST-0092,Consumer,Ontario,Clothing,Jeans,2,147.59,0.1,265.66,158.3,107.36,2023,6,Jun,2023-06,40.412557404200854
ORD-00500,2025-07-10,CUST-0323,Consumer,Manitoba,Furniture,Cabinet,4,542.68,0.0,2170.72,1251.58,919.14,2025,7,Jul,2025-07,42.342632859143514
ORD-00501,2023-06-24,CUST-0813,Small Business,Manitoba,Electronics,Laptop,2,124.97,0.15,212.45,155.71,56.74,2023,6,Jun,2023-06,26.707460578959758
ORD-00502,2025-11-03,CUST-0750,Corporate,Alberta,Electronics,Laptop,3,1177.76,0.2,2826.62,1738.32,1088.3,2025,11,Nov,2025-11,38.501814888453346
ORD-00503,2024-11-29,CUST-0860,Consumer,Alberta,Furniture,Office Chair,3,398.22,0.0,1194.66,892.81,301.85,2024,11,Nov,2024-11,25.26660305024024
ORD-00504,2024-08-14,CUST-0483,Corporate,Alberta,Clothing,Sweater,5,61.68,0.1,277.56,163.15,114.41,2024,8,Aug,2024-08,41.21991641446894
ORD-00505,2023-08-02,CUST-0439,Small Business,Manitoba,Clothing,Shoes,4,175.35,0.2,561.12,310.29,250.83,2023,8,Aug,2023-08,44.70166809238666
ORD-00506,2024-05-05,CUST-0919,Consumer,Ontario,Clothing,Jacket,3,101.51,0.1,274.08,186.54,87.53,2024,5,May,2024-05,31.93593111500292
ORD-00507,2024-11-12,CUST-0435,Consumer,Alberta,Office Supplies,Pens,2,70.58,0.0,141.16,109.18,31.98,2024,11,Nov,2024-11,22.655143100028337
ORD-00508,2023-04-22,CUST-0296,Consumer,Ontario,Office Supplies,Pens,5,84.92,0.05,403.37,243.17,160.2,2023,4,Apr,2023-04,39.7153977737561
ORD-00509,2023-02-27,CUST-0537,Consumer,British Columbia,Electronics,Headphones,4,1644.61,0.1,5920.6,4077.52,1843.07,2023,2,Feb,2023-02,31.129784143498966
ORD-00510,2023-05-26,CUST-0355,Corporate,Alberta,Electronics,Headphones,2,597.49,0.2,955.98,570.81,385.18,2023,5,May,2023-05,40.29163790037448
ORD-00511,2024-05-05,CUST-0508,Consumer,Quebec,Furniture,Lamp,1,265.57,0.0,265.57,147.68,117.89,2024,5,May,2024-05,44.39130925932899
ORD-00512,2025-07-18,CUST-0481,Consumer,Quebec,Office Supplies,Pens,3,75.34,0.0,226.02,144.29,81.73,2025,7,Jul,2025-07,36.16051676842758
ORD-00513,2024-07-04,CUST-0048,Corporate,Quebec,Electronics,Headphones,5,1083.5,0.05,5146.62,3685.83,1460.8,2024,7,Jul,2024-07,28.383677054066553
ORD-00514,2023-07-10,CUST-0516,Small Business,Manitoba,Furniture,Cabinet,4,542.13,0.05,2060.09,1469.48,590.62,2023,7,Jul,2023-07,28.66962123014043
ORD-00515,2025-02-26,CUST-0261,Corporate,Quebec,Office Supplies,Stapler,3,35.59,0.1,96.09,71.19,24.9,2025,2,Feb,2025-02,25.913206369029034
ORD-00516,2023-07-10,CUST-0067,Consumer,Ontario,Clothing,Shoes,2,249.3,0.0,498.6,292.13,206.47,2023,7,Jul,2023-07,41.40994785399118
ORD-00517,2024-07-02,CUST-0653,Consumer,Ontario,Electronics,Keyboard,5,424.45,0.0,2122.25,1287.26,834.99,2024,7,Jul,2024-07,39.34456355283308
ORD-00518,2023-06-28,CUST-0487,Small Business,Ontario,Office Supplies,Printer Paper,4,83.26,0.0,333.04,270.99,62.05,2023,6,Jun,2023-06,18.631395628152774
ORD-00519,2025-05-20,CUST-0634,Corporate,British Columbia,Electronics,Mouse,1,729.63,0.0,729.63,591.44,138.19,2025,5,May,2025-05,18.93973657881392
ORD-00520,2025-08-13,CUST-0827,Consumer,Ontario,Electronics,Monitor,4,399.62,0.1,1438.63,881.45,557.18,2025,8,Aug,2025-08,38.72990275470412
ORD-00521,2024-04-11,CUST-0870,Corporate,British Columbia,Furniture,Office Chair,3,325.17,0.15,829.18,496.98,332.2,2024,4,Apr,2024-04,40.063677368002125
ORD-00522,2025-10-27,CUST-0973,Small Business,Quebec,Electronics,Mouse,3,1093.94,0.15,2789.55,1762.06,1027.49,2025,10,Oct,2025-10,36.83353945976949
ORD-00523,2023-11-27,CUST-0686,Consumer,British Columbia,Electronics,Monitor,5,1702.97,0.0,8514.85,4806.79,3708.06,2023,11,Nov,2023-11,43.54815410723618
ORD-00524,2024-07-19,CUST-0021,Corporate,British Columbia,Electronics,Mouse,5,1451.23,0.0,7256.15,5856.76,1399.39,2024,7,Jul,2024-07,19.28557154965099
ORD-00525,2023-07-10,CUST-0669,Consumer,Alberta,Clothing,Shoes,3,86.57,0.15,220.75,180.22,40.54,2023,7,Jul,2023-07,18.36466591166478
ORD-00526,2023-06-21,CUST-0967,Consumer,British Columbia,Office Supplies,Pens,3,24.42,0.2,58.61,35.68,22.93,2023,6,Jun,2023-06,39.12301655007678
ORD-00527,2023-08-12,CUST-0209,Small Business,British Columbia,Clothing,Sweater,4,166.29,0.1,598.64,379.02,219.63,2023,8,Aug,2023-08,36.68815982894561
ORD-00528,2025-12-09,CUST-0850,Consumer,Quebec,Clothing,Sweater,1,232.1,0.0,232.1,136.38,95.72,2025,12,Dec,2025-12,41.24084446359328
ORD-00529,2024-07-12,CUST-0702,Small Business,Quebec,Electronics,Keyboard,4,1233.72,0.0,4934.88,3640.46,1294.42,2024,7,Jul,2024-07,26.230019777583248
ORD-00530,2023-03-20,CUST-0446,Consumer,Ontario,Office Supplies,Folders,4,21.01,0.05,79.84,64.95,14.89,2023,3,Mar,2023-03,18.649799599198396
ORD-00531,2024-07-03,CUST-0921,Consumer,British Columbia,Electronics,Monitor,5,812.77,0.0,4063.85,2368.86,1694.99,2024,7,Jul,2024-07,41.70897055747629
ORD-00532,2025-01-26,CUST-0597,Corporate,Manitoba,Electronics,Laptop,1,831.49,0.1,748.34,495.47,252.87,2025,1,Jan,2025-01,33.79079028249192
ORD-00533,2024-08-19,CUST-0130,Corporate,Ontario,Clothing,T-Shirt,3,174.92,0.05,498.52,308.73,189.79,2024,8,Aug,2024-08,38.07068924015085
ORD-00534,2023-09-22,CUST-0709,Consumer,Quebec,Clothing,Sweater,3,79.71,0.0,239.13,144.71,94.42,2023,9,Sep,2023-09,39.484799063271026
ORD-00535,2023-08-04,CUST-0513,Consumer,Manitoba,Electronics,Keyboard,2,154.32,0.1,277.78,170.16,107.61,2023,8,Aug,2023-08,38.739290085679315
ORD-00536,2023-11-14,CUST-0228,Consumer,Quebec,Furniture,Bookshelf,1,682.42,0.1,614.18,356.14,258.04,2023,11,Nov,2023-11,42.0137418997688
ORD-00537,2023-10-22,CUST-0171,Corporate,Ontario,Electronics,Laptop,2,726.55,0.05,1380.44,1034.72,345.73,2023,10,Oct,2023-10,25.044913216076036
ORD-00538,2023-05-26,CUST-0248,Small Business,Quebec,Clothing,Jeans,2,27.3,0.05,51.87,42.38,9.49,2023,5,May,2023-05,18.29573934837093
ORD-00539,2024-11-21,CUST-0521,Consumer,Alberta,Furniture,Office Chair,3,778.9,0.0,2336.7,1622.51,714.19,2024,11,Nov,2024-11,30.564043308939965
ORD-00540,2025-09-08,CUST-0083,Consumer,Alberta,Clothing,Jacket,1,238.82,0.0,238.82,135.75,103.07,2025,9,Sep,2025-09,43.15802696591575
ORD-00541,2024-09-01,CUST-0554,Corporate,Quebec,Furniture,Lamp,4,794.52,0.15,2701.37,2023.6,677.77,2024,9,Sep,2024-09,25.08986181085893
ORD-00542,2024-07-22,CUST-0963,Consumer,British Columbia,Electronics,Laptop,1,590.32,0.15,501.77,400.05,101.73,2024,7,Jul,2024-07,20.274229228531002
ORD-00543,2023-08-07,CUST-0897,Corporate,Alberta,Office Supplies,Notebook,5,99.44,0.0,497.2,296.53,200.67,2023,8,Aug,2023-08,40.36001609010459
ORD-00544,2024-06-18,CUST-0273,Small Business,Manitoba,Furniture,Desk,1,485.01,0.15,412.26,282.67,129.59,2024,6,Jun,2024-06,31.434046475525157
ORD-00545,2024-10-20,CUST-0608,Corporate,Quebec,Electronics,Monitor,4,700.5,0.15,2381.7,1596.39,785.31,2024,10,Oct,2024-10,32.97266658269303
ORD-00546,2025-12-17,CUST-0501,Consumer,Quebec,Electronics,Headphones,1,1499.63,0.1,1349.67,799.08,550.58,2025,12,Dec,2025-12,40.79367549104596
ORD-00547,2025-03-04,CUST-0027,Corporate,Alberta,Electronics,Laptop,2,105.27,0.0,210.54,130.63,79.91,2025,3,Mar,2025-03,37.95478293910895
ORD-00548,2024-08-21,CUST-0848,Corporate,Manitoba,Electronics,Keyboard,5,1707.83,0.05,8112.19,6277.79,1834.4,2024,8,Aug,2024-08,22.612882587809214
ORD-00549,2024-05-29,CUST-0583,Corporate,Quebec,Furniture,Bookshelf,2,213.21,0.05,405.1,280.9,124.2,2024,5,May,2024-05,30.659096519377933
ORD-00550,2023-08-14,CUST-0583,Corporate,Manitoba,Clothing,Jacket,4,97.0,0.1,349.2,225.62,123.58,2023,8,Aug,2023-08,35.38946162657503
ORD-00551,2023-02-25,CUST-0960,Consumer,British Columbia,Furniture,Office Chair,3,412.1,0.0,1236.3,780.07,456.23,2023,2,Feb,2023-02,36.902855294022494
ORD-00552,2024-03-19,CUST-0013,Consumer,Quebec,Office Supplies,Pens,2,97.11,0.05,184.51,127.25,57.26,2024,3,Mar,2024-03,31.03354831716438
ORD-00553,2024-01-01,CUST-0344,Consumer,Ontario,Electronics,Monitor,3,1315.13,0.0,3945.39,2385.31,1560.08,2024,1,Jan,2024-01,39.541845039400414
ORD-00554,2023-04-27,CUST-0836,Consumer,Quebec,Electronics,Laptop,1,45.67,0.0,45.67,35.14,10.53,2023,4,Apr,2023-04,23.056711188964307
ORD-00555,2024-05-10,CUST-0274,Consumer,Manitoba,Office Supplies,Folders,5,56.03,0.1,252.14,175.07,77.07,2024,5,May,2024-05,30.56635202665186
ORD-00556,2024-07-12,CUST-0404,Small Business,Ontario,Furniture,Office Chair,5,806.7,0.0,4033.5,3255.26,778.24,2024,7,Jul,2024-07,19.294409321928846
ORD-00557,2024-12-29,CUST-0538,Corporate,Alberta,Electronics,Keyboard,5,855.79,0.15,3637.11,2085.95,1551.16,2024,12,Dec,2024-12,42.64814646793746
ORD-00558,2024-08-10,CUST-0929,Corporate,British Columbia,Office Supplies,Folders,1,26.89,0.2,21.51,15.14,6.38,2024,8,Aug,2024-08,29.660622966062295
ORD-00559,2023-10-29,CUST-0046,Consumer,Manitoba,Furniture,Desk,4,358.77,0.15,1219.82,868.97,350.85,2023,10,Oct,2023-10,28.762440360053127
ORD-00560,2024-05-01,CUST-0200,Consumer,Alberta,Office Supplies,Notebook,2,10.9,0.0,21.8,14.27,7.53,2024,5,May,2024-05,34.54128440366973
ORD-00561,2023-10-28,CUST-0538,Consumer,British Columbia,Electronics,Laptop,2,421.76,0.0,843.52,530.42,313.1,2023,10,Oct,2023-10,37.11826631259484
ORD-00562,2024-12-30,CUST-0140,Consumer,Manitoba,Clothing,Sweater,2,111.03,0.05,210.96,143.09,67.87,2024,12,Dec,2024-12,32.17197572999621
ORD-00563,2025-01-15,CUST-0578,Small Business,Manitoba,Office Supplies,Printer Paper,5,81.67,0.0,408.35,224.7,183.65,2025,1,Jan,2025-01,44.973674543896166
ORD-00564,2023-03-19,CUST-0268,Consumer,Quebec,Office Supplies,Stapler,4,89.89,0.1,323.6,230.43,93.18,2023,3,Mar,2023-03,28.794808405438815
ORD-00565,2025-12-10,CUST-0734,Consumer,British Columbia,Clothing,Sweater,2,226.4,0.0,452.8,348.77,104.03,2025,12,Dec,2025-12,22.97482332155477
ORD-00566,2023-05-23,CUST-0523,Consumer,Quebec,Furniture,Bookshelf,5,773.69,0.15,3288.18,2560.96,727.22,2023,5,May,2023-05,22.116185853572496
ORD-00567,2025-04-19,CUST-0405,Consumer,British Columbia,Office Supplies,Folders,3,66.56,0.0,199.68,121.24,78.44,2025,4,Apr,2025-04,39.28285256410256
ORD-00568,2023-12-30,CUST-0778,Consumer,Quebec,Office Supplies,Printer Paper,3,81.7,0.0,245.1,152.35,92.75,2023,12,Dec,2023-12,37.84169726642187
ORD-00569,2025-05-20,CUST-0780,Corporate,Manitoba,Electronics,Monitor,3,213.94,0.0,641.82,445.27,196.55,2025,5,May,2025-05,30.62385092393506
ORD-00570,2023-11-26,CUST-0012,Consumer,Manitoba,Office Supplies,Folders,4,75.98,0.1,273.53,159.61,113.92,2023,11,Nov,2023-11,41.648082477241985
ORD-00571,2025-01-09,CUST-0636,Consumer,Alberta,Office Supplies,Notebook,1,74.28,0.05,70.57,44.14,26.43,2025,1,Jan,2025-01,37.45217514524586
ORD-00572,2025-09-07,CUST-0754,Corporate,Alberta,Electronics,Mouse,4,184.97,0.05,702.89,549.04,153.85,2025,9,Sep,2025-09,21.888204413208324
ORD-00573,2023-03-27,CUST-0246,Consumer,Quebec,Furniture,Cabinet,1,834.25,0.0,834.25,624.87,209.38,2023,3,Mar,2023-03,25.097992208570574
ORD-00574,2023-03-11,CUST-0248,Corporate,Ontario,Electronics,Keyboard,3,1342.27,0.0,4026.81,3272.04,754.77,2023,3,Mar,2023-03,18.743620881044798
ORD-00575,2025-10-13,CUST-0110,Corporate,Quebec,Furniture,Cabinet,4,140.24,0.0,560.96,338.06,222.9,2025,10,Oct,2025-10,39.73545350827153
ORD-00576,2024-07-29,CUST-0477,Consumer,Ontario,Office Supplies,Pens,1,96.07,0.0,96.07,74.48,21.59,2024,7,Jul,2024-07,22.473196627459146
ORD-00577,2025-10-17,CUST-0882,Consumer,Manitoba,Clothing,T-Shirt,5,43.13,0.0,215.65,144.76,70.89,2025,10,Oct,2025-10,32.8727104103872
ORD-00578,2025-07-31,CUST-0218,Consumer,Ontario,Clothing,Sweater,4,42.88,0.2,137.22,107.65,29.57,2025,7,Jul,2025-07,21.54933683136569
ORD-00579,2025-04-12,CUST-0720,Consumer,Quebec,Electronics,Keyboard,3,1244.33,0.0,3732.99,2320.45,1412.54,2025,4,Apr,2025-04,37.83937272802767
ORD-00580,2023-03-31,CUST-0339,Consumer,Quebec,Electronics,Monitor,5,1646.09,0.0,8230.45,4668.7,3561.75,2023,3,Mar,2023-03,43.27527656446488
ORD-00581,2025-08-29,CUST-0982,Consumer,Manitoba,Furniture,Cabinet,4,820.3,0.2,2624.96,1710.91,914.05,2025,8,Aug,2025-08,34.821482994026574
ORD-00582,2025-04-24,CUST-0397,Consumer,Quebec,Furniture,Desk,4,539.32,0.15,1833.69,1088.04,745.65,2025,4,Apr,2025-04,40.66390720350768
ORD-00583,2023-01-26,CUST-0011,Small Business,Manitoba,Clothing,Shoes,4,175.57,0.15,596.94,404.74,192.2,2023,1,Jan,2023-01,32.19754079136931
ORD-00584,2025-09-16,CUST-0635,Corporate,Alberta,Furniture,Lamp,3,175.76,0.15,448.19,271.43,176.76,2025,9,Sep,2025-09,39.438630937771926
ORD-00585,2024-06-07,CUST-0353,Consumer,Alberta,Clothing,Sweater,4,93.12,0.05,353.86,272.64,81.21,2024,6,Jun,2024-06,22.949754140055386
ORD-00586,2024-07-23,CUST-0368,Consumer,Quebec,Furniture,Bookshelf,2,163.64,0.15,278.19,223.71,54.48,2024,7,Jul,2024-07,19.583737733203925
ORD-00587,2024-01-12,CUST-0586,Consumer,Manitoba,Furniture,Lamp,1,332.35,0.15,282.5,226.26,56.23,2024,1,Jan,2024-01,19.904424778761058
ORD-00588,2023-08-03,CUST-0804,Consumer,Alberta,Furniture,Bookshelf,4,222.96,0.2,713.47,401.46,312.01,2023,8,Aug,2023-08,43.73134119164085
ORD-00589,2023-08-14,CUST-0633,Corporate,Alberta,Office Supplies,Notebook,2,105.0,0.1,189.0,131.64,57.36,2023,8,Aug,2023-08,30.349206349206348
ORD-00590,2025-05-15,CUST-0069,Consumer,Quebec,Furniture,Lamp,4,256.16,0.0,1024.64,579.72,444.92,2025,5,May,2025-05,43.422079950031225
ORD-00591,2024-07-14,CUST-0090,Consumer,Alberta,Electronics,Keyboard,3,136.3,0.1,368.01,269.38,98.63,2024,7,Jul,2024-07,26.800902149398116
ORD-00592,2025-09-17,CUST-0382,Consumer,British Columbia,Office Supplies,Notebook,2,72.31,0.2,115.7,67.73,47.97,2025,9,Sep,2025-09,41.460674157303366
ORD-00593,2025-08-17,CUST-0452,Consumer,Alberta,Furniture,Office Chair,1,659.67,0.15,560.72,439.26,121.46,2025,8,Aug,2025-08,21.661435297474675
ORD-00594,2024-12-08,CUST-0588,Small Business,Quebec,Office Supplies,Notebook,1,14.57,0.2,11.66,7.75,3.9,2024,12,Dec,2024-12,33.44768439108062
ORD-00595,2025-10-06,CUST-0145,Corporate,British Columbia,Clothing,Sweater,4,34.31,0.0,137.24,90.37,46.87,2025,10,Oct,2025-10,34.15185077236957
ORD-00596,2025-10-27,CUST-0365,Consumer,Manitoba,Electronics,Monitor,4,345.06,0.0,1380.24,1049.83,330.41,2025,10,Oct,2025-10,23.93859039007709
ORD-00597,2024-03-28,CUST-0231,Consumer,Quebec,Furniture,Desk,2,747.46,0.05,1420.17,907.34,512.84,2024,3,Mar,2024-03,36.11116978953224
ORD-00598,2023-03-26,CUST-0743,Corporate,Ontario,Office Supplies,Stapler,5,86.15,0.0,430.75,320.7,110.05,2023,3,Mar,2023-03,25.54846198491004
ORD-00599,2023-05-27,CUST-0575,Corporate,Ontario,Electronics,Headphones,4,69.33,0.1,249.59,166.14,83.45,2023,5,May,2023-05,33.43483312632718
ORD-00600,2023-04-05,CUST-0266,Small Business,Ontario,Electronics,Laptop,3,1038.28,0.05,2959.1,2008.59,950.51,2023,4,Apr,2023-04,32.12159102429793
ORD-00601,2024-09-23,CUST-0156,Consumer,Ontario,Office Supplies,Pens,4,75.73,0.05,287.77,179.93,107.84,2024,9,Sep,2024-09,37.47437189422108
ORD-00602,2024-09-30,CUST-0552,Consumer,Manitoba,Electronics,Laptop,3,1797.87,0.15,4584.57,3007.07,1577.49,2024,9,Sep,2024-09,34.40867954900896
ORD-00603,2024-01-08,CUST-0983,Consumer,Ontario,Electronics,Mouse,2,238.62,0.0,477.24,387.03,90.21,2024,1,Jan,2024-01,18.90243902439024
ORD-00604,2023-10-10,CUST-0017,Consumer,Alberta,Electronics,Monitor,2,1689.93,0.2,2703.89,1879.57,824.32,2023,10,Oct,2023-10,30.48644730369949
ORD-00605,2024-02-28,CUST-0551,Consumer,Ontario,Office Supplies,Folders,5,119.47,0.2,477.88,293.38,184.5,2024,2,Feb,2024-02,38.608018749476855
ORD-00606,2025-12-16,CUST-0014,Corporate,Quebec,Clothing,Shoes,5,214.35,0.0,1071.75,746.82,324.93,2025,12,Dec,2025-12,30.317704688593423
ORD-00607,2023-09-28,CUST-0265,Consumer,Alberta,Furniture,Bookshelf,1,194.89,0.15,165.66,92.41,73.25,2023,9,Sep,2023-09,44.21707110950139
ORD-00608,2024-10-02,CUST-0109,Consumer,British Columbia,Office Supplies,Pens,4,44.34,0.1,159.62,95.87,63.75,2024,10,Oct,2024-10,39.93860418493923
ORD-00609,2025-09-15,CUST-0945,Consumer,Quebec,Electronics,Mouse,3,940.2,0.1,2538.54,1844.69,693.85,2025,9,Sep,2025-09,27.332640021429643
ORD-00610,2024-06-30,CUST-0494,Consumer,Alberta,Furniture,Desk,3,161.7,0.05,460.84,361.35,99.49,2024,6,Jun,2024-06,21.588837774498742
ORD-00611,2025-03-26,CUST-0150,Corporate,Alberta,Office Supplies,Stapler,4,42.14,0.0,168.56,116.65,51.91,2025,3,Mar,2025-03,30.79615567157095
ORD-00612,2023-06-27,CUST-0620,Consumer,Alberta,Clothing,Jacket,1,101.3,0.0,101.3,81.66,19.64,2023,6,Jun,2023-06,19.38795656465943
ORD-00613,2025-03-19,CUST-0318,Corporate,Alberta,Clothing,T-Shirt,4,199.25,0.2,637.6,392.27,245.33,2025,3,Mar,2025-03,38.47710163111669
ORD-00614,2023-11-22,CUST-0556,Corporate,Quebec,Furniture,Desk,5,104.48,0.1,470.16,285.37,184.79,2023,11,Nov,2023-11,39.303641313595364
ORD-00615,2024-11-18,CUST-0093,Consumer,Manitoba,Electronics,Keyboard,2,271.12,0.0,542.24,308.32,233.92,2024,11,Nov,2024-11,43.13956919445264
ORD-00616,2024-12-17,CUST-0992,Consumer,Alberta,Furniture,Cabinet,1,126.13,0.0,126.13,95.26,30.87,2024,12,Dec,2024-12,24.47474827558868
ORD-00617,2025-12-15,CUST-0803,Consumer,Manitoba,Clothing,Jeans,1,204.03,0.0,204.03,151.69,52.34,2025,12,Dec,2025-12,25.653090231828656
ORD-00618,2025-02-08,CUST-0849,Consumer,Alberta,Clothing,Sweater,1,102.73,0.0,102.73,62.95,39.78,2025,2,Feb,2025-02,38.722865764625716
ORD-00619,2023-08-15,CUST-0835,Corporate,Alberta,Electronics,Mouse,2,1258.81,0.05,2391.74,1403.96,987.78,2023,8,Aug,2023-08,41.299639592932344
ORD-00620,2025-08-27,CUST-0268,Consumer,Manitoba,Office Supplies,Stapler,5,102.96,0.0,514.8,375.2,139.6,2025,8,Aug,2025-08,27.117327117327118
ORD-00621,2024-06-26,CUST-0162,Consumer,Manitoba,Electronics,Headphones,5,949.76,0.1,4273.92,3079.64,1194.28,2024,6,Jun,2024-06,27.94343366277328
ORD-00622,2024-01-31,CUST-0921,Consumer,Ontario,Electronics,Laptop,4,254.94,0.0,1019.76,631.93,387.83,2024,1,Jan,2024-01,38.031497607280144
ORD-00623,2024-01-04,CUST-0335,Corporate,Manitoba,Furniture,Lamp,2,308.51,0.15,524.47,377.44,147.02,2024,1,Jan,2024-01,28.032108604877305
ORD-00624,2024-04-23,CUST-0373,Consumer,Quebec,Office Supplies,Notebook,5,57.71,0.0,288.55,208.48,80.07,2024,4,Apr,2024-04,27.749090278981107
ORD-00625,2024-05-28,CUST-0610,Consumer,Ontario,Furniture,Cabinet,1,725.76,0.0,725.76,513.81,211.95,2024,5,May,2024-05,29.203869047619047
ORD-00626,2024-05-07,CUST-0189,Consumer,Quebec,Electronics,Headphones,5,1181.47,0.0,5907.35,4433.0,1474.35,2024,5,May,2024-05,24.95789144032434
ORD-00627,2024-07-13,CUST-0154,Consumer,Ontario,Clothing,Jeans,4,108.56,0.1,390.82,303.06,87.76,2024,7,Jul,2024-07,22.455350289135666
ORD-00628,2024-01-07,CUST-0029,Corporate,Quebec,Clothing,Sweater,4,59.24,0.05,225.11,171.77,53.34,2024,1,Jan,2024-01,23.695082404157965
ORD-00629,2023-05-03,CUST-0338,Corporate,British Columbia,Electronics,Laptop,2,1511.21,0.0,3022.42,2333.0,689.42,2023,5,May,2023-05,22.810198450248475
ORD-00630,2025-12-10,CUST-0703,Consumer,Alberta,Furniture,Cabinet,1,885.11,0.15,752.34,533.31,219.04,2025,12,Dec,2025-12,29.11449610548422
ORD-00631,2023-01-10,CUST-0415,Consumer,Alberta,Office Supplies,Printer Paper,2,11.34,0.05,21.55,16.41,5.13,2023,1,Jan,2023-01,23.80510440835267
ORD-00632,2025-10-01,CUST-0218,Corporate,Alberta,Furniture,Office Chair,1,337.5,0.2,270.0,196.75,73.25,2025,10,Oct,2025-10,27.12962962962963
ORD-00633,2025-08-05,CUST-0259,Corporate,Manitoba,Electronics,Headphones,3,256.07,0.0,768.21,424.99,343.22,2025,8,Aug,2025-08,44.67788755678786
ORD-00634,2024-03-31,CUST-0358,Consumer,Manitoba,Furniture,Bookshelf,3,115.42,0.15,294.32,181.32,113.0,2024,3,Mar,2024-03,38.3935852133732
ORD-00635,2023-01-31,CUST-0058,Corporate,Manitoba,Office Supplies,Folders,5,34.24,0.15,145.52,81.95,63.57,2023,1,Jan,2023-01,43.684716877405165
ORD-00636,2025-04-18,CUST-0342,Consumer,Manitoba,Furniture,Desk,4,690.15,0.0,2760.6,1655.66,1104.94,2025,4,Apr,2025-04,40.025356806491345
ORD-00637,2024-08-25,CUST-0511,Consumer,Quebec,Electronics,Mouse,5,228.25,0.0,1141.25,735.42,405.83,2024,8,Aug,2024-08,35.560131434830225
ORD-00638,2025-12-01,CUST-0554,Consumer,British Columbia,Furniture,Office Chair,4,581.8,0.1,2094.48,1540.44,554.04,2025,12,Dec,2025-12,26.452389137160537
ORD-00639,2025-08-05,CUST-0426,Consumer,Manitoba,Office Supplies,Printer Paper,5,82.76,0.1,372.42,212.61,159.81,2025,8,Aug,2025-08,42.91122925729016
ORD-00640,2025-10-22,CUST-0599,Consumer,Manitoba,Clothing,Sweater,5,94.13,0.15,400.05,295.99,104.06,2025,10,Oct,2025-10,26.01174853143357
ORD-00641,2023-04-15,CUST-0749,Consumer,British Columbia,Furniture,Cabinet,1,594.38,0.05,564.66,315.6,249.06,2023,4,Apr,2023-04,44.1079587716502
ORD-00642,2024-06-23,CUST-0547,Consumer,British Columbia,Electronics,Mouse,5,119.86,0.0,599.3,352.95,246.35,2024,6,Jun,2024-06,41.106290672451195
ORD-00643,2024-02-01,CUST-0299,Small Business,Quebec,Office Supplies,Notebook,1,45.34,0.15,38.54,24.42,14.12,2024,2,Feb,2024-02,36.63725998962117
ORD-00644,2023-06-10,CUST-0049,Consumer,Quebec,Clothing,Jacket,3,101.55,0.05,289.42,179.42,110.0,2023,6,Jun,2023-06,38.007048579918454
ORD-00645,2023-02-25,CUST-0001,Consumer,Alberta,Clothing,Shoes,5,145.5,0.2,582.0,426.46,155.54,2023,2,Feb,2023-02,26.72508591065292
ORD-00646,2024-09-10,CUST-0534,Corporate,Manitoba,Electronics,Laptop,3,943.59,0.15,2406.15,1415.24,990.92,2024,9,Sep,2024-09,41.18280240217775
ORD-00647,2025-07-02,CUST-0681,Consumer,Manitoba,Electronics,Mouse,4,188.17,0.15,639.78,413.04,226.74,2025,7,Jul,2025-07,35.44030760573948
ORD-00648,2024-11-01,CUST-0336,Consumer,Ontario,Electronics,Mouse,5,1144.72,0.0,5723.6,3852.0,1871.6,2024,11,Nov,2024-11,32.699699489831566
ORD-00649,2024-05-09,CUST-0954,Small Business,Quebec,Electronics,Mouse,3,47.07,0.1,127.09,77.66,49.43,2024,5,May,2024-05,38.89369737980958
ORD-00650,2023-09-27,CUST-0391,Consumer,British Columbia,Electronics,Keyboard,2,1547.78,0.05,2940.78,2118.16,822.62,2023,9,Sep,2023-09,27.972850740279785
ORD-00651,2025-07-17,CUST-0362,Consumer,Quebec,Office Supplies,Printer Paper,2,112.66,0.2,180.26,145.51,34.74,2025,7,Jul,2025-07,19.27216243204261
ORD-00652,2024-11-12,CUST-0632,Consumer,Manitoba,Electronics,Laptop,2,41.53,0.1,74.75,46.3,28.45,2024,11,Nov,2024-11,38.06020066889632
ORD-00653,2024-09-17,CUST-0899,Consumer,Manitoba,Electronics,Monitor,4,292.86,0.15,995.72,799.13,196.59,2024,9,Sep,2024-09,19.743502189370503
ORD-00654,2024-12-08,CUST-0461,Consumer,Ontario,Office Supplies,Printer Paper,2,36.01,0.0,72.02,55.27,16.75,2024,12,Dec,2024-12,23.257428492085534
ORD-00655,2024-07-10,CUST-0927,Small Business,Ontario,Clothing,Sweater,2,39.31,0.15,66.83,39.2,27.62,2024,7,Jul,2024-07,41.328744575789315
ORD-00656,2024-01-21,CUST-0905,Small Business,Alberta,Electronics,Monitor,3,514.58,0.0,1543.74,957.7,586.04,2024,1,Jan,2024-01,37.962351173125
ORD-00657,2025-03-19,CUST-0445,Corporate,Alberta,Furniture,Lamp,3,820.19,0.15,2091.48,1309.27,782.22,2025,3,Mar,2025-03,37.400309828446844
ORD-00658,2024-11-13,CUST-0768,Consumer,Quebec,Office Supplies,Printer Paper,5,40.18,0.05,190.86,141.48,49.37,2024,11,Nov,2024-11,25.867127737608715
ORD-00659,2025-03-21,CUST-0198,Consumer,Ontario,Office Supplies,Pens,2,119.57,0.1,215.23,168.29,46.94,2025,3,Mar,2025-03,21.80922733819635
ORD-00660,2023-04-10,CUST-0597,Consumer,Alberta,Clothing,Jacket,3,184.44,0.1,497.99,330.01,167.97,2023,4,Apr,2023-04,33.729592963714126
ORD-00661,2025-04-04,CUST-0264,Small Business,British Columbia,Clothing,Jeans,3,123.43,0.1,333.26,212.09,121.17,2025,4,Apr,2025-04,36.358998979775556
ORD-00662,2025-07-11,CUST-0727,Consumer,Quebec,Clothing,Jacket,3,172.8,0.15,440.64,259.47,181.17,2025,7,Jul,2025-07,41.11519607843137
ORD-00663,2023-08-17,CUST-0801,Corporate,Quebec,Furniture,Bookshelf,2,490.31,0.15,833.53,626.42,207.1,2023,8,Aug,2023-08,24.846136311830406
ORD-00664,2025-09-01,CUST-0534,Small Business,Ontario,Electronics,Headphones,5,811.92,0.15,3450.66,2285.09,1165.57,2025,9,Sep,2025-09,33.77817576927312
ORD-00665,2024-07-04,CUST-0717,Consumer,Ontario,Furniture,Office Chair,2,464.72,0.0,929.44,739.99,189.45,2024,7,Jul,2024-07,20.38324152177655
ORD-00666,2025-12-31,CUST-0923,Corporate,Ontario,Electronics,Monitor,2,1653.07,0.05,3140.83,2336.93,803.9,2025,12,Dec,2025-12,25.595145232311207
ORD-00667,2025-08-01,CUST-0278,Consumer,Quebec,Furniture,Lamp,2,262.79,0.05,499.3,359.75,139.55,2025,8,Aug,2025-08,27.94912878029241
ORD-00668,2025-06-16,CUST-0052,Small Business,Quebec,Clothing,Sweater,5,122.78,0.0,613.9,346.07,267.83,2025,6,Jun,2025-06,43.627626649291415
ORD-00669,2025-01-28,CUST-0838,Consumer,Ontario,Office Supplies,Printer Paper,3,19.4,0.0,58.2,47.48,10.72,2025,1,Jan,2025-01,18.419243986254298
ORD-00670,2024-08-28,CUST-0121,Consumer,Ontario,Office Supplies,Printer Paper,4,116.07,0.2,371.42,301.01,70.42,2024,8,Aug,2024-08,18.959668300037695
ORD-00671,2025-08-01,CUST-0720,Consumer,Alberta,Office Supplies,Folders,5,107.63,0.05,511.24,284.59,226.65,2025,8,Aug,2025-08,44.333385494092795
ORD-00672,2024-07-07,CUST-0351,Small Business,Quebec,Clothing,T-Shirt,3,68.78,0.1,185.71,104.22,81.48,2024,7,Jul,2024-07,43.874858650584244
ORD-00673,2024-05-20,CUST-0794,Corporate,Ontario,Electronics,Keyboard,2,632.46,0.1,1138.43,879.86,258.57,2024,5,May,2024-05,22.712858937308397
ORD-00674,2025-01-30,CUST-0149,Consumer,British Columbia,Electronics,Headphones,2,1133.8,0.15,1927.46,1384.71,542.75,2025,1,Jan,2025-01,28.158820416506696
ORD-00675,2025-06-17,CUST-0506,Corporate,Alberta,Clothing,Shoes,5,131.29,0.1,590.8,434.88,155.93,2025,6,Jun,2025-06,26.393026404874746
ORD-00676,2024-12-28,CUST-0962,Small Business,Manitoba,Electronics,Headphones,3,545.35,0.0,1636.05,1150.49,485.56,2024,12,Dec,2024-12,29.67879954769109
ORD-00677,2025-10-22,CUST-0739,Corporate,Manitoba,Clothing,Shoes,1,30.26,0.0,30.26,21.27,8.99,2025,10,Oct,2025-10,29.709187045604757
ORD-00678,2025-07-16,CUST-0660,Consumer,Ontario,Furniture,Cabinet,5,510.71,0.1,2298.19,1771.68,526.52,2025,7,Jul,2025-07,22.910203246902995
ORD-00679,2025-04-04,CUST-0921,Small Business,Alberta,Electronics,Laptop,5,981.97,0.15,4173.37,2986.22,1187.15,2025,4,Apr,2025-04,28.445836338498626
ORD-00680,2025-03-31,CUST-0892,Small Business,Manitoba,Office Supplies,Printer Paper,5,77.09,0.0,385.45,224.43,161.02,2025,3,Mar,2025-03,41.77454922817486
ORD-00681,2023-11-28,CUST-0884,Consumer,Quebec,Furniture,Office Chair,2,162.6,0.1,292.68,225.38,67.3,2023,11,Nov,2023-11,22.994396610632773
ORD-00682,2024-05-21,CUST-0700,Small Business,Alberta,Clothing,Shoes,2,49.65,0.0,99.3,71.14,28.16,2024,5,May,2024-05,28.35850956696878
ORD-00683,2024-05-30,CUST-0146,Consumer,Alberta,Electronics,Headphones,1,450.98,0.15,383.33,293.87,89.47,2024,5,May,2024-05,23.340202958286593
ORD-00684,2024-03-08,CUST-0079,Consumer,Manitoba,Electronics,Keyboard,2,318.92,0.05,605.95,472.86,133.09,2024,3,Mar,2024-03,21.96385840415876
ORD-00685,2024-08-11,CUST-0787,Corporate,Ontario,Clothing,Jacket,2,103.14,0.05,195.97,128.64,67.33,2024,8,Aug,2024-08,34.35729958667143
ORD-00686,2025-09-21,CUST-0326,Corporate,Quebec,Clothing,T-Shirt,5,155.22,0.1,698.49,557.25,141.24,2025,9,Sep,2025-09,20.220761929304643
ORD-00687,2023-08-10,CUST-0445,Consumer,British Columbia,Furniture,Cabinet,5,881.58,0.0,4407.9,3350.78,1057.12,2023,8,Aug,2023-08,23.9823952449012
ORD-00688,2025-03-19,CUST-0785,Consumer,British Columbia,Furniture,Cabinet,5,303.72,0.2,1214.88,791.96,422.92,2025,3,Mar,2025-03,34.81166864217042
ORD-00689,2023-04-13,CUST-0966,Consumer,Ontario,Office Supplies,Printer Paper,5,13.81,0.0,69.05,45.79,23.26,2023,4,Apr,2023-04,33.68573497465605
ORD-00690,2025-03-24,CUST-0182,Corporate,British Columbia,Clothing,Sweater,5,190.66,0.15,810.3,489.03,321.28,2025,3,Mar,2025-03,39.649512526224854
ORD-00691,2024-05-16,CUST-0109,Corporate,British Columbia,Clothing,T-Shirt,4,81.53,0.0,326.12,196.62,129.5,2024,5,May,2024-05,39.709309456641726
ORD-00692,2025-07-04,CUST-0320,Corporate,British Columbia,Clothing,T-Shirt,5,49.26,0.1,221.67,161.35,60.32,2025,7,Jul,2025-07,27.211620877881536
ORD-00693,2025-09-16,CUST-0100,Consumer,Alberta,Electronics,Mouse,3,41.92,0.15,106.9,81.5,25.4,2025,9,Sep,2025-09,23.76052385406922
ORD-00694,2023-03-25,CUST-0130,Consumer,Alberta,Office Supplies,Pens,5,48.24,0.05,229.14,130.82,98.32,2023,3,Mar,2023-03,42.90826568909837
ORD-00695,2024-03-14,CUST-0648,Consumer,Quebec,Office Supplies,Pens,3,97.21,0.05,277.05,225.77,51.28,2024,3,Mar,2024-03,18.509294351200147
ORD-00696,2025-08-09,CUST-0078,Consumer,Ontario,Office Supplies,Pens,4,25.11,0.05,95.42,53.78,41.64,2025,8,Aug,2025-08,43.638650178159715
ORD-00697,2025-12-28,CUST-0818,Consumer,Ontario,Office Supplies,Pens,5,119.5,0.0,597.5,377.21,220.29,2025,12,Dec,2025-12,36.868619246861925
ORD-00698,2024-05-26,CUST-0753,Consumer,Quebec,Electronics,Keyboard,2,133.71,0.0,267.42,180.29,87.13,2024,5,May,2024-05,32.58170667863286
ORD-00699,2025-07-13,CUST-0407,Consumer,Alberta,Clothing,Jeans,4,222.95,0.0,891.8,567.26,324.54,2025,7,Jul,2025-07,36.391567616057415
ORD-00700,2023-08-17,CUST-0856,Consumer,Quebec,Furniture,Office Chair,3,63.34,0.0,190.02,117.69,72.33,2023,8,Aug,2023-08,38.06441427218187
ORD-00701,2024-10-29,CUST-0363,Corporate,Manitoba,Clothing,Jeans,1,166.89,0.2,133.51,76.81,56.71,2024,10,Oct,2024-10,42.476219009812006
ORD-00702,2024-04-10,CUST-0206,Corporate,Quebec,Clothing,T-Shirt,5,40.8,0.2,163.2,111.07,52.13,2024,4,Apr,2024-04,31.942401960784316
ORD-00703,2023-10-13,CUST-0354,Consumer,Quebec,Clothing,Sweater,3,112.22,0.2,269.33,155.75,113.57,2023,10,Oct,2023-10,42.167601084171835
ORD-00704,2023-02-22,CUST-0511,Consumer,Alberta,Electronics,Monitor,4,673.24,0.15,2289.02,1493.37,795.65,2023,2,Feb,2023-02,34.75941669360687
ORD-00705,2025-09-28,CUST-0367,Small Business,British Columbia,Electronics,Mouse,4,723.77,0.0,2895.08,1984.04,911.04,2025,9,Sep,2025-09,31.468560454287964
ORD-00706,2023-02-27,CUST-0403,Consumer,British Columbia,Office Supplies,Pens,5,53.24,0.0,266.2,162.3,103.9,2023,2,Feb,2023-02,39.03080390683697
ORD-00707,2023-04-29,CUST-0039,Consumer,British Columbia,Office Supplies,Folders,4,96.7,0.0,386.8,270.89,115.91,2023,4,Apr,2023-04,29.96639089968976
ORD-00708,2025-01-21,CUST-0929,Consumer,British Columbia,Electronics,Mouse,4,1005.53,0.1,3619.91,2808.32,811.59,2025,1,Jan,2025-01,22.420170667226536
ORD-00709,2024-01-14,CUST-0763,Consumer,Ontario,Electronics,Monitor,2,1522.08,0.0,3044.16,2384.07,660.09,2024,1,Jan,2024-01,21.683814254178493
ORD-00710,2024-03-19,CUST-0758,Corporate,Alberta,Office Supplies,Folders,2,68.18,0.2,109.09,82.83,26.26,2024,3,Mar,2024-03,24.07186726556055
ORD-00711,2024-12-09,CUST-0510,Consumer,Ontario,Furniture,Lamp,3,528.26,0.0,1584.78,1035.92,548.86,2024,12,Dec,2024-12,34.633198298817504
ORD-00712,2025-02-02,CUST-0310,Corporate,Quebec,Electronics,Laptop,3,287.02,0.2,688.85,512.38,176.47,2025,2,Feb,2025-02,25.618059083980548
ORD-00713,2025-04-01,CUST-0136,Consumer,Alberta,Electronics,Keyboard,3,1276.15,0.1,3445.61,2047.3,1398.31,2025,4,Apr,2025-04,40.58236422578295
ORD-00714,2025-01-02,CUST-0976,Consumer,Alberta,Furniture,Cabinet,1,771.32,0.05,732.75,535.71,197.04,2025,1,Jan,2025-01,26.89048106448311
ORD-00715,2023-03-06,CUST-0115,Consumer,Quebec,Electronics,Headphones,5,1053.73,0.0,5268.65,3872.2,1396.45,2023,3,Mar,2023-03,26.50489214504665
ORD-00716,2025-10-31,CUST-0217,Consumer,Alberta,Office Supplies,Notebook,4,52.0,0.15,176.8,108.58,68.22,2025,10,Oct,2025-10,38.58597285067873
ORD-00717,2025-02-18,CUST-0798,Consumer,Manitoba,Furniture,Desk,1,130.24,0.0,130.24,87.83,42.41,2025,2,Feb,2025-02,32.56296068796068
ORD-00718,2023-07-11,CUST-0843,Consumer,Alberta,Office Supplies,Pens,4,97.66,0.0,390.64,243.72,146.92,2023,7,Jul,2023-07,37.610075773090315
ORD-00719,2023-08-21,CUST-0457,Small Business,Manitoba,Electronics,Keyboard,2,1039.69,0.05,1975.41,1325.16,650.26,2023,8,Aug,2023-08,32.91772340931756
ORD-00720,2024-09-17,CUST-0093,Consumer,British Columbia,Office Supplies,Stapler,4,102.58,0.0,410.32,277.72,132.6,2024,9,Sep,2024-09,32.316240982647685
ORD-00721,2025-05-08,CUST-0736,Consumer,Manitoba,Office Supplies,Notebook,4,100.47,0.1,361.69,217.75,143.94,2025,5,May,2025-05,39.79651082418646
ORD-00722,2023-04-09,CUST-0299,Small Business,British Columbia,Office Supplies,Folders,3,116.3,0.0,348.9,208.26,140.64,2023,4,Apr,2023-04,40.309544282029236
ORD-00723,2025-03-20,CUST-0337,Consumer,British Columbia,Clothing,Sweater,1,211.63,0.1,190.47,137.35,53.12,2025,3,Mar,2025-03,27.888906389457656
ORD-00724,2023-01-20,CUST-0114,Small Business,British Columbia,Furniture,Cabinet,1,778.41,0.05,739.49,565.71,173.78,2023,1,Jan,2023-01,23.499979715750044
ORD-00725,2024-05-17,CUST-0332,Consumer,Ontario,Furniture,Lamp,4,304.36,0.0,1217.44,785.37,432.07,2024,5,May,2024-05,35.490044683926925
ORD-00726,2023-04-26,CUST-0236,Consumer,Ontario,Electronics,Mouse,2,1402.75,0.15,2384.67,1485.04,899.64,2023,4,Apr,2023-04,37.72597466316094
ORD-00727,2024-02-19,CUST-0086,Small Business,Ontario,Electronics,Monitor,1,718.49,0.0,718.49,509.78,208.71,2024,2,Feb,2024-02,29.048420994029144
ORD-00728,2023-08-09,CUST-0699,Consumer,British Columbia,Furniture,Cabinet,4,575.19,0.1,2070.68,1203.03,867.66,2023,8,Aug,2023-08,41.90217706260746
ORD-00729,2025-12-13,CUST-0635,Corporate,Quebec,Office Supplies,Folders,3,67.01,0.1,180.93,120.56,60.36,2025,12,Dec,2025-12,33.36096833029348
ORD-00730,2025-12-03,CUST-0212,Corporate,Ontario,Clothing,Jacket,1,27.56,0.1,24.8,15.19,9.62,2025,12,Dec,2025-12,38.79032258064516
ORD-00731,2023-11-11,CUST-0830,Small Business,Quebec,Clothing,Jeans,2,206.64,0.15,351.29,227.03,124.26,2023,11,Nov,2023-11,35.37248427225369
ORD-00732,2023-07-23,CUST-0872,Consumer,British Columbia,Furniture,Bookshelf,2,515.0,0.15,875.5,628.56,246.94,2023,7,Jul,2023-07,28.205596801827525
ORD-00733,2025-07-02,CUST-0240,Consumer,British Columbia,Office Supplies,Folders,3,76.6,0.2,183.84,106.69,77.15,2025,7,Jul,2025-07,41.965839860748474
ORD-00734,2023-02-18,CUST-0129,Small Business,Manitoba,Furniture,Office Chair,5,285.41,0.0,1427.05,943.17,483.88,2023,2,Feb,2023-02,33.90771171297432
ORD-00735,2025-08-24,CUST-0225,Consumer,British Columbia,Clothing,Jacket,2,53.4,0.15,90.78,54.86,35.92,2025,8,Aug,2025-08,39.56818682529192
ORD-00736,2023-08-17,CUST-0595,Consumer,Ontario,Electronics,Keyboard,4,1460.46,0.1,5257.66,3288.26,1969.4,2023,8,Aug,2023-08,37.45772834302713
ORD-00737,2023-03-16,CUST-0313,Corporate,Alberta,Clothing,Jeans,5,136.95,0.1,616.28,373.8,242.48,2023,3,Mar,2023-03,39.34575193094048
ORD-00738,2025-08-24,CUST-0636,Consumer,Manitoba,Electronics,Monitor,5,1729.02,0.2,6916.08,5166.57,1749.51,2025,8,Aug,2025-08,25.29626609293126
ORD-00739,2023-11-22,CUST-0979,Consumer,British Columbia,Clothing,Jacket,5,227.38,0.0,1136.9,909.32,227.58,2023,11,Nov,2023-11,20.017591696719148
ORD-00740,2024-03-30,CUST-0798,Small Business,Ontario,Furniture,Bookshelf,1,579.9,0.1,521.91,334.45,187.46,2024,3,Mar,2024-03,35.91807016535418
ORD-00741,2025-05-18,CUST-0333,Consumer,Alberta,Office Supplies,Pens,2,32.68,0.05,62.09,39.75,22.34,2025,5,May,2025-05,35.98002899017555
ORD-00742,2025-09-23,CUST-0932,Small Business,Ontario,Electronics,Laptop,3,1293.47,0.1,3492.37,1922.31,1570.06,2025,9,Sep,2025-09,44.95686310442479
ORD-00743,2024-12-17,CUST-0661,Corporate,Ontario,Furniture,Office Chair,5,392.86,0.0,1964.3,1514.6,449.7,2024,12,Dec,2024-12,22.893651682533218
ORD-00744,2024-09-23,CUST-0750,Consumer,Alberta,Office Supplies,Stapler,4,57.02,0.1,205.27,166.92,38.35,2024,9,Sep,2024-09,18.682710576314125
ORD-00745,2024-07-11,CUST-0202,Consumer,Manitoba,Clothing,Jeans,1,222.79,0.2,178.23,140.08,38.16,2024,7,Jul,2024-07,21.41053694664198
ORD-00746,2024-09-18,CUST-0751,Small Business,British Columbia,Electronics,Monitor,1,476.05,0.05,452.25,285.57,166.68,2024,9,Sep,2024-09,36.85572139303483
ORD-00747,2023-02-26,CUST-0341,Small Business,British Columbia,Electronics,Mouse,5,479.78,0.2,1919.12,1286.8,632.32,2023,2,Feb,2023-02,32.948434699237154
ORD-00748,2024-07-08,CUST-0972,Consumer,British Columbia,Furniture,Desk,3,149.24,0.15,380.56,301.74,78.82,2024,7,Jul,2024-07,20.71158293041833
ORD-00749,2025-05-07,CUST-0600,Consumer,Manitoba,Office Supplies,Folders,1,11.57,0.0,11.57,8.64,2.93,2025,5,May,2025-05,25.324114088159032
ORD-00750,2025-02-17,CUST-0934,Consumer,Quebec,Office Supplies,Pens,4,67.2,0.2,215.04,134.87,80.17,2025,2,Feb,2025-02,37.28143601190476
ORD-00751,2024-12-13,CUST-0184,Small Business,Manitoba,Office Supplies,Pens,1,99.05,0.2,79.24,63.86,15.38,2024,12,Dec,2024-12,19.409389197375067
ORD-00752,2025-04-10,CUST-0056,Consumer,Manitoba,Electronics,Mouse,3,1231.11,0.1,3324.0,2454.14,869.85,2025,4,Apr,2025-04,26.168772563176894
ORD-00753,2024-08-16,CUST-0914,Consumer,Quebec,Clothing,T-Shirt,1,63.6,0.15,54.06,31.03,23.03,2024,8,Aug,2024-08,42.600813910469846
ORD-00754,2025-02-07,CUST-0376,Corporate,Manitoba,Electronics,Monitor,2,954.87,0.1,1718.77,1205.07,513.7,2025,2,Feb,2025-02,29.887652216410576
ORD-00755,2025-05-14,CUST-0286,Corporate,Alberta,Office Supplies,Folders,4,92.03,0.1,331.31,195.81,135.49,2025,5,May,2025-05,40.89523407080981
ORD-00756,2024-12-06,CUST-0438,Consumer,Ontario,Electronics,Mouse,5,267.47,0.1,1203.62,832.0,371.61,2024,12,Dec,2024-12,30.874362340273514
ORD-00757,2023-02-11,CUST-0295,Consumer,British Columbia,Electronics,Keyboard,5,66.14,0.1,297.63,164.99,132.64,2023,2,Feb,2023-02,44.56539999328024
ORD-00758,2024-03-01,CUST-0800,Corporate,British Columbia,Electronics,Monitor,4,1429.58,0.1,5146.49,3946.67,1199.81,2024,3,Mar,2024-03,23.313170724124596
ORD-00759,2023-11-04,CUST-0967,Consumer,Quebec,Furniture,Lamp,2,737.53,0.0,1475.06,821.18,653.88,2023,11,Nov,2023-11,44.32904424226811
ORD-00760,2025-06-23,CUST-0557,Consumer,Quebec,Clothing,Jacket,5,233.88,0.0,1169.4,714.94,454.46,2025,6,Jun,2025-06,38.86266461433213
ORD-00761,2024-03-28,CUST-0464,Consumer,British Columbia,Clothing,Jeans,3,22.89,0.1,61.8,38.06,23.75,2024,3,Mar,2024-03,38.43042071197411
ORD-00762,2025-08-14,CUST-0574,Consumer,Quebec,Electronics,Keyboard,5,1351.22,0.1,6080.49,3491.45,2589.04,2025,8,Aug,2025-08,42.579463168264404
ORD-00763,2023-02-06,CUST-0644,Consumer,Ontario,Clothing,Shoes,3,20.94,0.2,50.26,32.32,17.94,2023,2,Feb,2023-02,35.69438917628333
ORD-00764,2024-06-23,CUST-0201,Corporate,Manitoba,Electronics,Headphones,2,455.29,0.0,910.58,688.72,221.86,2024,6,Jun,2024-06,24.364690636737024
ORD-00765,2025-07-06,CUST-0837,Consumer,Alberta,Office Supplies,Printer Paper,4,83.1,0.1,299.16,245.29,53.87,2025,7,Jul,2025-07,18.00708650889156
ORD-00766,2023-08-13,CUST-0817,Consumer,Manitoba,Furniture,Office Chair,2,200.92,0.2,321.47,201.71,119.76,2023,8,Aug,2023-08,37.2538650573926
ORD-00767,2025-11-17,CUST-0847,Corporate,Alberta,Electronics,Laptop,2,995.21,0.2,1592.34,975.65,616.68,2025,11,Nov,2025-11,38.727909868495416
ORD-00768,2023-10-04,CUST-0769,Consumer,Alberta,Furniture,Desk,2,62.77,0.1,112.99,66.36,46.63,2023,10,Oct,2023-10,41.26913886184618
ORD-00769,2023-12-20,CUST-0545,Consumer,Quebec,Electronics,Mouse,1,1578.93,0.2,1263.14,988.67,274.47,2023,12,Dec,2023-12,21.729182830090092
ORD-00770,2024-09-12,CUST-0735,Consumer,Ontario,Electronics,Laptop,5,223.06,0.05,1059.53,664.44,395.09,2024,9,Sep,2024-09,37.28917538908762
ORD-00771,2024-04-01,CUST-0593,Consumer,Manitoba,Electronics,Keyboard,3,1143.18,0.05,3258.06,2485.47,772.59,2024,4,Apr,2024-04,23.713191285611686
ORD-00772,2023-12-22,CUST-0130,Small Business,Ontario,Office Supplies,Printer Paper,1,94.01,0.1,84.61,64.98,19.63,2023,12,Dec,2023-12,23.20056730882874
ORD-00773,2023-12-16,CUST-0754,Consumer,Quebec,Office Supplies,Stapler,3,64.84,0.15,165.34,124.32,41.02,2023,12,Dec,2023-12,24.80948348856901
ORD-00774,2023-05-27,CUST-0520,Consumer,British Columbia,Electronics,Laptop,2,749.83,0.0,1499.66,1031.93,467.73,2023,5,May,2023-05,31.189069522425083
ORD-00775,2025-05-27,CUST-0354,Consumer,Quebec,Office Supplies,Pens,5,116.32,0.1,523.44,389.54,133.9,2025,5,May,2025-05,25.580773345560136
ORD-00776,2023-10-02,CUST-0145,Corporate,Ontario,Electronics,Headphones,4,1092.25,0.0,4369.0,3501.76,867.24,2023,10,Oct,2023-10,19.849851224536508
ORD-00777,2024-07-21,CUST-0666,Small Business,British Columbia,Electronics,Headphones,1,1143.35,0.2,914.68,659.62,255.06,2024,7,Jul,2024-07,27.885162023877204
ORD-00778,2024-10-29,CUST-0585,Consumer,Ontario,Clothing,T-Shirt,5,142.44,0.0,712.2,450.63,261.57,2024,10,Oct,2024-10,36.72704296545914
ORD-00779,2025-08-07,CUST-0962,Corporate,Alberta,Electronics,Headphones,2,628.58,0.15,1068.59,713.13,355.45,2025,8,Aug,2025-08,33.26345932490478
ORD-00780,2023-09-27,CUST-0843,Consumer,Manitoba,Electronics,Laptop,4,398.39,0.05,1513.88,1218.16,295.72,2023,9,Sep,2023-09,19.533912859671837
ORD-00781,2023-08-27,CUST-0020,Corporate,Ontario,Clothing,Jeans,5,137.3,0.05,652.17,442.7,209.48,2023,8,Aug,2023-08,32.120459389423004
ORD-00782,2023-09-10,CUST-0959,Consumer,Alberta,Clothing,T-Shirt,2,46.54,0.0,93.08,61.79,31.29,2023,9,Sep,2023-09,33.61624409110443
ORD-00783,2024-12-02,CUST-0521,Small Business,Alberta,Office Supplies,Pens,1,35.19,0.0,35.19,26.97,8.22,2024,12,Dec,2024-12,23.35890878090367
ORD-00784,2025-10-24,CUST-0648,Small Business,Alberta,Clothing,Jeans,5,233.21,0.0,1166.05,695.72,470.33,2025,10,Oct,2025-10,40.335320097765965
ORD-00785,2023-03-18,CUST-0381,Corporate,Quebec,Clothing,Jeans,4,68.36,0.15,232.42,162.31,70.11,2023,3,Mar,2023-03,30.165218139574907
ORD-00786,2024-06-23,CUST-0077,Corporate,Quebec,Furniture,Lamp,2,484.85,0.0,969.7,781.44,188.26,2024,6,Jun,2024-06,19.414251830463026
ORD-00787,2023-12-18,CUST-0143,Consumer,Manitoba,Office Supplies,Folders,1,98.38,0.05,93.46,51.52,41.94,2023,12,Dec,2023-12,44.87481275411941
ORD-00788,2024-08-18,CUST-0268,Consumer,British Columbia,Office Supplies,Printer Paper,3,32.94,0.05,93.88,51.81,42.07,2024,8,Aug,2024-08,44.8125266297401
ORD-00789,2024-08-26,CUST-0850,Consumer,Ontario,Office Supplies,Pens,1,63.53,0.2,50.82,40.76,10.07,2024,8,Aug,2024-08,19.81503345139709
ORD-00790,2025-09-11,CUST-0735,Consumer,Ontario,Clothing,Shoes,1,37.39,0.05,35.52,23.72,11.8,2025,9,Sep,2025-09,33.22072072072072
ORD-00791,2025-12-14,CUST-0343,Consumer,Manitoba,Office Supplies,Stapler,1,87.93,0.15,74.74,58.11,16.63,2025,12,Dec,2025-12,22.250468290072252
ORD-00792,2023-01-10,CUST-0579,Consumer,Ontario,Clothing,Jacket,4,75.19,0.1,270.68,197.63,73.06,2023,1,Jan,2023-01,26.991281217674008
ORD-00793,2023-09-28,CUST-0349,Consumer,Manitoba,Electronics,Keyboard,5,726.88,0.15,3089.24,1991.55,1097.69,2023,9,Sep,2023-09,35.53268765133172
ORD-00794,2025-11-12,CUST-0642,Consumer,Manitoba,Electronics,Mouse,1,474.0,0.15,402.9,252.02,150.88,2025,11,Nov,2025-11,37.44849838669645
ORD-00795,2025-12-10,CUST-0612,Corporate,Manitoba,Electronics,Headphones,3,173.62,0.15,442.73,270.78,171.95,2025,12,Dec,2025-12,38.838569782937675
ORD-00796,2023-05-28,CUST-0617,Corporate,Manitoba,Electronics,Mouse,1,1772.33,0.0,1772.33,979.29,793.04,2023,5,May,2023-05,44.745617351170495
ORD-00797,2023-09-25,CUST-0537,Consumer,British Columbia,Furniture,Cabinet,4,829.42,0.0,3317.68,2597.74,719.94,2023,9,Sep,2023-09,21.70010368691375
ORD-00798,2023-10-08,CUST-0014,Consumer,Manitoba,Office Supplies,Printer Paper,1,112.25,0.1,101.02,76.98,24.05,2023,10,Oct,2023-10,23.807166897644034
ORD-00799,2023-01-14,CUST-0289,Consumer,Quebec,Furniture,Bookshelf,1,447.59,0.05,425.21,247.61,177.6,2023,1,Jan,2023-01,41.76759718727217
ORD-00800,2023-03-13,CUST-0851,Consumer,British Columbia,Clothing,T-Shirt,5,85.26,0.0,426.3,303.64,122.66,2023,3,Mar,2023-03,28.77316443818907
ORD-00801,2023-11-20,CUST-0093,Consumer,Ontario,Clothing,Jacket,4,23.08,0.2,73.86,45.04,28.82,2023,11,Nov,2023-11,39.019767126997024
ORD-00802,2024-10-25,CUST-0380,Consumer,British Columbia,Office Supplies,Notebook,4,6.03,0.05,22.91,15.6,7.32,2024,10,Oct,2024-10,31.951113051069402
ORD-00803,2025-11-06,CUST-0577,Consumer,Quebec,Office Supplies,Printer Paper,4,14.87,0.05,56.51,42.61,13.89,2025,11,Nov,2025-11,24.579720403468414
ORD-00804,2025-07-28,CUST-0974,Small Business,Alberta,Office Supplies,Folders,1,10.02,0.2,8.02,5.1,2.91,2025,7,Jul,2025-07,36.28428927680798
ORD-00805,2024-07-02,CUST-0158,Small Business,Quebec,Electronics,Monitor,2,1207.14,0.15,2052.14,1359.12,693.01,2024,7,Jul,2024-07,33.77011315017494
ORD-00806,2024-01-16,CUST-0874,Consumer,Manitoba,Office Supplies,Folders,4,64.47,0.15,219.2,124.45,94.74,2024,1,Jan,2024-01,43.22080291970803
ORD-00807,2023-10-05,CUST-0528,Consumer,Quebec,Electronics,Mouse,3,1419.25,0.05,4044.86,2751.07,1293.8,2023,10,Oct,2023-10,31.986273937787708
ORD-00808,2025-06-23,CUST-0799,Consumer,British Columbia,Clothing,T-Shirt,2,126.0,0.2,201.6,121.63,79.97,2025,6,Jun,2025-06,39.66765873015873
ORD-00809,2025-02-12,CUST-0783,Consumer,Manitoba,Office Supplies,Folders,4,94.09,0.0,376.36,270.4,105.96,2025,2,Feb,2025-02,28.15389520671697
ORD-00810,2024-08-13,CUST-0192,Corporate,British Columbia,Office Supplies,Stapler,4,80.4,0.2,257.28,203.34,53.94,2024,8,Aug,2024-08,20.965485074626866
ORD-00811,2025-10-11,CUST-0604,Consumer,British Columbia,Electronics,Mouse,4,542.82,0.1,1954.15,1291.6,662.55,2025,10,Oct,2025-10,33.904766778394695
ORD-00812,2025-12-10,CUST-0299,Consumer,British Columbia,Office Supplies,Pens,4,57.7,0.0,230.8,183.33,47.47,2025,12,Dec,2025-12,20.567590987868282
ORD-00813,2025-12-03,CUST-0273,Consumer,British Columbia,Furniture,Desk,2,867.61,0.0,1735.22,1189.3,545.92,2025,12,Dec,2025-12,31.46114037413123
ORD-00814,2024-12-10,CUST-0433,Corporate,British Columbia,Office Supplies,Printer Paper,3,59.97,0.1,161.92,105.67,56.25,2024,12,Dec,2024-12,34.739377470355734
ORD-00815,2025-03-19,CUST-0708,Consumer,Quebec,Electronics,Monitor,5,926.21,0.15,3936.39,3107.33,829.06,2025,3,Mar,2025-03,21.06142938072701
ORD-00816,2023-07-30,CUST-0887,Consumer,Quebec,Office Supplies,Printer Paper,1,105.62,0.2,84.5,50.66,33.84,2023,7,Jul,2023-07,40.04733727810652
ORD-00817,2025-03-05,CUST-0868,Consumer,Ontario,Clothing,T-Shirt,5,59.28,0.05,281.58,166.08,115.5,2025,3,Mar,2025-03,41.01853824845515
ORD-00818,2023-03-14,CUST-0342,Consumer,Ontario,Electronics,Keyboard,5,1003.34,0.0,5016.7,3168.62,1848.08,2023,3,Mar,2023-03,36.83855921223115
ORD-00819,2024-06-26,CUST-0329,Consumer,Ontario,Clothing,T-Shirt,1,149.16,0.05,141.7,79.7,62.0,2024,6,Jun,2024-06,43.75441072688779
ORD-00820,2024-09-17,CUST-0711,Corporate,Manitoba,Office Supplies,Printer Paper,2,91.67,0.15,155.84,123.82,32.02,2024,9,Sep,2024-09,20.546714579055443
ORD-00821,2025-01-16,CUST-0761,Consumer,British Columbia,Electronics,Keyboard,2,882.39,0.0,1764.78,1124.27,640.51,2025,1,Jan,2025-01,36.29404231688936
ORD-00822,2024-04-03,CUST-0139,Consumer,Manitoba,Furniture,Office Chair,2,92.93,0.1,167.27,112.08,55.2,2024,4,Apr,2024-04,33.000538052250846
ORD-00823,2023-11-21,CUST-0890,Consumer,Quebec,Furniture,Lamp,2,212.77,0.05,404.26,270.99,133.28,2023,11,Nov,2023-11,32.96888141295206
ORD-00824,2023-09-14,CUST-0397,Small Business,Ontario,Electronics,Monitor,2,794.26,0.1,1429.67,952.91,476.75,2023,9,Sep,2023-09,33.34685626753027
ORD-00825,2024-07-22,CUST-0158,Consumer,Ontario,Office Supplies,Printer Paper,4,17.02,0.1,61.27,37.14,24.13,2024,7,Jul,2024-07,39.38305859311245
ORD-00826,2025-01-15,CUST-0490,Small Business,British Columbia,Clothing,Jacket,1,98.43,0.0,98.43,71.22,27.21,2025,1,Jan,2025-01,27.644010972264553
ORD-00827,2025-04-23,CUST-0420,Consumer,Quebec,Furniture,Lamp,1,871.29,0.0,871.29,580.44,290.85,2025,4,Apr,2025-04,33.38153771993252
ORD-00828,2024-02-21,CUST-0271,Consumer,Alberta,Clothing,Jacket,1,130.4,0.0,130.4,105.76,24.64,2024,2,Feb,2024-02,18.89570552147239
ORD-00829,2024-08-23,CUST-0726,Consumer,British Columbia,Electronics,Headphones,2,1751.69,0.05,3328.21,2683.23,644.98,2024,8,Aug,2024-08,19.379185808587803
ORD-00830,2025-09-27,CUST-0160,Consumer,British Columbia,Electronics,Monitor,3,1202.71,0.0,3608.13,2545.76,1062.37,2025,9,Sep,2025-09,29.443783899138886
ORD-00831,2023-04-22,CUST-0671,Consumer,Ontario,Furniture,Lamp,4,248.95,0.0,995.8,723.59,272.21,2023,4,Apr,2023-04,27.335810403695522
ORD-00832,2025-03-24,CUST-0549,Consumer,Alberta,Furniture,Bookshelf,5,436.71,0.1,1965.19,1579.96,385.23,2025,3,Mar,2025-03,19.602684727685364
ORD-00833,2024-10-23,CUST-0666,Corporate,Alberta,Electronics,Headphones,4,332.3,0.1,1196.28,714.83,481.45,2024,10,Oct,2024-10,40.24559467683151
ORD-00834,2024-04-05,CUST-0957,Consumer,British Columbia,Furniture,Cabinet,2,381.57,0.05,724.98,471.79,253.19,2024,4,Apr,2024-04,34.92372203371127
ORD-00835,2023-07-14,CUST-0472,Consumer,Manitoba,Office Supplies,Stapler,2,39.28,0.0,78.56,48.79,29.77,2023,7,Jul,2023-07,37.894602851323825
ORD-00836,2025-02-04,CUST-0242,Consumer,Manitoba,Office Supplies,Notebook,2,83.65,0.15,142.21,100.47,41.73,2025,2,Feb,2025-02,29.343927993811963
ORD-00837,2025-04-20,CUST-0619,Consumer,Alberta,Electronics,Mouse,3,1339.21,0.0,4017.63,2229.64,1787.99,2025,4,Apr,2025-04,44.50360038131934
ORD-00838,2024-10-18,CUST-0183,Consumer,Alberta,Office Supplies,Folders,3,72.28,0.1,195.16,158.48,36.67,2024,10,Oct,2024-10,18.789711006353762
ORD-00839,2025-12-26,CUST-0948,Consumer,Alberta,Furniture,Cabinet,3,488.71,0.05,1392.82,970.41,422.42,2025,12,Dec,2025-12,30.328398500883104
ORD-00840,2024-08-13,CUST-0260,Consumer,British Columbia,Electronics,Headphones,4,366.85,0.05,1394.03,943.31,450.72,2024,8,Aug,2024-08,32.33215927921207
ORD-00841,2024-04-23,CUST-0186,Corporate,Ontario,Electronics,Monitor,2,1210.11,0.0,2420.22,1450.97,969.25,2024,4,Apr,2024-04,40.04801216418342
ORD-00842,2024-01-23,CUST-0890,Consumer,Quebec,Clothing,Sweater,1,217.99,0.0,217.99,127.39,90.6,2024,1,Jan,2024-01,41.561539520161475
ORD-00843,2023-08-01,CUST-0171,Small Business,Quebec,Office Supplies,Pens,1,101.87,0.0,101.87,73.93,27.94,2023,8,Aug,2023-08,27.42711298714047
ORD-00844,2025-02-28,CUST-0502,Consumer,Ontario,Electronics,Keyboard,4,1572.9,0.2,5033.28,4073.9,959.38,2025,2,Feb,2025-02,19.060731769343253
ORD-00845,2025-05-19,CUST-0307,Corporate,Ontario,Electronics,Mouse,5,694.13,0.15,2950.05,2287.16,662.89,2025,5,May,2025-05,22.470466602260977
ORD-00846,2024-08-11,CUST-0074,Consumer,Quebec,Clothing,Jacket,1,153.99,0.05,146.29,106.82,39.47,2024,8,Aug,2024-08,26.98065486362704
ORD-00847,2023-09-05,CUST-0993,Small Business,British Columbia,Electronics,Laptop,5,810.66,0.05,3850.64,2823.43,1027.2,2023,9,Sep,2023-09,26.67608501443916
ORD-00848,2025-08-22,CUST-0775,Small Business,Manitoba,Clothing,Sweater,4,97.47,0.15,331.4,189.28,142.12,2025,8,Aug,2025-08,42.88473144236573
ORD-00849,2024-09-25,CUST-0482,Small Business,Alberta,Office Supplies,Stapler,5,63.23,0.0,316.15,184.96,131.19,2024,9,Sep,2024-09,41.49612525699826
ORD-00850,2025-12-21,CUST-0248,Consumer,Quebec,Electronics,Monitor,4,1026.01,0.0,4104.04,2804.45,1299.59,2025,12,Dec,2025-12,31.66611436535706
ORD-00851,2024-06-11,CUST-0691,Corporate,Manitoba,Electronics,Monitor,4,1418.63,0.05,5390.79,3701.15,1689.64,2024,6,Jun,2024-06,31.343087005800633
ORD-00852,2025-11-10,CUST-0639,Consumer,British Columbia,Office Supplies,Notebook,1,36.51,0.1,32.86,20.37,12.48,2025,11,Nov,2025-11,37.97930614729154
ORD-00853,2024-04-17,CUST-0793,Small Business,British Columbia,Furniture,Lamp,4,720.68,0.15,2450.31,1897.29,553.02,2024,4,Apr,2024-04,22.56938917932833
ORD-00854,2024-12-08,CUST-0486,Corporate,British Columbia,Office Supplies,Printer Paper,5,91.07,0.0,455.35,346.28,109.07,2024,12,Dec,2024-12,23.953003184363673
ORD-00855,2024-05-07,CUST-0421,Corporate,British Columbia,Electronics,Monitor,4,756.76,0.15,2572.98,1783.82,789.17,2024,5,May,2024-05,30.671439342707675
ORD-00856,2024-01-16,CUST-0031,Small Business,Ontario,Furniture,Desk,3,748.31,0.1,2020.44,1301.95,718.49,2024,1,Jan,2024-01,35.56106590643623
ORD-00857,2023-07-11,CUST-0592,Consumer,Alberta,Clothing,T-Shirt,4,104.45,0.1,376.02,278.56,97.46,2023,7,Jul,2023-07,25.918834104568905
ORD-00858,2023-01-09,CUST-0661,Consumer,Ontario,Office Supplies,Folders,3,61.13,0.1,165.05,120.72,44.34,2023,1,Jan,2023-01,26.86458648894274
ORD-00859,2024-06-01,CUST-0204,Small Business,Manitoba,Furniture,Lamp,2,404.83,0.15,688.21,491.56,196.65,2024,6,Jun,2024-06,28.574127083303065
ORD-00860,2025-11-14,CUST-0387,Corporate,British Columbia,Office Supplies,Printer Paper,1,119.72,0.2,95.78,58.09,37.68,2025,11,Nov,2025-11,39.34015452077678
ORD-00861,2024-05-09,CUST-0848,Consumer,British Columbia,Electronics,Headphones,2,586.64,0.15,997.29,776.75,220.54,2024,5,May,2024-05,22.11392874690411
ORD-00862,2024-10-18,CUST-0588,Small Business,British Columbia,Electronics,Laptop,3,1518.67,0.0,4556.01,3291.29,1264.72,2024,10,Oct,2024-10,27.759377174325778
ORD-00863,2024-01-28,CUST-0562,Consumer,Quebec,Furniture,Lamp,3,128.43,0.1,346.76,238.79,107.97,2024,1,Jan,2024-01,31.136809320567536
ORD-00864,2025-04-14,CUST-0197,Consumer,Quebec,Electronics,Keyboard,1,897.39,0.05,852.52,672.91,179.61,2025,4,Apr,2025-04,21.068127433960495
ORD-00865,2023-11-13,CUST-0695,Corporate,Ontario,Office Supplies,Pens,1,7.75,0.2,6.2,3.49,2.71,2023,11,Nov,2023-11,43.70967741935484
ORD-00866,2023-05-03,CUST-0757,Consumer,Manitoba,Furniture,Cabinet,4,460.99,0.1,1659.56,945.12,714.44,2023,5,May,2023-05,43.04996505097737
ORD-00867,2023-09-11,CUST-0041,Consumer,Manitoba,Clothing,Jacket,4,193.26,0.0,773.04,575.72,197.32,2023,9,Sep,2023-09,25.525199213494776
ORD-00868,2023-10-20,CUST-0912,Consumer,Manitoba,Electronics,Laptop,3,1219.71,0.1,3293.22,2427.29,865.93,2023,10,Oct,2023-10,26.294325918098394
ORD-00869,2025-02-07,CUST-0157,Consumer,British Columbia,Electronics,Keyboard,4,1775.87,0.1,6393.13,4809.65,1583.48,2025,2,Feb,2025-02,24.768462396353584
ORD-00870,2024-03-02,CUST-0331,Consumer,Ontario,Electronics,Mouse,3,1120.3,0.0,3360.9,2545.49,815.41,2024,3,Mar,2024-03,24.261656104019753
ORD-00871,2025-01-16,CUST-0993,Consumer,Quebec,Office Supplies,Stapler,3,106.33,0.15,271.14,191.76,79.38,2025,1,Jan,2025-01,29.276388581544587
ORD-00872,2025-02-20,CUST-0599,Corporate,Alberta,Clothing,Jacket,1,83.77,0.0,83.77,46.83,36.94,2025,2,Feb,2025-02,44.09693207592217
ORD-00873,2025-04-01,CUST-0316,Consumer,Manitoba,Furniture,Cabinet,1,457.59,0.0,457.59,296.99,160.6,2025,4,Apr,2025-04,35.09692082431871
ORD-00874,2025-11-11,CUST-0019,Consumer,Quebec,Electronics,Monitor,5,285.88,0.2,1143.52,800.0,343.52,2025,11,Nov,2025-11,30.04057646564992
ORD-00875,2025-06-16,CUST-0836,Consumer,Manitoba,Electronics,Keyboard,3,1283.8,0.05,3658.83,2533.42,1125.41,2025,6,Jun,2025-06,30.75873981573345
ORD-00876,2023-06-28,CUST-0632,Consumer,Ontario,Clothing,Jeans,4,187.2,0.0,748.8,560.63,188.17,2023,6,Jun,2023-06,25.1295405982906
ORD-00877,2024-10-10,CUST-0588,Corporate,Alberta,Furniture,Cabinet,2,680.39,0.2,1088.62,636.55,452.07,2024,10,Oct,2024-10,41.526887251749926
ORD-00878,2024-08-14,CUST-0628,Corporate,Manitoba,Furniture,Desk,1,686.12,0.15,583.2,461.19,122.01,2024,8,Aug,2024-08,20.920781893004115
ORD-00879,2023-10-30,CUST-0499,Consumer,Manitoba,Furniture,Cabinet,1,786.69,0.05,747.36,570.04,177.32,2023,10,Oct,2023-10,23.726182830229074
ORD-00880,2024-11-05,CUST-0101,Consumer,Quebec,Clothing,Sweater,2,94.62,0.0,189.24,142.38,46.86,2024,11,Nov,2024-11,24.762206721623333
ORD-00881,2023-10-29,CUST-0663,Small Business,Manitoba,Furniture,Cabinet,4,797.32,0.0,3189.28,2006.95,1182.33,2023,10,Oct,2023-10,37.072003712436654
ORD-00882,2025-01-08,CUST-0859,Consumer,Ontario,Office Supplies,Pens,4,68.13,0.2,218.02,155.44,62.58,2025,1,Jan,2025-01,28.703788643243737
ORD-00883,2023-11-21,CUST-0844,Consumer,Alberta,Electronics,Laptop,5,101.75,0.2,407.0,258.49,148.51,2023,11,Nov,2023-11,36.488943488943484
ORD-00884,2023-08-13,CUST-0883,Consumer,Manitoba,Electronics,Monitor,3,488.52,0.0,1465.56,970.36,495.2,2023,8,Aug,2023-08,33.789131799448676
ORD-00885,2025-01-07,CUST-0530,Consumer,Quebec,Office Supplies,Printer Paper,5,113.16,0.0,565.8,407.59,158.21,2025,1,Jan,2025-01,27.962177447861443
ORD-00886,2023-01-25,CUST-0836,Consumer,Alberta,Office Supplies,Pens,3,103.52,0.0,310.56,207.44,103.12,2023,1,Jan,2023-01,33.204533745492014
ORD-00887,2023-11-16,CUST-0741,Consumer,Ontario,Furniture,Cabinet,5,80.4,0.0,402.0,270.56,131.44,2023,11,Nov,2023-11,32.69651741293532
ORD-00888,2023-11-03,CUST-0896,Small Business,Quebec,Office Supplies,Printer Paper,3,88.95,0.05,253.51,195.61,57.9,2023,11,Nov,2023-11,22.839335726401323
ORD-00889,2024-11-07,CUST-0296,Consumer,Manitoba,Electronics,Mouse,2,243.91,0.1,439.04,335.15,103.89,2024,11,Nov,2024-11,23.662991982507286
ORD-00890,2024-03-03,CUST-0696,Consumer,Alberta,Office Supplies,Pens,2,27.62,0.0,55.24,30.6,24.64,2024,3,Mar,2024-03,44.605358435916
ORD-00891,2023-03-05,CUST-0264,Consumer,Ontario,Clothing,T-Shirt,4,118.91,0.05,451.86,249.55,202.31,2023,3,Mar,2023-03,44.772717213296154
ORD-00892,2023-09-01,CUST-0004,Consumer,Quebec,Furniture,Office Chair,5,505.19,0.1,2273.36,1487.92,785.44,2023,9,Sep,2023-09,34.5497413520076
ORD-00893,2024-09-10,CUST-0400,Small Business,Manitoba,Furniture,Office Chair,3,485.7,0.0,1457.1,1125.05,332.05,2024,9,Sep,2024-09,22.78841534554938
ORD-00894,2024-01-16,CUST-0284,Small Business,Alberta,Furniture,Office Chair,3,478.03,0.05,1362.39,929.78,432.6,2024,1,Jan,2024-01,31.753022262347784
ORD-00895,2023-05-07,CUST-0333,Consumer,British Columbia,Electronics,Mouse,1,755.05,0.0,755.05,470.14,284.91,2023,5,May,2023-05,37.7339249056354
ORD-00896,2023-05-19,CUST-0038,Consumer,Ontario,Electronics,Laptop,4,1466.57,0.05,5572.97,4390.25,1182.72,2023,5,May,2023-05,21.22243615163907
ORD-00897,2024-01-31,CUST-0349,Small Business,Alberta,Office Supplies,Notebook,5,33.15,0.05,157.46,106.71,50.76,2024,1,Jan,2024-01,32.2367585418519
ORD-00898,2024-04-12,CUST-0680,Corporate,Manitoba,Electronics,Laptop,1,495.08,0.0,495.08,356.31,138.77,2024,4,Apr,2024-04,28.029813363496814
ORD-00899,2024-03-20,CUST-0029,Consumer,Quebec,Furniture,Cabinet,1,336.62,0.0,336.62,231.47,105.15,2024,3,Mar,2024-03,31.23700314895134
ORD-00900,2024-05-08,CUST-0172,Corporate,British Columbia,Office Supplies,Notebook,1,23.85,0.2,19.08,15.48,3.6,2024,5,May,2024-05,18.867924528301888
ORD-00901,2023-09-12,CUST-0643,Small Business,Alberta,Electronics,Mouse,2,337.52,0.1,607.54,343.52,264.02,2023,9,Sep,2023-09,43.45722092372519
ORD-00902,2023-05-13,CUST-0836,Consumer,Manitoba,Clothing,Jeans,4,28.88,0.0,115.52,67.56,47.96,2023,5,May,2023-05,41.51662049861496
ORD-00903,2023-10-26,CUST-0122,Small Business,Ontario,Furniture,Desk,3,248.9,0.0,746.7,414.5,332.2,2023,10,Oct,2023-10,44.48908530869157
ORD-00904,2025-09-21,CUST-0221,Corporate,Alberta,Clothing,Sweater,5,24.23,0.1,109.04,65.87,43.17,2025,9,Sep,2025-09,39.59097578870139
ORD-00905,2024-07-06,CUST-0095,Corporate,Manitoba,Furniture,Lamp,3,716.36,0.0,2149.08,1564.82,584.26,2024,7,Jul,2024-07,27.186517021236995
ORD-00906,2025-05-04,CUST-0196,Small Business,Alberta,Electronics,Monitor,2,1023.14,0.0,2046.28,1241.21,805.07,2025,5,May,2025-05,39.343100650937316
ORD-00907,2025-03-26,CUST-0279,Corporate,Quebec,Office Supplies,Printer Paper,5,84.04,0.2,336.16,194.14,142.02,2025,3,Mar,2025-03,42.24773917182294
ORD-00908,2025-10-10,CUST-0236,Consumer,Quebec,Office Supplies,Pens,4,11.5,0.15,39.1,25.72,13.38,2025,10,Oct,2025-10,34.21994884910486
ORD-00909,2025-08-27,CUST-0148,Consumer,Alberta,Clothing,T-Shirt,2,186.28,0.05,353.93,275.11,78.82,2025,8,Aug,2025-08,22.26994038369169
ORD-00910,2024-04-10,CUST-0907,Consumer,Ontario,Office Supplies,Printer Paper,5,100.01,0.15,425.04,328.07,96.98,2024,4,Apr,2024-04,22.81667607754564
ORD-00911,2023-01-12,CUST-0923,Consumer,Ontario,Electronics,Headphones,2,209.68,0.0,419.36,322.58,96.78,2023,1,Jan,2023-01,23.078023655093475
ORD-00912,2024-08-29,CUST-0815,Consumer,Alberta,Electronics,Monitor,3,1602.07,0.05,4565.9,2635.45,1930.45,2024,8,Aug,2024-08,42.279725793381374
ORD-00913,2023-01-01,CUST-0845,Consumer,Alberta,Electronics,Laptop,1,234.09,0.2,187.27,138.05,49.22,2023,1,Jan,2023-01,26.282907032626685
ORD-00914,2025-11-10,CUST-0763,Small Business,Ontario,Office Supplies,Stapler,4,103.91,0.0,415.64,335.06,80.58,2025,11,Nov,2025-11,19.38696949283033
ORD-00915,2025-07-17,CUST-0802,Corporate,Manitoba,Electronics,Laptop,4,1482.79,0.1,5338.04,3563.73,1774.32,2025,7,Jul,2025-07,33.23916643562057
ORD-00916,2024-06-12,CUST-0042,Corporate,Quebec,Furniture,Office Chair,2,262.47,0.1,472.45,327.82,144.63,2024,6,Jun,2024-06,30.61276325537094
ORD-00917,2025-12-27,CUST-0336,Consumer,Manitoba,Electronics,Mouse,1,1201.18,0.05,1141.12,889.62,251.5,2025,12,Dec,2025-12,22.039750420639372
ORD-00918,2023-09-11,CUST-0074,Consumer,Alberta,Furniture,Lamp,3,879.67,0.0,2639.01,2102.31,536.7,2023,9,Sep,2023-09,20.337171894005706
ORD-00919,2023-11-09,CUST-0455,Consumer,Quebec,Clothing,T-Shirt,1,195.49,0.0,195.49,149.81,45.68,2023,11,Nov,2023-11,23.366924139342167
ORD-00920,2023-01-19,CUST-0836,Corporate,Ontario,Office Supplies,Printer Paper,3,62.46,0.0,187.38,127.48,59.9,2023,1,Jan,2023-01,31.96712562706799
ORD-00921,2025-09-18,CUST-0324,Consumer,British Columbia,Electronics,Laptop,5,1436.22,0.1,6462.99,5273.39,1189.6,2025,9,Sep,2025-09,18.406341337368616
ORD-00922,2024-03-21,CUST-0517,Consumer,Manitoba,Clothing,Sweater,2,27.43,0.15,46.63,33.31,13.32,2024,3,Mar,2024-03,28.565301308170703
ORD-00923,2023-11-03,CUST-0746,Consumer,Ontario,Electronics,Headphones,3,1736.14,0.0,5208.42,3033.76,2174.66,2023,11,Nov,2023-11,41.75277723378682
ORD-00924,2025-05-21,CUST-0132,Small Business,British Columbia,Office Supplies,Pens,1,110.92,0.0,110.92,81.14,29.78,2025,5,May,2025-05,26.84817886765236
ORD-00925,2025-05-30,CUST-0019,Consumer,British Columbia,Electronics,Monitor,3,1570.43,0.1,4240.16,2987.0,1253.16,2025,5,May,2025-05,29.55454511150523
ORD-00926,2025-04-02,CUST-0915,Corporate,Ontario,Electronics,Headphones,4,378.81,0.1,1363.72,823.28,540.44,2025,4,Apr,2025-04,39.629836036723084
ORD-00927,2023-09-06,CUST-0704,Consumer,Manitoba,Electronics,Laptop,5,1324.36,0.0,6621.8,5194.41,1427.39,2023,9,Sep,2023-09,21.555921350690145
ORD-00928,2025-04-17,CUST-0010,Consumer,Manitoba,Clothing,Shoes,1,54.33,0.2,43.46,30.01,13.45,2025,4,Apr,2025-04,30.947998159226874
ORD-00929,2024-04-24,CUST-0779,Consumer,British Columbia,Electronics,Monitor,5,701.81,0.0,3509.05,2476.84,1032.21,2024,4,Apr,2024-04,29.4156538094356
ORD-00930,2023-11-15,CUST-0513,Consumer,Quebec,Clothing,Sweater,5,106.77,0.15,453.77,302.9,150.87,2023,11,Nov,2023-11,33.24812129492915
ORD-00931,2024-12-23,CUST-0112,Consumer,Alberta,Clothing,Sweater,4,226.57,0.05,860.97,591.28,269.68,2024,12,Dec,2024-12,31.32281031859414
ORD-00932,2025-01-08,CUST-0961,Consumer,British Columbia,Office Supplies,Folders,2,105.2,0.0,210.4,166.72,43.68,2025,1,Jan,2025-01,20.76045627376426
ORD-00933,2025-02-04,CUST-0256,Consumer,Manitoba,Electronics,Keyboard,5,961.87,0.05,4568.88,2912.88,1656.0,2025,2,Feb,2025-02,36.24520670273677
ORD-00934,2025-06-27,CUST-0184,Consumer,Manitoba,Office Supplies,Folders,2,16.7,0.0,33.4,21.33,12.07,2025,6,Jun,2025-06,36.137724550898206
ORD-00935,2025-06-08,CUST-0508,Corporate,Ontario,Furniture,Lamp,3,552.24,0.15,1408.21,1124.87,283.34,2025,6,Jun,2025-06,20.120578606883914
ORD-00936,2023-06-08,CUST-0638,Consumer,Alberta,Clothing,Jacket,1,245.64,0.0,245.64,149.04,96.6,2023,6,Jun,2023-06,39.325842696629216
ORD-00937,2025-11-18,CUST-0304,Consumer,Ontario,Electronics,Mouse,2,599.59,0.1,1079.26,699.98,379.28,2025,11,Nov,2025-11,35.14259770583548
ORD-00938,2025-09-10,CUST-0941,Small Business,British Columbia,Office Supplies,Printer Paper,1,63.62,0.05,60.44,33.67,26.77,2025,9,Sep,2025-09,44.29185969556585
ORD-00939,2023-09-12,CUST-0525,Consumer,Alberta,Furniture,Desk,5,727.32,0.05,3454.77,1916.87,1537.9,2023,9,Sep,2023-09,44.51526440255068
ORD-00940,2024-11-10,CUST-0867,Corporate,Quebec,Office Supplies,Stapler,5,15.73,0.15,66.85,51.96,14.9,2024,11,Nov,2024-11,22.28870605833957
ORD-00941,2023-08-31,CUST-0806,Consumer,British Columbia,Clothing,T-Shirt,5,79.58,0.0,397.9,240.45,157.45,2023,8,Aug,2023-08,39.57024377984418
ORD-00942,2023-11-07,CUST-0122,Consumer,Quebec,Furniture,Desk,2,888.03,0.0,1776.06,1267.0,509.06,2023,11,Nov,2023-11,28.662319966667795
ORD-00943,2025-07-21,CUST-0366,Consumer,British Columbia,Clothing,Jeans,1,44.24,0.1,39.82,24.11,15.7,2025,7,Jul,2025-07,39.42742340532396
ORD-00944,2024-12-01,CUST-0690,Consumer,British Columbia,Office Supplies,Stapler,5,69.24,0.15,294.27,196.16,98.11,2024,12,Dec,2024-12,33.34012981275699
ORD-00945,2023-09-04,CUST-0464,Consumer,Ontario,Furniture,Lamp,3,717.31,0.0,2151.93,1256.14,895.79,2023,9,Sep,2023-09,41.627283415352736
ORD-00946,2023-09-13,CUST-0683,Corporate,British Columbia,Office Supplies,Stapler,2,105.28,0.1,189.5,146.7,42.81,2023,9,Sep,2023-09,22.591029023746703
ORD-00947,2025-08-05,CUST-0473,Consumer,Manitoba,Electronics,Headphones,3,865.39,0.0,2596.17,1997.56,598.61,2025,8,Aug,2025-08,23.057426901936314
ORD-00948,2023-11-04,CUST-0726,Corporate,Ontario,Furniture,Desk,1,603.18,0.15,512.7,367.58,145.12,2023,11,Nov,2023-11,28.305051687146477
ORD-00949,2024-02-27,CUST-0227,Consumer,Quebec,Office Supplies,Pens,2,58.91,0.0,117.82,72.02,45.8,2024,2,Feb,2024-02,38.87285690035648
ORD-00950,2023-06-28,CUST-0172,Small Business,Manitoba,Furniture,Bookshelf,1,106.68,0.0,106.68,72.83,33.85,2023,6,Jun,2023-06,31.730408698912637
ORD-00951,2025-10-15,CUST-0870,Consumer,Manitoba,Electronics,Keyboard,3,1352.14,0.15,3447.96,2551.86,896.1,2025,10,Oct,2025-10,25.989280618104623
ORD-00952,2024-07-18,CUST-0500,Consumer,Alberta,Furniture,Desk,5,772.49,0.05,3669.33,2468.39,1200.93,2024,7,Jul,2024-07,32.7288633074703
ORD-00953,2024-08-24,CUST-0828,Consumer,Alberta,Furniture,Office Chair,4,342.46,0.05,1301.35,874.62,426.73,2024,8,Aug,2024-08,32.79133207822646
ORD-00954,2024-08-30,CUST-0764,Small Business,British Columbia,Electronics,Keyboard,3,1377.64,0.05,3926.27,2661.06,1265.22,2024,8,Aug,2024-08,32.22447768492743
ORD-00955,2023-01-11,CUST-0767,Consumer,Ontario,Office Supplies,Pens,5,85.27,0.0,426.35,249.49,176.86,2023,1,Jan,2023-01,41.48235018177554
ORD-00956,2023-07-26,CUST-0724,Consumer,Manitoba,Clothing,Shoes,3,76.75,0.0,230.25,171.88,58.37,2023,7,Jul,2023-07,25.35070575461455
ORD-00957,2023-06-25,CUST-0142,Consumer,Quebec,Electronics,Mouse,5,769.62,0.1,3463.29,2149.17,1314.12,2023,6,Jun,2023-06,37.94426686763164
ORD-00958,2024-02-23,CUST-0697,Corporate,Manitoba,Office Supplies,Notebook,5,84.9,0.2,339.6,199.76,139.84,2024,2,Feb,2024-02,41.177856301531214
ORD-00959,2023-06-04,CUST-0383,Corporate,British Columbia,Clothing,Jacket,3,142.52,0.2,342.05,197.46,144.59,2023,6,Jun,2023-06,42.27159771963163
ORD-00960,2024-12-30,CUST-0955,Consumer,Quebec,Electronics,Laptop,4,74.8,0.0,299.2,237.9,61.3,2024,12,Dec,2024-12,20.487967914438503
ORD-00961,2024-06-08,CUST-0676,Consumer,Manitoba,Office Supplies,Folders,5,5.35,0.0,26.75,17.74,9.01,2024,6,Jun,2024-06,33.6822429906542
ORD-00962,2025-09-03,CUST-1000,Consumer,Manitoba,Electronics,Headphones,2,66.84,0.0,133.68,102.77,30.91,2025,9,Sep,2025-09,23.122381807301014
ORD-00963,2023-09-16,CUST-0449,Consumer,Quebec,Clothing,Jacket,4,244.94,0.05,930.77,546.93,383.84,2023,9,Sep,2023-09,41.23897418266596
ORD-00964,2023-12-07,CUST-0408,Small Business,British Columbia,Office Supplies,Pens,5,89.33,0.0,446.65,289.09,157.56,2023,12,Dec,2023-12,35.27594313220643
ORD-00965,2025-07-04,CUST-0850,Consumer,Manitoba,Office Supplies,Printer Paper,4,10.57,0.0,42.28,34.17,8.11,2025,7,Jul,2025-07,19.181646168401134
ORD-00966,2024-06-16,CUST-0987,Corporate,Ontario,Furniture,Lamp,2,612.16,0.05,1163.1,858.79,304.31,2024,6,Jun,2024-06,26.16370045567879
ORD-00967,2024-08-26,CUST-0431,Consumer,Alberta,Clothing,Sweater,3,109.7,0.15,279.74,194.74,84.99,2024,8,Aug,2024-08,30.38178308429255
ORD-00968,2025-10-27,CUST-0747,Consumer,Alberta,Clothing,T-Shirt,4,221.97,0.1,799.09,613.02,186.07,2025,10,Oct,2025-10,23.28523695703863
ORD-00969,2023-09-28,CUST-0277,Consumer,Alberta,Clothing,Shoes,5,46.57,0.0,232.85,168.82,64.03,2023,9,Sep,2023-09,27.498389521150955
ORD-00970,2023-11-15,CUST-0052,Small Business,Ontario,Office Supplies,Printer Paper,3,73.28,0.0,219.84,160.33,59.51,2023,11,Nov,2023-11,27.069687045123725
ORD-00971,2023-09-12,CUST-0971,Consumer,Ontario,Clothing,Jeans,5,87.33,0.2,349.32,277.0,72.32,2023,9,Sep,2023-09,20.703080270239322
ORD-00972,2024-09-11,CUST-0757,Consumer,Alberta,Furniture,Cabinet,3,218.85,0.2,525.24,326.89,198.35,2024,9,Sep,2024-09,37.76368898027568
ORD-00973,2023-03-04,CUST-0913,Consumer,Quebec,Electronics,Monitor,1,1391.26,0.0,1391.26,772.2,619.06,2023,3,Mar,2023-03,44.4963558213418
ORD-00974,2025-12-04,CUST-0260,Corporate,British Columbia,Office Supplies,Folders,3,66.86,0.15,170.49,94.21,76.28,2025,12,Dec,2025-12,44.74162707490175
ORD-00975,2025-11-19,CUST-0415,Consumer,Alberta,Clothing,Jacket,1,99.99,0.1,89.99,59.66,30.33,2025,11,Nov,2025-11,33.703744860540056
ORD-00976,2025-03-31,CUST-0599,Consumer,Quebec,Furniture,Bookshelf,1,262.39,0.0,262.39,170.5,91.89,2025,3,Mar,2025-03,35.02038949655093
ORD-00977,2023-03-01,CUST-0385,Consumer,Ontario,Electronics,Mouse,5,1374.68,0.0,6873.4,4079.34,2794.06,2023,3,Mar,2023-03,40.65033316844648
ORD-00978,2023-08-19,CUST-0922,Consumer,Quebec,Clothing,T-Shirt,2,24.69,0.15,41.97,27.0,14.97,2023,8,Aug,2023-08,35.66833452466047
ORD-00979,2025-04-30,CUST-0707,Consumer,British Columbia,Electronics,Laptop,5,992.6,0.0,4963.0,3813.69,1149.31,2025,4,Apr,2025-04,23.157565988313518
ORD-00980,2023-10-20,CUST-0098,Small Business,Ontario,Office Supplies,Pens,5,48.54,0.05,230.56,161.27,69.3,2023,10,Oct,2023-10,30.057251908396942
ORD-00981,2023-06-11,CUST-0078,Consumer,Alberta,Office Supplies,Stapler,4,79.89,0.05,303.58,185.64,117.94,2023,6,Jun,2023-06,38.849726595954934
ORD-00982,2023-07-06,CUST-0275,Small Business,British Columbia,Furniture,Desk,5,182.39,0.05,866.35,704.28,162.08,2023,7,Jul,2023-07,18.70837421365499
ORD-00983,2023-01-26,CUST-0046,Consumer,Alberta,Office Supplies,Printer Paper,5,6.5,0.0,32.5,20.09,12.41,2023,1,Jan,2023-01,38.184615384615384
ORD-00984,2024-08-21,CUST-0147,Consumer,Manitoba,Furniture,Bookshelf,2,101.06,0.1,181.91,107.34,74.57,2024,8,Aug,2024-08,40.99279863668847
ORD-00985,2023-04-11,CUST-0887,Corporate,Ontario,Clothing,Jacket,4,97.49,0.05,370.46,268.62,101.84,2023,4,Apr,2023-04,27.490147384332992
ORD-00986,2024-03-30,CUST-0090,Consumer,Alberta,Furniture,Office Chair,3,274.24,0.0,822.72,453.81,368.91,2024,3,Mar,2024-03,44.84028588098016
ORD-00987,2023-04-18,CUST-0481,Consumer,British Columbia,Furniture,Office Chair,2,838.72,0.1,1509.7,1150.07,359.62,2023,4,Apr,2023-04,23.820626614559185
ORD-00988,2023-04-27,CUST-0560,Corporate,British Columbia,Clothing,Jeans,2,186.42,0.05,354.2,263.4,90.8,2023,4,Apr,2023-04,25.635234330886504
ORD-00989,2025-07-05,CUST-0849,Corporate,Alberta,Clothing,Jacket,4,27.27,0.15,92.72,63.4,29.31,2025,7,Jul,2025-07,31.61130284728214
ORD-00990,2025-10-14,CUST-0664,Consumer,Manitoba,Furniture,Cabinet,3,757.36,0.05,2158.48,1312.31,846.16,2025,10,Oct,2025-10,39.20166042770838
ORD-00991,2025-06-07,CUST-0796,Consumer,Manitoba,Electronics,Monitor,4,479.9,0.05,1823.62,1486.54,337.08,2025,6,Jun,2025-06,18.48411401498119
ORD-00992,2025-07-20,CUST-0505,Consumer,British Columbia,Office Supplies,Stapler,2,23.44,0.1,42.19,23.56,18.64,2025,7,Jul,2025-07,44.18108556529984
ORD-00993,2024-04-19,CUST-0284,Consumer,British Columbia,Clothing,Jeans,5,160.23,0.0,801.15,608.77,192.38,2024,4,Apr,2024-04,24.01298133932472
ORD-00994,2025-07-10,CUST-0884,Consumer,Manitoba,Electronics,Laptop,5,772.13,0.15,3281.55,2029.2,1252.35,2025,7,Jul,2025-07,38.163367920647254
ORD-00995,2024-07-19,CUST-0487,Consumer,Manitoba,Office Supplies,Folders,1,35.02,0.0,35.02,21.67,13.35,2024,7,Jul,2024-07,38.121073672187315
ORD-00996,2024-06-21,CUST-0116,Consumer,Manitoba,Furniture,Lamp,4,246.04,0.05,934.95,719.2,215.75,2024,6,Jun,2024-06,23.076100326220654
ORD-00997,2023-06-09,CUST-0528,Consumer,Alberta,Office Supplies,Folders,5,18.46,0.0,92.3,59.28,33.02,2023,6,Jun,2023-06,35.774647887323944
ORD-00998,2024-09-06,CUST-0723,Small Business,Alberta,Furniture,Desk,2,475.28,0.0,950.56,645.13,305.43,2024,9,Sep,2024-09,32.13158559165124
ORD-00999,2024-08-05,CUST-0592,Corporate,Alberta,Furniture,Lamp,2,493.64,0.0,987.28,597.14,390.14,2024,8,Aug,2024-08,39.51665181103638
ORD-01000,2024-06-19,CUST-0423,Small Business,Quebec,Office Supplies,Stapler,4,14.94,0.0,59.76,40.28,19.48,2024,6,Jun,2024-06,32.59705488621151
ORD-01001,2023-01-27,CUST-0696,Consumer,Quebec,Furniture,Lamp,1,504.11,0.1,453.7,257.08,196.62,2023,1,Jan,2023-01,43.33700683270884
ORD-01002,2024-04-22,CUST-0418,Consumer,Quebec,Clothing,Sweater,5,154.37,0.0,771.85,544.03,227.82,2024,4,Apr,2024-04,29.516097687374486
ORD-01003,2025-11-26,CUST-0661,Consumer,Manitoba,Electronics,Monitor,2,362.25,0.1,652.05,435.92,216.13,2025,11,Nov,2025-11,33.14623111724561
ORD-01004,2025-08-24,CUST-0745,Consumer,Quebec,Electronics,Laptop,5,1659.28,0.0,8296.4,5849.45,2446.95,2025,8,Aug,2025-08,29.494117930668722
ORD-01005,2023-06-06,CUST-0381,Consumer,British Columbia,Clothing,Shoes,5,22.93,0.05,108.92,76.54,32.38,2023,6,Jun,2023-06,29.728240910760196
ORD-01006,2023-08-27,CUST-0715,Consumer,Manitoba,Office Supplies,Stapler,5,82.22,0.2,328.88,230.63,98.25,2023,8,Aug,2023-08,29.87411821941134
ORD-01007,2024-01-11,CUST-0556,Corporate,Alberta,Clothing,Sweater,1,121.87,0.2,97.5,68.01,29.49,2024,1,Jan,2024-01,30.246153846153845
ORD-01008,2024-06-27,CUST-0568,Consumer,Alberta,Furniture,Cabinet,4,134.71,0.05,511.9,305.68,206.22,2024,6,Jun,2024-06,40.285211955460056
ORD-01009,2025-06-16,CUST-0953,Small Business,British Columbia,Electronics,Laptop,1,126.57,0.0,126.57,101.85,24.72,2025,6,Jun,2025-06,19.530694477364303
ORD-01010,2024-07-06,CUST-0140,Consumer,Quebec,Electronics,Monitor,3,1105.86,0.15,2819.94,2074.32,745.62,2024,7,Jul,2024-07,26.440988106129915
ORD-01011,2023-01-13,CUST-0241,Consumer,Ontario,Office Supplies,Printer Paper,1,7.25,0.05,6.89,5.33,1.56,2023,1,Jan,2023-01,22.641509433962266
ORD-01012,2024-10-15,CUST-0087,Consumer,Alberta,Electronics,Headphones,1,1187.53,0.0,1187.53,843.7,343.83,2024,10,Oct,2024-10,28.95337380950376
ORD-01013,2023-02-09,CUST-0306,Consumer,Ontario,Electronics,Headphones,2,436.4,0.0,872.8,528.6,344.2,2023,2,Feb,2023-02,39.43629697525206
ORD-01014,2023-05-13,CUST-0173,Small Business,Alberta,Electronics,Mouse,3,723.47,0.0,2170.41,1668.47,501.94,2023,5,May,2023-05,23.126506051851955
ORD-01015,2023-10-20,CUST-0166,Small Business,Quebec,Office Supplies,Notebook,5,36.57,0.0,182.85,138.18,44.67,2023,10,Oct,2023-10,24.429860541427402
ORD-01016,2023-09-07,CUST-0735,Small Business,Ontario,Office Supplies,Folders,2,29.64,0.15,50.39,31.31,19.07,2023,9,Sep,2023-09,37.844810478269494
ORD-01017,2023-11-17,CUST-0783,Consumer,Manitoba,Office Supplies,Folders,3,66.13,0.05,188.47,138.18,50.29,2023,11,Nov,2023-11,26.683291770573565
ORD-01018,2023-06-22,CUST-0412,Corporate,Ontario,Furniture,Office Chair,4,639.77,0.1,2303.17,1667.08,636.09,2023,6,Jun,2023-06,27.618022117342623
ORD-01019,2025-03-28,CUST-0684,Consumer,British Columbia,Office Supplies,Printer Paper,4,68.64,0.1,247.1,161.0,86.11,2025,3,Mar,2025-03,34.84823957911777
ORD-01020,2024-09-12,CUST-0844,Small Business,Manitoba,Electronics,Keyboard,4,1234.87,0.05,4692.51,2955.99,1736.52,2024,9,Sep,2024-09,37.006207765140616
ORD-01021,2025-11-06,CUST-0546,Consumer,Ontario,Office Supplies,Folders,4,9.74,0.1,35.06,23.41,11.65,2025,11,Nov,2025-11,33.22875071306332
ORD-01022,2025-09-19,CUST-0569,Small Business,British Columbia,Office Supplies,Pens,1,18.61,0.0,18.61,12.08,6.53,2025,9,Sep,2025-09,35.08866200967222
ORD-01023,2025-12-27,CUST-0563,Consumer,Quebec,Office Supplies,Notebook,3,73.84,0.1,199.37,124.32,75.04,2025,12,Dec,2025-12,37.63856146862617
ORD-01024,2025-01-27,CUST-0410,Consumer,Manitoba,Clothing,T-Shirt,5,149.79,0.0,748.95,468.85,280.1,2025,1,Jan,2025-01,37.3990253020896
ORD-01025,2025-07-14,CUST-0833,Consumer,Quebec,Furniture,Lamp,1,383.01,0.1,344.71,248.61,96.1,2025,7,Jul,2025-07,27.878506570740626
ORD-01026,2023-02-03,CUST-0026,Small Business,British Columbia,Electronics,Mouse,2,1206.6,0.05,2292.54,1528.52,764.02,2023,2,Feb,2023-02,33.32635417484537
ORD-01027,2024-04-20,CUST-0704,Corporate,Quebec,Electronics,Laptop,3,666.49,0.2,1599.58,1248.02,351.56,2024,4,Apr,2024-04,21.97826929569012
ORD-01028,2024-11-07,CUST-0413,Consumer,British Columbia,Electronics,Mouse,1,88.83,0.15,75.51,46.96,28.55,2024,11,Nov,2024-11,37.809561647463916
ORD-01029,2024-01-05,CUST-0608,Corporate,Quebec,Furniture,Desk,1,716.56,0.0,716.56,459.5,257.06,2024,1,Jan,2024-01,35.874176621636714
ORD-01030,2024-10-01,CUST-0664,Consumer,Manitoba,Office Supplies,Notebook,5,50.89,0.15,216.28,121.37,94.91,2024,10,Oct,2024-10,43.88292953578694
ORD-01031,2024-03-27,CUST-0150,Corporate,Alberta,Furniture,Lamp,4,791.29,0.2,2532.13,1949.39,582.74,2024,3,Mar,2024-03,23.013826304336664
ORD-01032,2024-08-03,CUST-0326,Consumer,Alberta,Electronics,Monitor,2,367.47,0.2,587.95,450.32,137.63,2024,8,Aug,2024-08,23.40845309975338
ORD-01033,2023-03-03,CUST-0856,Consumer,British Columbia,Clothing,Sweater,3,204.64,0.0,613.92,441.07,172.85,2023,3,Mar,2023-03,28.155134219442274
ORD-01034,2023-06-09,CUST-0941,Consumer,Manitoba,Clothing,Shoes,5,77.63,0.05,368.74,268.26,100.48,2023,6,Jun,2023-06,27.24955253023811
ORD-01035,2025-07-07,CUST-0700,Corporate,Quebec,Office Supplies,Pens,4,84.27,0.0,337.08,234.1,102.98,2025,7,Jul,2025-07,30.55061113088881
ORD-01036,2025-12-19,CUST-0360,Consumer,Quebec,Office Supplies,Notebook,2,96.53,0.15,164.1,106.2,57.9,2025,12,Dec,2025-12,35.283363802559414
ORD-01037,2025-02-08,CUST-0229,Consumer,Ontario,Clothing,T-Shirt,3,59.16,0.05,168.61,115.87,52.74,2025,2,Feb,2025-02,31.279283553763122
ORD-01038,2024-07-12,CUST-0637,Corporate,Ontario,Electronics,Monitor,1,272.9,0.1,245.61,155.67,89.94,2024,7,Jul,2024-07,36.61903016978136
ORD-01039,2025-05-16,CUST-0273,Corporate,Ontario,Electronics,Monitor,2,1639.35,0.2,2622.96,1678.82,944.14,2025,5,May,2025-05,35.99521151675969
ORD-01040,2025-12-21,CUST-0540,Consumer,Manitoba,Furniture,Office Chair,4,162.26,0.0,649.04,506.87,142.17,2025,12,Dec,2025-12,21.904659188955996
ORD-01041,2023-07-12,CUST-0515,Consumer,Ontario,Office Supplies,Folders,3,31.66,0.2,75.98,41.97,34.02,2023,7,Jul,2023-07,44.77494077388787
ORD-01042,2025-02-07,CUST-0581,Corporate,Alberta,Electronics,Laptop,1,1220.98,0.1,1098.88,820.52,278.36,2025,2,Feb,2025-02,25.33124635993011
ORD-01043,2024-03-11,CUST-0652,Consumer,Ontario,Electronics,Mouse,1,1523.21,0.15,1294.73,744.71,550.02,2024,3,Mar,2024-03,42.481444007630934
ORD-01044,2025-02-25,CUST-0579,Consumer,Manitoba,Furniture,Cabinet,3,559.4,0.05,1594.29,946.58,647.71,2025,2,Feb,2025-02,40.626862114169946
ORD-01045,2024-06-19,CUST-0998,Consumer,Manitoba,Office Supplies,Notebook,3,12.4,0.1,33.48,23.81,9.67,2024,6,Jun,2024-06,28.882915173237755
ORD-01046,2025-07-27,CUST-0659,Consumer,Alberta,Office Supplies,Printer Paper,1,72.77,0.0,72.77,56.19,16.58,2025,7,Jul,2025-07,22.78411433282946
ORD-01047,2024-04-16,CUST-0707,Consumer,Alberta,Electronics,Laptop,3,875.04,0.15,2231.35,1361.91,869.44,2024,4,Apr,2024-04,38.96475228000986
ORD-01048,2024-07-12,CUST-0035,Corporate,Manitoba,Electronics,Mouse,4,258.24,0.0,1032.96,762.1,270.86,2024,7,Jul,2024-07,26.22173172242875
ORD-01049,2023-10-06,CUST-0744,Consumer,Alberta,Electronics,Mouse,5,368.35,0.0,1841.75,1165.95,675.8,2023,10,Oct,2023-10,36.69336229129904
ORD-01050,2025-11-04,CUST-0372,Consumer,Quebec,Electronics,Keyboard,3,1371.81,0.2,3292.34,2044.2,1248.15,2025,11,Nov,2025-11,37.91072610969706
ORD-01051,2025-12-09,CUST-0506,Consumer,Manitoba,Office Supplies,Notebook,3,10.15,0.1,27.41,22.16,5.25,2025,12,Dec,2025-12,19.153593578985774
ORD-01052,2024-04-28,CUST-0623,Small Business,Ontario,Office Supplies,Folders,4,98.21,0.0,392.84,273.46,119.38,2024,4,Apr,2024-04,30.388962427451382
ORD-01053,2023-04-24,CUST-0740,Consumer,Quebec,Clothing,Jacket,4,188.43,0.15,640.66,422.27,218.4,2023,4,Apr,2023-04,34.08984484750101
ORD-01054,2023-05-29,CUST-0548,Corporate,Manitoba,Office Supplies,Notebook,3,77.44,0.2,185.86,107.16,78.69,2023,5,May,2023-05,42.338319164962876
ORD-01055,2023-10-21,CUST-0293,Corporate,Ontario,Electronics,Monitor,1,906.08,0.05,860.78,535.88,324.9,2023,10,Oct,2023-10,37.74483607890517
ORD-01056,2024-06-22,CUST-0443,Consumer,British Columbia,Furniture,Cabinet,3,561.84,0.15,1432.69,931.06,501.63,2024,6,Jun,2024-06,35.013157068172454
ORD-01057,2023-04-25,CUST-0582,Consumer,Ontario,Clothing,T-Shirt,3,247.51,0.0,742.53,597.31,145.22,2023,4,Apr,2023-04,19.557458957887224
ORD-01058,2025-12-29,CUST-0117,Consumer,British Columbia,Furniture,Lamp,5,167.1,0.0,835.5,602.25,233.25,2025,12,Dec,2025-12,27.91741472172352
ORD-01059,2024-09-03,CUST-0171,Small Business,Ontario,Office Supplies,Folders,1,106.68,0.15,90.68,51.3,39.38,2024,9,Sep,2024-09,43.427437141596826
ORD-01060,2024-03-17,CUST-0858,Consumer,British Columbia,Office Supplies,Pens,2,17.92,0.0,35.84,27.67,8.17,2024,3,Mar,2024-03,22.795758928571427
ORD-01061,2025-02-02,CUST-0853,Consumer,Quebec,Electronics,Monitor,3,1247.15,0.0,3741.45,2610.05,1131.4,2025,2,Feb,2025-02,30.23961298427081
ORD-01062,2023-04-14,CUST-0879,Small Business,Quebec,Furniture,Lamp,4,722.65,0.15,2457.01,1478.58,978.43,2023,4,Apr,2023-04,39.82197874652525
ORD-01063,2024-05-17,CUST-0115,Corporate,Quebec,Office Supplies,Pens,2,52.09,0.0,104.18,58.13,46.05,2024,5,May,2024-05,44.20234210021117
ORD-01064,2024-11-27,CUST-0613,Corporate,Ontario,Electronics,Keyboard,2,1208.37,0.05,2295.9,1851.1,444.81,2024,11,Nov,2024-11,19.37410165947994
ORD-01065,2024-12-03,CUST-0924,Consumer,Quebec,Office Supplies,Notebook,3,19.84,0.1,53.57,33.71,19.85,2024,12,Dec,2024-12,37.05432144857196
ORD-01066,2025-11-09,CUST-0310,Corporate,Quebec,Electronics,Laptop,5,978.92,0.1,4405.14,2526.14,1879.0,2025,11,Nov,2025-11,42.65471698969839
ORD-01067,2024-04-26,CUST-0813,Consumer,Ontario,Electronics,Headphones,2,1167.06,0.0,2334.12,1616.28,717.84,2024,4,Apr,2024-04,30.75420286874711
ORD-01068,2024-01-24,CUST-0276,Corporate,British Columbia,Clothing,Jacket,3,198.75,0.1,536.62,376.09,160.53,2024,1,Jan,2024-01,29.915023666654246
ORD-01069,2025-03-26,CUST-0764,Consumer,Quebec,Office Supplies,Pens,5,119.94,0.1,539.73,398.34,141.39,2025,3,Mar,2025-03,26.196431549107885
ORD-01070,2024-01-12,CUST-0181,Consumer,British Columbia,Office Supplies,Stapler,4,6.64,0.2,21.25,15.79,5.45,2024,1,Jan,2024-01,25.647058823529413
ORD-01071,2024-05-12,CUST-0289,Corporate,Manitoba,Furniture,Lamp,1,267.82,0.15,227.65,143.95,83.7,2024,5,May,2024-05,36.76696683505381
ORD-01072,2023-01-04,CUST-0301,Consumer,Manitoba,Furniture,Cabinet,4,463.96,0.0,1855.84,1379.26,476.58,2023,1,Jan,2023-01,25.680015518579186
ORD-01073,2023-09-20,CUST-0720,Small Business,Ontario,Furniture,Lamp,1,636.41,0.0,636.41,507.8,128.61,2023,9,Sep,2023-09,20.208670511148476
ORD-01074,2024-03-13,CUST-0163,Corporate,Ontario,Furniture,Desk,4,145.4,0.1,523.44,401.57,121.87,2024,3,Mar,2024-03,23.28251566559682
ORD-01075,2023-01-06,CUST-0581,Corporate,Manitoba,Electronics,Mouse,4,211.02,0.05,801.88,450.43,351.45,2023,1,Jan,2023-01,43.82825360403053
ORD-01076,2025-01-21,CUST-0566,Small Business,Ontario,Office Supplies,Printer Paper,5,13.52,0.1,60.84,35.02,25.82,2025,1,Jan,2025-01,42.439184746877054
ORD-01077,2025-12-07,CUST-0077,Consumer,Ontario,Furniture,Desk,3,83.5,0.0,250.5,174.6,75.9,2025,12,Dec,2025-12,30.29940119760479
ORD-01078,2024-09-19,CUST-0446,Consumer,Alberta,Office Supplies,Pens,5,32.94,0.1,148.23,102.72,45.51,2024,9,Sep,2024-09,30.70228698643999
ORD-01079,2023-01-02,CUST-0156,Small Business,Ontario,Clothing,Jeans,2,85.46,0.05,162.37,128.36,34.01,2023,1,Jan,2023-01,20.94598755927819
ORD-01080,2024-01-06,CUST-0289,Corporate,Ontario,Office Supplies,Printer Paper,5,112.34,0.0,561.7,343.16,218.54,2024,1,Jan,2024-01,38.90688979882499
ORD-01081,2023-07-07,CUST-0684,Consumer,Quebec,Electronics,Keyboard,4,157.19,0.0,628.76,404.89,223.87,2023,7,Jul,2023-07,35.6050003180864
ORD-01082,2025-12-25,CUST-0382,Consumer,Ontario,Furniture,Bookshelf,3,148.32,0.0,444.96,281.97,162.99,2025,12,Dec,2025-12,36.63025889967638
ORD-01083,2024-10-22,CUST-0159,Corporate,British Columbia,Electronics,Monitor,5,1265.37,0.15,5377.82,4175.6,1202.22,2024,10,Oct,2024-10,22.355155062832154
ORD-01084,2025-06-15,CUST-0114,Consumer,Quebec,Furniture,Office Chair,4,423.33,0.05,1608.65,1242.97,365.69,2025,6,Jun,2025-06,22.73272619898673
ORD-01085,2025-01-08,CUST-0010,Consumer,Manitoba,Electronics,Mouse,2,705.97,0.1,1270.75,953.77,316.97,2025,1,Jan,2025-01,24.943537281133192
ORD-01086,2023-01-27,CUST-0572,Consumer,Manitoba,Furniture,Bookshelf,5,172.84,0.0,864.2,573.58,290.62,2023,1,Jan,2023-01,33.62878963202962
ORD-01087,2025-04-09,CUST-0661,Consumer,British Columbia,Furniture,Desk,5,387.35,0.0,1936.75,1543.56,393.19,2025,4,Apr,2025-04,20.301536078481995
ORD-01088,2025-04-26,CUST-0937,Corporate,British Columbia,Furniture,Office Chair,5,492.0,0.0,2460.0,1678.61,781.39,2025,4,Apr,2025-04,31.76382113821138
ORD-01089,2025-11-16,CUST-0619,Small Business,Ontario,Electronics,Monitor,5,1551.47,0.0,7757.35,6158.72,1598.63,2025,11,Nov,2025-11,20.607939566991305
ORD-01090,2024-06-08,CUST-0688,Consumer,British Columbia,Office Supplies,Printer Paper,4,88.07,0.05,334.67,190.53,144.14,2024,6,Jun,2024-06,43.06929213852451
ORD-01091,2025-09-01,CUST-0322,Consumer,Manitoba,Clothing,Jacket,5,30.94,0.2,123.76,96.25,27.51,2025,9,Sep,2025-09,22.228506787330318
ORD-01092,2023-10-07,CUST-0931,Consumer,Quebec,Electronics,Keyboard,5,1448.43,0.1,6517.94,4998.12,1519.82,2023,10,Oct,2023-10,23.317489881772463
ORD-01093,2025-03-01,CUST-0053,Consumer,Alberta,Electronics,Monitor,3,1221.54,0.05,3481.39,2469.19,1012.2,2025,3,Mar,2025-03,29.074593768580943
ORD-01094,2025-10-14,CUST-0295,Small Business,Manitoba,Electronics,Monitor,2,1268.92,0.05,2410.95,1913.26,497.68,2025,10,Oct,2025-10,20.642485327360586
ORD-01095,2023-02-13,CUST-0426,Consumer,Alberta,Furniture,Cabinet,1,273.17,0.1,245.85,143.06,102.8,2023,2,Feb,2023-02,41.81411429733578
ORD-01096,2023-01-21,CUST-0470,Consumer,Quebec,Furniture,Bookshelf,5,437.02,0.1,1966.59,1426.51,540.08,2023,1,Jan,2023-01,27.46276549763805
ORD-01097,2025-06-28,CUST-0644,Corporate,Manitoba,Clothing,Jeans,2,136.7,0.0,273.4,203.64,69.76,2025,6,Jun,2025-06,25.51572787125092
ORD-01098,2023-01-14,CUST-0547,Corporate,Quebec,Clothing,T-Shirt,3,85.67,0.0,257.01,160.42,96.59,2023,1,Jan,2023-01,37.582195245321195
ORD-01099,2024-05-09,CUST-0872,Corporate,Manitoba,Office Supplies,Printer Paper,4,68.48,0.1,246.53,171.0,75.53,2024,5,May,2024-05,30.63724496004543
ORD-01100,2024-10-10,CUST-0573,Corporate,Quebec,Furniture,Bookshelf,4,824.88,0.05,3134.54,2022.27,1112.27,2024,10,Oct,2024-10,35.48431348778449
ORD-01101,2023-10-27,CUST-0395,Corporate,Manitoba,Furniture,Lamp,3,64.82,0.0,194.46,115.86,78.6,2023,10,Oct,2023-10,40.419623572971304
ORD-01102,2025-02-12,CUST-0825,Consumer,Alberta,Furniture,Lamp,5,271.54,0.2,1086.16,838.17,247.99,2025,2,Feb,2025-02,22.831811151211607
ORD-01103,2023-11-25,CUST-0215,Consumer,Alberta,Electronics,Keyboard,5,1521.17,0.1,6845.26,4882.35,1962.91,2023,11,Nov,2023-11,28.67546302112703
ORD-01104,2023-11-28,CUST-0383,Consumer,Alberta,Furniture,Office Chair,2,757.05,0.0,1514.1,1106.79,407.31,2023,11,Nov,2023-11,26.901129383792355
ORD-01105,2023-09-14,CUST-0830,Consumer,Ontario,Furniture,Desk,4,703.2,0.2,2250.24,1388.01,862.23,2023,9,Sep,2023-09,38.31724616040956
ORD-01106,2023-11-27,CUST-0834,Consumer,Manitoba,Office Supplies,Notebook,1,5.22,0.2,4.18,3.37,0.81,2023,11,Nov,2023-11,19.377990430622013
ORD-01107,2023-11-23,CUST-0632,Consumer,Alberta,Clothing,Jeans,1,129.67,0.0,129.67,77.47,52.2,2023,11,Nov,2023-11,40.25603454924039
ORD-01108,2023-12-14,CUST-0109,Consumer,Ontario,Furniture,Bookshelf,5,140.58,0.05,667.76,492.68,175.07,2023,12,Dec,2023-12,26.21750329459686
ORD-01109,2023-06-15,CUST-0301,Small Business,Alberta,Electronics,Keyboard,1,93.34,0.0,93.34,57.71,35.63,2023,6,Jun,2023-06,38.17227340904221
ORD-01110,2023-08-05,CUST-0462,Consumer,Quebec,Office Supplies,Pens,1,111.99,0.0,111.99,65.55,46.44,2023,8,Aug,2023-08,41.467988213233326
ORD-01111,2024-12-22,CUST-0142,Consumer,British Columbia,Electronics,Monitor,2,1082.97,0.05,2057.64,1194.54,863.1,2024,12,Dec,2024-12,41.94611302268619
ORD-01112,2024-08-30,CUST-0874,Corporate,Manitoba,Electronics,Headphones,4,1264.84,0.0,5059.36,3468.0,1591.36,2024,8,Aug,2024-08,31.453780715347396
ORD-01113,2025-08-18,CUST-0016,Corporate,Alberta,Office Supplies,Pens,3,117.7,0.05,335.44,233.1,102.35,2025,8,Aug,2025-08,30.51216312902456
ORD-01114,2023-03-27,CUST-0503,Consumer,British Columbia,Electronics,Monitor,4,1652.49,0.0,6609.96,5223.89,1386.07,2023,3,Mar,2023-03,20.969415851230565
ORD-01115,2024-11-27,CUST-0873,Consumer,Ontario,Office Supplies,Stapler,4,99.68,0.15,338.91,261.0,77.91,2024,11,Nov,2024-11,22.988404001062225
ORD-01116,2025-08-23,CUST-0877,Consumer,Ontario,Clothing,Sweater,5,189.26,0.0,946.3,663.68,282.62,2025,8,Aug,2025-08,29.86579308887245
ORD-01117,2024-02-01,CUST-0654,Consumer,Alberta,Furniture,Office Chair,2,615.68,0.1,1108.22,611.03,497.2,2024,2,Feb,2024-02,44.86473804840194
ORD-01118,2023-12-10,CUST-0732,Consumer,Ontario,Electronics,Laptop,2,499.84,0.0,999.68,683.78,315.9,2023,12,Dec,2023-12,31.600112035851474
ORD-01119,2023-03-04,CUST-0884,Consumer,Manitoba,Clothing,Sweater,3,69.96,0.1,188.89,149.35,39.55,2023,3,Mar,2023-03,20.938112128752184
ORD-01120,2025-01-02,CUST-0954,Corporate,Alberta,Electronics,Monitor,2,1450.08,0.1,2610.14,1506.22,1103.92,2025,1,Jan,2025-01,42.29351682285242
ORD-01121,2025-09-24,CUST-0032,Small Business,Ontario,Clothing,Sweater,3,25.32,0.05,72.16,57.81,14.35,2025,9,Sep,2025-09,19.886363636363637
ORD-01122,2024-11-28,CUST-0670,Small Business,Alberta,Electronics,Mouse,1,688.21,0.0,688.21,518.66,169.55,2024,11,Nov,2024-11,24.636375524912456
ORD-01123,2024-03-16,CUST-0253,Consumer,British Columbia,Electronics,Keyboard,5,1637.06,0.15,6957.5,4963.03,1994.48,2024,3,Mar,2024-03,28.666618756737332
ORD-01124,2023-06-10,CUST-0161,Small Business,Quebec,Office Supplies,Printer Paper,1,119.94,0.15,101.95,64.64,37.31,2023,6,Jun,2023-06,36.596370769985285
ORD-01125,2023-09-26,CUST-0590,Consumer,Manitoba,Electronics,Monitor,5,869.48,0.0,4347.4,3358.26,989.14,2023,9,Sep,2023-09,22.75244974007453
ORD-01126,2025-12-06,CUST-0179,Consumer,Quebec,Electronics,Monitor,2,937.69,0.1,1687.84,1351.27,336.57,2025,12,Dec,2025-12,19.940871172622998
ORD-01127,2024-05-07,CUST-0308,Corporate,British Columbia,Electronics,Mouse,2,597.1,0.15,1015.07,741.07,274.0,2024,5,May,2024-05,26.993212290777972
ORD-01128,2025-08-19,CUST-0999,Corporate,Manitoba,Furniture,Desk,4,50.16,0.1,180.58,134.2,46.37,2025,8,Aug,2025-08,25.678369697640928
ORD-01129,2023-02-04,CUST-0199,Consumer,British Columbia,Furniture,Desk,2,879.67,0.2,1407.47,1059.16,348.31,2023,2,Feb,2023-02,24.747241504259414
ORD-01130,2024-11-17,CUST-0416,Consumer,Ontario,Furniture,Cabinet,1,615.36,0.15,523.06,366.52,156.54,2024,11,Nov,2024-11,29.927732956066226
ORD-01131,2025-07-08,CUST-0014,Corporate,Ontario,Office Supplies,Notebook,5,59.18,0.2,236.72,183.57,53.15,2025,7,Jul,2025-07,22.452686718485975
ORD-01132,2024-09-05,CUST-0329,Corporate,Alberta,Furniture,Cabinet,3,202.91,0.05,578.29,453.23,125.06,2024,9,Sep,2024-09,21.625827871829014
ORD-01133,2025-03-09,CUST-0930,Consumer,Manitoba,Electronics,Laptop,4,1598.92,0.1,5756.11,3927.23,1828.88,2025,3,Mar,2025-03,31.77284659257728
ORD-01134,2025-06-30,CUST-0511,Small Business,Alberta,Electronics,Monitor,4,347.48,0.0,1389.92,1040.69,349.23,2025,6,Jun,2025-06,25.125906526994356
ORD-01135,2025-03-04,CUST-0993,Consumer,British Columbia,Office Supplies,Notebook,3,63.03,0.15,160.73,127.24,33.48,2025,3,Mar,2025-03,20.82996329247807
ORD-01136,2023-12-12,CUST-0686,Corporate,British Columbia,Electronics,Mouse,5,1028.19,0.2,4112.76,2274.87,1837.89,2023,12,Dec,2023-12,44.68750911796458
ORD-01137,2024-04-12,CUST-0077,Corporate,Manitoba,Office Supplies,Folders,4,5.11,0.1,18.4,14.55,3.84,2024,4,Apr,2024-04,20.869565217391305
ORD-01138,2023-07-02,CUST-0979,Consumer,British Columbia,Furniture,Cabinet,5,455.56,0.0,2277.8,1757.83,519.97,2023,7,Jul,2023-07,22.827728509965755
ORD-01139,2023-05-27,CUST-0815,Small Business,Quebec,Electronics,Headphones,4,464.38,0.15,1578.89,1083.07,495.83,2023,5,May,2023-05,31.40370766804527
ORD-01140,2023-09-15,CUST-0943,Consumer,Ontario,Office Supplies,Stapler,4,118.04,0.1,424.94,300.07,124.87,2023,9,Sep,2023-09,29.385324987057
ORD-01141,2023-10-15,CUST-0039,Consumer,Ontario,Furniture,Office Chair,3,404.24,0.0,1212.72,879.91,332.81,2023,10,Oct,2023-10,27.44326802559536
ORD-01142,2025-04-28,CUST-0484,Consumer,Quebec,Clothing,Shoes,2,108.05,0.0,216.1,136.51,79.59,2025,4,Apr,2025-04,36.830171217029154
ORD-01143,2024-07-11,CUST-0105,Consumer,British Columbia,Furniture,Office Chair,4,229.59,0.0,918.36,569.86,348.5,2024,7,Jul,2024-07,37.948081362428674
ORD-01144,2025-07-16,CUST-0454,Small Business,Alberta,Electronics,Keyboard,2,1138.16,0.0,2276.32,1314.99,961.33,2025,7,Jul,2025-07,42.23176003373867
ORD-01145,2023-02-25,CUST-0184,Corporate,Alberta,Electronics,Laptop,3,1240.53,0.0,3721.59,2871.97,849.62,2023,2,Feb,2023-02,22.82948954613485
ORD-01146,2024-03-16,CUST-0260,Consumer,Alberta,Furniture,Desk,1,247.49,0.05,235.12,137.14,97.97,2024,3,Mar,2024-03,41.668084382443006
ORD-01147,2025-08-13,CUST-0590,Small Business,Ontario,Office Supplies,Printer Paper,5,38.12,0.05,181.07,130.14,50.93,2025,8,Aug,2025-08,28.127243607444637
ORD-01148,2023-01-28,CUST-0072,Consumer,Alberta,Clothing,Sweater,5,224.4,0.0,1122.0,633.19,488.81,2023,1,Jan,2023-01,43.56595365418895
ORD-01149,2024-07-13,CUST-0466,Consumer,Ontario,Furniture,Bookshelf,1,816.19,0.05,775.38,596.13,179.25,2024,7,Jul,2024-07,23.11769712914958
ORD-01150,2023-07-17,CUST-0457,Consumer,British Columbia,Furniture,Office Chair,1,428.66,0.05,407.23,239.36,167.87,2023,7,Jul,2023-07,41.222405029099036
ORD-01151,2025-11-28,CUST-0627,Consumer,Ontario,Electronics,Monitor,3,1252.21,0.1,3380.97,2523.72,857.24,2025,11,Nov,2025-11,25.354853784564785
ORD-01152,2024-01-03,CUST-0525,Consumer,Quebec,Furniture,Cabinet,4,175.4,0.0,701.6,465.98,235.62,2024,1,Jan,2024-01,33.58323831242873
ORD-01153,2024-09-18,CUST-0535,Corporate,British Columbia,Clothing,Sweater,5,233.73,0.2,934.92,682.62,252.3,2024,9,Sep,2024-09,26.98626620459505
ORD-01154,2023-08-19,CUST-0848,Corporate,Manitoba,Electronics,Mouse,5,1537.21,0.2,6148.84,4582.01,1566.83,2023,8,Aug,2023-08,25.48171687667918
ORD-01155,2025-03-16,CUST-0157,Consumer,Alberta,Office Supplies,Notebook,2,43.09,0.15,73.25,59.6,13.65,2025,3,Mar,2025-03,18.63481228668942
ORD-01156,2025-02-14,CUST-0685,Consumer,Manitoba,Furniture,Desk,2,297.84,0.1,536.11,434.55,101.56,2025,2,Feb,2025-02,18.943873458805097
ORD-01157,2023-10-20,CUST-0725,Consumer,British Columbia,Furniture,Office Chair,5,721.85,0.05,3428.79,2237.28,1191.5,2023,10,Oct,2023-10,34.749868029246464
ORD-01158,2024-03-03,CUST-0281,Consumer,Alberta,Furniture,Cabinet,3,543.53,0.0,1630.59,1081.33,549.26,2024,3,Mar,2024-03,33.68473987943015
ORD-01159,2025-06-14,CUST-0013,Small Business,Manitoba,Furniture,Bookshelf,1,276.7,0.0,276.7,211.01,65.69,2025,6,Jun,2025-06,23.740513191181787
ORD-01160,2024-02-18,CUST-0312,Consumer,British Columbia,Electronics,Headphones,2,1434.66,0.2,2295.46,1269.79,1025.66,2024,2,Feb,2024-02,44.682111646467376
ORD-01161,2023-12-21,CUST-0148,Small Business,Manitoba,Electronics,Laptop,1,1237.89,0.1,1114.1,891.37,222.74,2023,12,Dec,2023-12,19.992819316039856
ORD-01162,2025-05-22,CUST-0442,Small Business,Quebec,Furniture,Desk,4,356.27,0.1,1282.57,975.21,307.36,2025,5,May,2025-05,23.964384010229463
ORD-01163,2024-11-25,CUST-0570,Small Business,Alberta,Office Supplies,Notebook,1,100.47,0.15,85.4,60.46,24.94,2024,11,Nov,2024-11,29.20374707259953
ORD-01164,2023-11-06,CUST-0718,Consumer,British Columbia,Office Supplies,Notebook,5,17.43,0.0,87.15,70.42,16.73,2023,11,Nov,2023-11,19.196787148594378
ORD-01165,2023-08-08,CUST-0028,Consumer,British Columbia,Electronics,Mouse,5,659.84,0.2,2639.36,2074.56,564.8,2023,8,Aug,2023-08,21.39912706110572
ORD-01166,2023-12-17,CUST-0338,Small Business,Quebec,Clothing,Jeans,2,104.64,0.0,209.28,156.03,53.25,2023,12,Dec,2023-12,25.444380733944953
ORD-01167,2025-03-02,CUST-0552,Consumer,Alberta,Furniture,Desk,5,289.07,0.0,1445.35,946.89,498.46,2025,3,Mar,2025-03,34.48714844155395
ORD-01168,2023-12-25,CUST-0945,Consumer,Ontario,Electronics,Laptop,5,371.78,0.0,1858.9,1502.02,356.88,2023,12,Dec,2023-12,19.198450696648557
ORD-01169,2025-04-30,CUST-0898,Consumer,Ontario,Electronics,Mouse,4,1574.9,0.1,5669.64,3254.55,2415.09,2025,4,Apr,2025-04,42.596884458272484
ORD-01170,2025-04-11,CUST-0164,Small Business,Quebec,Electronics,Mouse,2,653.58,0.1,1176.44,692.17,484.28,2025,4,Apr,2025-04,41.16487028662745
ORD-01171,2024-05-22,CUST-0168,Consumer,Manitoba,Electronics,Monitor,1,972.85,0.1,875.56,506.83,368.74,2024,5,May,2024-05,42.11476083877747
ORD-01172,2024-05-02,CUST-0915,Consumer,Quebec,Office Supplies,Printer Paper,4,93.48,0.1,336.53,239.56,96.97,2024,5,May,2024-05,28.81466734020741
ORD-01173,2024-11-11,CUST-0006,Consumer,Alberta,Clothing,Shoes,4,158.36,0.0,633.44,514.39,119.05,2024,11,Nov,2024-11,18.794203081586257
ORD-01174,2025-10-20,CUST-0770,Corporate,Ontario,Clothing,Jeans,5,61.03,0.0,305.15,233.37,71.78,2025,10,Oct,2025-10,23.52285761101098
ORD-01175,2023-01-05,CUST-0992,Consumer,Manitoba,Furniture,Bookshelf,5,751.43,0.2,3005.72,2357.83,647.89,2023,1,Jan,2023-01,21.555234685865617
ORD-01176,2023-06-01,CUST-1000,Corporate,Ontario,Office Supplies,Stapler,2,10.89,0.0,21.78,14.33,7.45,2023,6,Jun,2023-06,34.205693296602384
ORD-01177,2023-01-23,CUST-0722,Consumer,British Columbia,Clothing,Jacket,3,56.54,0.1,152.66,100.26,52.4,2023,1,Jan,2023-01,34.32464299751081
ORD-01178,2023-10-07,CUST-0836,Consumer,Manitoba,Office Supplies,Notebook,4,96.28,0.2,308.1,175.48,132.62,2023,10,Oct,2023-10,43.04446608244076
ORD-01179,2025-07-19,CUST-0550,Corporate,Manitoba,Office Supplies,Printer Paper,4,23.09,0.1,83.12,49.92,33.2,2025,7,Jul,2025-07,39.9422521655438
ORD-01180,2023-05-03,CUST-0068,Consumer,Ontario,Office Supplies,Folders,3,42.22,0.15,107.66,70.15,37.51,2023,5,May,2023-05,34.841166635704994
ORD-01181,2024-09-25,CUST-0935,Corporate,Quebec,Office Supplies,Folders,3,109.41,0.05,311.82,209.89,101.93,2024,9,Sep,2024-09,32.688730677955235
ORD-01182,2023-03-28,CUST-0537,Consumer,Ontario,Electronics,Keyboard,1,485.8,0.1,437.22,296.66,140.56,2023,3,Mar,2023-03,32.148575088056354
ORD-01183,2023-07-10,CUST-0649,Consumer,Manitoba,Furniture,Desk,5,440.29,0.0,2201.45,1556.45,645.0,2023,7,Jul,2023-07,29.298871198528243
ORD-01184,2024-07-15,CUST-0974,Corporate,Ontario,Clothing,Jeans,1,104.84,0.0,104.84,59.14,45.7,2024,7,Jul,2024-07,43.5902327355971
ORD-01185,2024-03-07,CUST-0795,Consumer,British Columbia,Electronics,Keyboard,2,850.02,0.0,1700.04,957.98,742.06,2024,3,Mar,2024-03,43.6495611867956
ORD-01186,2025-06-22,CUST-0186,Small Business,Quebec,Office Supplies,Folders,5,52.69,0.0,263.45,205.27,58.18,2025,6,Jun,2025-06,22.083886885557032
ORD-01187,2025-04-26,CUST-0003,Consumer,Quebec,Furniture,Desk,4,259.51,0.15,882.33,628.26,254.08,2025,4,Apr,2025-04,28.796482041866422
ORD-01188,2024-01-02,CUST-0407,Corporate,Manitoba,Office Supplies,Pens,4,95.82,0.0,383.28,287.29,95.99,2024,1,Jan,2024-01,25.044353997077856
ORD-01189,2025-04-26,CUST-0073,Corporate,Ontario,Furniture,Lamp,1,656.08,0.1,590.47,376.89,213.58,2025,4,Apr,2025-04,36.171185665656175
ORD-01190,2023-01-27,CUST-0911,Small Business,British Columbia,Furniture,Office Chair,4,512.57,0.0,2050.28,1648.71,401.57,2023,1,Jan,2023-01,19.586105312445127
ORD-01191,2024-07-25,CUST-0038,Corporate,Quebec,Electronics,Monitor,4,1561.29,0.1,5620.64,4407.94,1212.71,2024,7,Jul,2024-07,21.57601269606308
ORD-01192,2024-04-12,CUST-0421,Consumer,Quebec,Electronics,Mouse,1,627.66,0.0,627.66,440.56,187.1,2024,4,Apr,2024-04,29.809132332791638
ORD-01193,2025-07-03,CUST-0372,Consumer,British Columbia,Furniture,Lamp,3,785.61,0.0,2356.83,1573.31,783.52,2025,7,Jul,2025-07,33.244654896619615
ORD-01194,2025-05-13,CUST-0223,Consumer,British Columbia,Office Supplies,Stapler,3,63.64,0.1,171.83,95.43,76.39,2025,5,May,2025-05,44.45673048943723
ORD-01195,2024-06-27,CUST-0896,Corporate,British Columbia,Electronics,Headphones,4,1795.11,0.15,6103.37,4072.17,2031.21,2024,6,Jun,2024-06,33.280138677484736
ORD-01196,2023-07-17,CUST-0048,Corporate,Ontario,Electronics,Mouse,3,1634.01,0.2,3921.62,3111.79,809.83,2023,7,Jul,2023-07,20.650394479832315
ORD-01197,2025-05-16,CUST-0465,Corporate,Alberta,Furniture,Office Chair,4,58.38,0.05,221.84,141.29,80.56,2025,5,May,2025-05,36.31446087270105
ORD-01198,2023-10-13,CUST-0732,Corporate,Quebec,Office Supplies,Pens,1,78.56,0.15,66.78,49.35,17.43,2023,10,Oct,2023-10,26.10062893081761
ORD-01199,2023-02-01,CUST-0975,Consumer,Manitoba,Electronics,Headphones,1,406.76,0.1,366.08,291.42,74.67,2023,2,Feb,2023-02,20.397180944055947
ORD-01200,2023-04-02,CUST-0619,Consumer,Alberta,Clothing,Sweater,3,224.9,0.0,674.7,434.53,240.17,2023,4,Apr,2023-04,35.596561434711724
ORD-01201,2024-12-24,CUST-0472,Small Business,Quebec,Clothing,T-Shirt,4,59.74,0.0,238.96,138.51,100.45,2024,12,Dec,2024-12,42.036324070974224
ORD-01202,2023-04-15,CUST-0244,Small Business,Ontario,Electronics,Mouse,5,961.08,0.0,4805.4,3528.48,1276.92,2023,4,Apr,2023-04,26.572605818454242
ORD-01203,2025-11-17,CUST-0890,Consumer,Ontario,Office Supplies,Pens,5,70.77,0.05,336.16,208.15,128.01,2025,11,Nov,2025-11,38.08008091385054
ORD-01204,2025-01-20,CUST-0586,Small Business,Alberta,Furniture,Office Chair,5,893.7,0.05,4245.08,2750.04,1495.03,2025,1,Jan,2025-01,35.21794642268225
ORD-01205,2024-06-05,CUST-0346,Corporate,Quebec,Furniture,Cabinet,2,203.7,0.0,407.4,304.44,102.96,2024,6,Jun,2024-06,25.272459499263622
ORD-01206,2023-08-28,CUST-0023,Consumer,Manitoba,Office Supplies,Pens,2,21.01,0.0,42.02,31.1,10.92,2023,8,Aug,2023-08,25.98762494050452
ORD-01207,2023-10-23,CUST-0935,Consumer,Ontario,Electronics,Keyboard,4,1356.22,0.15,4611.15,3300.77,1310.38,2023,10,Oct,2023-10,28.417639851230174
ORD-01208,2025-02-14,CUST-0062,Consumer,Quebec,Electronics,Headphones,1,471.58,0.05,448.0,282.43,165.57,2025,2,Feb,2025-02,36.957589285714285
ORD-01209,2024-09-06,CUST-0304,Small Business,Alberta,Electronics,Mouse,2,1315.35,0.0,2630.7,1606.44,1024.26,2024,9,Sep,2024-09,38.93488425133995
ORD-01210,2025-11-06,CUST-0769,Small Business,Manitoba,Electronics,Mouse,4,270.37,0.0,1081.48,724.19,357.29,2025,11,Nov,2025-11,33.03713429744424
ORD-01211,2024-01-05,CUST-0230,Corporate,Quebec,Clothing,T-Shirt,2,187.4,0.1,337.32,211.68,125.64,2024,1,Jan,2024-01,37.246531483457844
ORD-01212,2025-10-30,CUST-0189,Corporate,Quebec,Electronics,Laptop,2,379.92,0.1,683.86,418.79,265.07,2025,10,Oct,2025-10,38.76085748545023
ORD-01213,2025-05-06,CUST-0389,Small Business,Manitoba,Electronics,Keyboard,1,839.37,0.1,755.43,489.76,265.67,2025,5,May,2025-05,35.168049984776886
ORD-01214,2025-05-14,CUST-0340,Consumer,Manitoba,Office Supplies,Pens,1,21.69,0.0,21.69,12.9,8.79,2025,5,May,2025-05,40.52558782849239
ORD-01215,2023-07-21,CUST-0042,Consumer,Manitoba,Office Supplies,Stapler,1,100.67,0.05,95.64,59.35,36.28,2023,7,Jul,2023-07,37.933918862400674
ORD-01216,2025-05-21,CUST-0597,Small Business,Ontario,Electronics,Laptop,5,1176.13,0.0,5880.65,4026.08,1854.57,2025,5,May,2025-05,31.53681990936376
ORD-01217,2023-06-03,CUST-0377,Consumer,Ontario,Office Supplies,Folders,4,34.0,0.1,122.4,86.74,35.66,2023,6,Jun,2023-06,29.133986928104573
ORD-01218,2023-05-23,CUST-0783,Corporate,Alberta,Furniture,Lamp,4,418.64,0.15,1423.38,886.62,536.75,2023,5,May,2023-05,37.70953645547921
ORD-01219,2024-04-14,CUST-0459,Consumer,Ontario,Office Supplies,Printer Paper,2,61.79,0.05,117.4,93.64,23.76,2024,4,Apr,2024-04,20.238500851788757
ORD-01220,2024-11-10,CUST-0837,Consumer,Manitoba,Electronics,Headphones,5,1557.82,0.15,6620.74,4247.29,2373.45,2024,11,Nov,2024-11,35.848711775420874
ORD-01221,2025-08-06,CUST-0986,Corporate,British Columbia,Electronics,Monitor,4,755.98,0.15,2570.33,1480.97,1089.37,2025,8,Aug,2025-08,42.382495632856475
ORD-01222,2023-11-04,CUST-0194,Corporate,Quebec,Clothing,T-Shirt,3,34.7,0.05,98.9,75.12,23.77,2023,11,Nov,2023-11,24.034378159757328
ORD-01223,2025-08-25,CUST-0117,Corporate,Quebec,Furniture,Bookshelf,3,758.23,0.1,2047.22,1212.15,835.08,2025,8,Aug,2025-08,40.79092623167027
ORD-01224,2023-02-28,CUST-0870,Consumer,Manitoba,Furniture,Desk,4,396.79,0.0,1587.16,1171.82,415.34,2023,2,Feb,2023-02,26.168754252879356
ORD-01225,2024-03-11,CUST-0398,Consumer,Ontario,Clothing,Sweater,5,33.77,0.0,168.85,115.97,52.88,2024,3,Mar,2024-03,31.31773763695588
ORD-01226,2024-01-21,CUST-0754,Small Business,Quebec,Office Supplies,Notebook,4,38.53,0.0,154.12,112.94,41.18,2024,1,Jan,2024-01,26.719439397871785
ORD-01227,2025-05-13,CUST-0113,Consumer,British Columbia,Furniture,Lamp,5,138.8,0.0,694.0,486.03,207.97,2025,5,May,2025-05,29.966858789625363
ORD-01228,2025-10-13,CUST-0476,Consumer,Quebec,Office Supplies,Printer Paper,4,57.94,0.0,231.76,159.16,72.6,2025,10,Oct,2025-10,31.325509147393856
ORD-01229,2025-06-17,CUST-0581,Consumer,Alberta,Office Supplies,Printer Paper,1,12.57,0.2,10.06,7.55,2.5,2025,6,Jun,2025-06,24.850894632206757
ORD-01230,2023-06-21,CUST-0976,Corporate,Alberta,Furniture,Cabinet,2,119.21,0.0,238.42,156.06,82.36,2023,6,Jun,2023-06,34.544081872326146
ORD-01231,2023-09-03,CUST-0947,Consumer,Alberta,Electronics,Headphones,5,176.01,0.0,880.05,648.14,231.91,2023,9,Sep,2023-09,26.351911823191866
ORD-01232,2023-03-20,CUST-0728,Consumer,Alberta,Electronics,Laptop,2,908.0,0.0,1816.0,1151.98,664.02,2023,3,Mar,2023-03,36.56497797356828
ORD-01233,2024-03-14,CUST-0957,Consumer,Alberta,Office Supplies,Stapler,4,52.35,0.1,188.46,150.95,37.51,2024,3,Mar,2024-03,19.90342778308394
ORD-01234,2024-10-31,CUST-0050,Corporate,Alberta,Electronics,Monitor,4,1129.24,0.0,4516.96,3088.23,1428.73,2024,10,Oct,2024-10,31.63034430236265
ORD-01235,2024-01-06,CUST-0227,Consumer,Alberta,Furniture,Cabinet,3,232.54,0.2,558.1,428.26,129.84,2024,1,Jan,2024-01,23.264647912560473
ORD-01236,2025-01-21,CUST-0220,Consumer,Manitoba,Furniture,Bookshelf,5,407.72,0.0,2038.6,1619.05,419.55,2025,1,Jan,2025-01,20.580300206023743
ORD-01237,2025-03-28,CUST-0011,Consumer,Quebec,Office Supplies,Notebook,2,40.77,0.2,65.23,52.59,12.64,2025,3,Mar,2025-03,19.377586999846695
ORD-01238,2023-11-27,CUST-0921,Small Business,Ontario,Electronics,Keyboard,4,652.88,0.05,2480.94,1489.88,991.06,2023,11,Nov,2023-11,39.94695558941368
ORD-01239,2024-09-30,CUST-0243,Small Business,Quebec,Furniture,Desk,2,396.58,0.15,674.19,428.15,246.03,2024,9,Sep,2024-09,36.492680105014905
ORD-01240,2024-02-24,CUST-0984,Corporate,Quebec,Clothing,Shoes,1,64.76,0.2,51.81,31.94,19.86,2024,2,Feb,2024-02,38.332368268674
ORD-01241,2025-04-11,CUST-0789,Consumer,Quebec,Clothing,Shoes,2,92.9,0.0,185.8,140.25,45.55,2025,4,Apr,2025-04,24.51560818083961
ORD-01242,2024-09-18,CUST-0773,Corporate,Ontario,Electronics,Mouse,2,265.73,0.15,451.74,331.2,120.54,2024,9,Sep,2024-09,26.683490503386903
ORD-01243,2023-07-30,CUST-0646,Small Business,Ontario,Electronics,Laptop,3,1571.28,0.1,4242.46,2627.94,1614.52,2023,7,Jul,2023-07,38.056222097556606
ORD-01244,2023-06-02,CUST-0146,Consumer,Quebec,Office Supplies,Pens,3,114.1,0.15,290.95,213.12,77.83,2023,6,Jun,2023-06,26.750300738958583
ORD-01245,2023-01-13,CUST-0541,Small Business,Quebec,Office Supplies,Printer Paper,2,50.45,0.15,85.76,59.25,26.51,2023,1,Jan,2023-01,30.911847014925375
ORD-01246,2023-07-12,CUST-0836,Consumer,Ontario,Electronics,Mouse,4,1635.63,0.1,5888.27,3292.56,2595.71,2023,7,Jul,2023-07,44.08272718472489
ORD-01247,2025-11-01,CUST-0684,Corporate,Alberta,Clothing,Jeans,1,132.54,0.0,132.54,87.77,44.77,2025,11,Nov,2025-11,33.77848196770787
ORD-01248,2023-04-15,CUST-0512,Consumer,Ontario,Electronics,Mouse,3,1666.12,0.2,3998.69,3157.11,841.58,2023,4,Apr,2023-04,21.046392693607157
ORD-01249,2024-11-06,CUST-0545,Consumer,Manitoba,Electronics,Headphones,1,717.02,0.0,717.02,420.18,296.84,2024,11,Nov,2024-11,41.3991241527433
ORD-01250,2023-12-23,CUST-0271,Corporate,Quebec,Furniture,Office Chair,1,691.73,0.0,691.73,515.05,176.68,2023,12,Dec,2023-12,25.54175762219363
ORD-01251,2023-03-24,CUST-0452,Small Business,Quebec,Electronics,Headphones,2,565.92,0.05,1075.25,669.09,406.15,2023,3,Mar,2023-03,37.77261102069286
ORD-01252,2025-08-16,CUST-0987,Small Business,Manitoba,Electronics,Mouse,3,58.42,0.0,175.26,102.61,72.65,2025,8,Aug,2025-08,41.45269884742668
ORD-01253,2025-07-12,CUST-0531,Corporate,Ontario,Furniture,Office Chair,4,373.75,0.05,1420.25,1076.19,344.06,2025,7,Jul,2025-07,24.225312444992078
ORD-01254,2023-01-08,CUST-0622,Consumer,British Columbia,Clothing,Jacket,3,188.93,0.05,538.45,435.42,103.03,2023,1,Jan,2023-01,19.13455288327607
ORD-01255,2024-08-01,CUST-0669,Corporate,Alberta,Clothing,Shoes,1,30.59,0.2,24.47,15.57,8.91,2024,8,Aug,2024-08,36.41193297915816
ORD-01256,2023-05-20,CUST-0965,Consumer,Manitoba,Electronics,Laptop,3,951.82,0.0,2855.46,1593.94,1261.52,2023,5,May,2023-05,44.17922156149972
ORD-01257,2023-11-03,CUST-0879,Corporate,British Columbia,Clothing,Jacket,5,141.63,0.05,672.74,505.53,167.22,2023,11,Nov,2023-11,24.856556767844932
ORD-01258,2024-07-21,CUST-0577,Corporate,Quebec,Electronics,Headphones,1,1509.72,0.2,1207.78,830.05,377.73,2024,7,Jul,2024-07,31.274735465068144
ORD-01259,2025-04-17,CUST-0010,Small Business,Ontario,Office Supplies,Stapler,2,56.4,0.15,95.88,70.55,25.33,2025,4,Apr,2025-04,26.418439716312058
ORD-01260,2024-01-26,CUST-0022,Corporate,Alberta,Electronics,Headphones,1,1129.36,0.05,1072.89,690.54,382.35,2024,1,Jan,2024-01,35.637390599222655
ORD-01261,2024-12-08,CUST-0301,Corporate,Alberta,Office Supplies,Printer Paper,5,32.55,0.2,130.2,77.92,52.28,2024,12,Dec,2024-12,40.15360983102919
ORD-01262,2023-09-28,CUST-0442,Corporate,Alberta,Electronics,Monitor,1,615.85,0.0,615.85,419.5,196.35,2023,9,Sep,2023-09,31.88276365998214
ORD-01263,2023-07-20,CUST-0893,Consumer,British Columbia,Office Supplies,Printer Paper,5,73.21,0.1,329.44,268.1,61.35,2023,7,Jul,2023-07,18.622510927634774
ORD-01264,2025-08-01,CUST-0367,Corporate,Ontario,Electronics,Mouse,2,1439.2,0.1,2590.56,2117.4,473.16,2025,8,Aug,2025-08,18.26477672781175
ORD-01265,2023-02-16,CUST-0198,Corporate,British Columbia,Office Supplies,Stapler,4,45.44,0.1,163.58,95.63,67.95,2023,2,Feb,2023-02,41.53930798386111
ORD-01266,2024-03-05,CUST-0850,Consumer,British Columbia,Office Supplies,Printer Paper,5,31.12,0.15,132.26,99.93,32.33,2024,3,Mar,2024-03,24.444276425223048
ORD-01267,2024-12-04,CUST-0437,Corporate,British Columbia,Electronics,Headphones,5,78.79,0.0,393.95,220.76,173.19,2024,12,Dec,2024-12,43.96243178068283
ORD-01268,2023-12-09,CUST-0602,Small Business,Quebec,Electronics,Headphones,3,789.4,0.0,2368.2,1559.2,809.0,2023,12,Dec,2023-12,34.16096613461701
ORD-01269,2023-10-28,CUST-0541,Consumer,Manitoba,Office Supplies,Pens,2,6.19,0.0,12.38,9.01,3.37,2023,10,Oct,2023-10,27.221324717285945
ORD-01270,2024-05-26,CUST-0649,Consumer,British Columbia,Furniture,Bookshelf,3,512.23,0.0,1536.69,1053.47,483.22,2024,5,May,2024-05,31.44550950419408
ORD-01271,2023-08-21,CUST-0305,Small Business,Manitoba,Electronics,Keyboard,3,1734.26,0.05,4942.64,3855.74,1086.9,2023,8,Aug,2023-08,21.990272405030513
ORD-01272,2024-05-06,CUST-0275,Consumer,Alberta,Electronics,Keyboard,5,1616.08,0.0,8080.4,6235.56,1844.84,2024,5,May,2024-05,22.83104796792238
ORD-01273,2025-11-02,CUST-0239,Consumer,Alberta,Clothing,Jeans,5,94.49,0.2,377.96,234.87,143.09,2025,11,Nov,2025-11,37.85850354534872
ORD-01274,2023-08-30,CUST-0958,Consumer,British Columbia,Office Supplies,Pens,3,39.5,0.1,106.65,82.18,24.47,2023,8,Aug,2023-08,22.944210032817626
ORD-01275,2024-07-17,CUST-0050,Corporate,Manitoba,Office Supplies,Folders,2,106.17,0.0,212.34,152.05,60.29,2024,7,Jul,2024-07,28.393143072431005
ORD-01276,2025-12-24,CUST-0881,Consumer,Alberta,Electronics,Headphones,5,1324.7,0.0,6623.5,4462.11,2161.39,2025,12,Dec,2025-12,32.632143126745675
ORD-01277,2024-08-21,CUST-0988,Consumer,Manitoba,Furniture,Desk,4,598.37,0.0,2393.48,1927.11,466.37,2024,8,Aug,2024-08,19.485017631231514
ORD-01278,2025-08-16,CUST-0911,Consumer,Ontario,Furniture,Desk,1,171.17,0.15,145.49,103.67,41.82,2025,8,Aug,2025-08,28.744243590624784
ORD-01279,2025-11-23,CUST-0610,Corporate,British Columbia,Office Supplies,Notebook,5,71.59,0.1,322.16,178.85,143.31,2025,11,Nov,2025-11,44.48410727588776
ORD-01280,2024-11-20,CUST-0668,Consumer,Quebec,Electronics,Keyboard,5,497.31,0.2,1989.24,1276.6,712.64,2024,11,Nov,2024-11,35.8247370855201
ORD-01281,2023-01-12,CUST-0528,Corporate,British Columbia,Electronics,Keyboard,2,747.22,0.15,1270.27,873.57,396.7,2023,1,Jan,2023-01,31.22958111267683
ORD-01282,2024-03-01,CUST-0705,Consumer,British Columbia,Clothing,Jeans,1,120.72,0.0,120.72,94.51,26.21,2024,3,Mar,2024-03,21.71139827700464
ORD-01283,2023-08-22,CUST-0990,Consumer,British Columbia,Office Supplies,Stapler,3,20.34,0.2,48.82,36.75,12.07,2023,8,Aug,2023-08,24.72347398607128
ORD-01284,2025-11-15,CUST-0241,Consumer,Quebec,Furniture,Bookshelf,1,669.66,0.1,602.69,372.8,229.9,2025,11,Nov,2025-11,38.14564701587881
ORD-01285,2025-02-18,CUST-0285,Consumer,Alberta,Office Supplies,Printer Paper,4,20.55,0.05,78.09,58.64,19.45,2025,2,Feb,2025-02,24.907158406966317
ORD-01286,2023-08-04,CUST-0001,Consumer,Ontario,Furniture,Bookshelf,2,692.17,0.0,1384.34,1032.26,352.08,2023,8,Aug,2023-08,25.43305835271682
ORD-01287,2025-11-12,CUST-0150,Consumer,Quebec,Clothing,T-Shirt,4,22.52,0.0,90.08,73.64,16.44,2025,11,Nov,2025-11,18.250444049733574
ORD-01288,2024-12-10,CUST-0169,Consumer,Manitoba,Office Supplies,Stapler,1,56.59,0.2,45.27,30.09,15.18,2024,12,Dec,2024-12,33.53214049039098
ORD-01289,2023-03-19,CUST-0230,Consumer,Ontario,Office Supplies,Notebook,4,63.19,0.0,252.76,193.03,59.73,2023,3,Mar,2023-03,23.631112517803448
ORD-01290,2023-03-26,CUST-0259,Consumer,British Columbia,Electronics,Keyboard,3,1668.59,0.1,4505.19,2831.66,1673.53,2023,3,Mar,2023-03,37.14671301321365
ORD-01291,2024-12-27,CUST-0925,Consumer,Ontario,Furniture,Desk,1,117.67,0.1,105.9,77.81,28.09,2024,12,Dec,2024-12,26.52502360717658
ORD-01292,2025-11-23,CUST-0389,Small Business,Ontario,Clothing,T-Shirt,5,96.42,0.0,482.1,280.4,201.7,2025,11,Nov,2025-11,41.83779298900643
ORD-01293,2025-04-21,CUST-0434,Corporate,Ontario,Furniture,Bookshelf,1,811.62,0.15,689.88,452.68,237.2,2025,4,Apr,2025-04,34.38279121006552
ORD-01294,2025-06-02,CUST-0735,Consumer,Ontario,Furniture,Cabinet,4,359.65,0.0,1438.6,1142.79,295.81,2025,6,Jun,2025-06,20.562352286945643
ORD-01295,2024-10-07,CUST-0522,Small Business,Quebec,Furniture,Cabinet,1,621.27,0.1,559.14,347.15,211.99,2024,10,Oct,2024-10,37.9135815716994
ORD-01296,2025-09-03,CUST-0877,Corporate,Manitoba,Clothing,Shoes,4,249.67,0.1,898.81,538.68,360.14,2025,9,Sep,2025-09,40.06853506302778
ORD-01297,2023-11-04,CUST-0995,Consumer,Manitoba,Clothing,Shoes,5,109.5,0.1,492.75,293.04,199.71,2023,11,Nov,2023-11,40.529680365296805
ORD-01298,2023-11-28,CUST-0138,Small Business,British Columbia,Clothing,T-Shirt,1,236.27,0.05,224.46,171.14,53.31,2023,11,Nov,2023-11,23.75033413525795
ORD-01299,2024-03-13,CUST-0303,Consumer,Quebec,Furniture,Lamp,3,312.1,0.0,936.3,644.93,291.37,2024,3,Mar,2024-03,31.119299369860087
ORD-01300,2025-10-07,CUST-0002,Consumer,Alberta,Clothing,Jacket,3,132.34,0.0,397.02,222.87,174.15,2025,10,Oct,2025-10,43.8642889526976
ORD-01301,2024-06-11,CUST-0813,Consumer,Quebec,Furniture,Cabinet,5,729.99,0.15,3102.46,2280.87,821.59,2024,6,Jun,2024-06,26.48188856584775
ORD-01302,2024-12-21,CUST-0817,Small Business,Alberta,Office Supplies,Printer Paper,3,91.99,0.15,234.57,164.2,70.38,2024,12,Dec,2024-12,30.00383680777593
ORD-01303,2023-01-24,CUST-0754,Corporate,Quebec,Electronics,Headphones,3,257.57,0.15,656.8,521.95,134.85,2023,1,Jan,2023-01,20.53136419001218
ORD-01304,2023-05-13,CUST-0208,Small Business,Quebec,Furniture,Desk,4,112.1,0.05,425.98,283.04,142.94,2023,5,May,2023-05,33.55556598901357
ORD-01305,2025-05-01,CUST-0629,Consumer,Manitoba,Clothing,Jacket,1,206.82,0.1,186.14,145.64,40.49,2025,5,May,2025-05,21.752444396690667
ORD-01306,2024-05-06,CUST-0897,Consumer,Manitoba,Furniture,Bookshelf,4,154.41,0.0,617.64,397.02,220.62,2024,5,May,2024-05,35.719836798134835
ORD-01307,2025-08-03,CUST-0953,Consumer,British Columbia,Clothing,Jacket,4,40.02,0.15,136.07,80.41,55.66,2025,8,Aug,2025-08,40.90541632983024
ORD-01308,2024-10-15,CUST-0052,Consumer,Alberta,Electronics,Monitor,5,1613.86,0.1,7262.37,5295.84,1966.53,2024,10,Oct,2024-10,27.078350455842926
ORD-01309,2023-01-30,CUST-0587,Consumer,Manitoba,Furniture,Lamp,1,867.25,0.15,737.16,556.49,180.67,2023,1,Jan,2023-01,24.50892614900429
ORD-01310,2024-08-20,CUST-0073,Consumer,Manitoba,Furniture,Office Chair,2,857.46,0.1,1543.43,1220.3,323.13,2024,8,Aug,2024-08,20.935837712108743
ORD-01311,2024-02-27,CUST-0086,Consumer,Quebec,Clothing,Shoes,5,74.97,0.15,318.62,206.4,112.22,2024,2,Feb,2024-02,35.22063900571214
ORD-01312,2025-08-30,CUST-0558,Consumer,Quebec,Office Supplies,Notebook,4,36.52,0.15,124.17,88.47,35.7,2025,8,Aug,2025-08,28.750906015945883
ORD-01313,2025-04-22,CUST-0248,Corporate,Manitoba,Furniture,Cabinet,2,432.52,0.0,865.04,493.9,371.14,2025,4,Apr,2025-04,42.90437436419125
ORD-01314,2023-04-28,CUST-0904,Consumer,British Columbia,Clothing,Jacket,5,163.43,0.15,694.58,405.03,289.55,2023,4,Apr,2023-04,41.68706268536382
ORD-01315,2023-11-26,CUST-0379,Consumer,Manitoba,Clothing,T-Shirt,2,43.04,0.05,81.78,45.34,36.43,2023,11,Nov,2023-11,44.54634384935192
ORD-01316,2024-01-08,CUST-0266,Corporate,Alberta,Electronics,Monitor,5,1380.12,0.1,6210.54,5009.28,1201.26,2024,1,Jan,2024-01,19.342279415316543
ORD-01317,2024-09-05,CUST-0794,Consumer,Alberta,Clothing,Sweater,2,225.12,0.15,382.7,291.27,91.44,2024,9,Sep,2024-09,23.893389077606482
ORD-01318,2023-05-25,CUST-0185,Consumer,Quebec,Clothing,Jeans,1,24.87,0.15,21.14,15.9,5.24,2023,5,May,2023-05,24.78713339640492
ORD-01319,2025-09-12,CUST-0418,Consumer,Alberta,Electronics,Keyboard,2,1123.8,0.05,2135.22,1220.67,914.55,2025,9,Sep,2025-09,42.83165200775564
ORD-01320,2024-07-02,CUST-0702,Consumer,Alberta,Electronics,Keyboard,2,853.72,0.15,1451.32,836.68,614.65,2024,7,Jul,2024-07,42.35110106661522
ORD-01321,2023-10-10,CUST-0491,Consumer,Alberta,Clothing,Shoes,5,80.06,0.05,380.28,304.36,75.93,2023,10,Oct,2023-10,19.966866519406757
ORD-01322,2024-08-31,CUST-0824,Consumer,Alberta,Furniture,Desk,2,343.74,0.05,653.11,464.03,189.08,2024,8,Aug,2024-08,28.950712743641958
ORD-01323,2025-09-20,CUST-0567,Consumer,Manitoba,Electronics,Mouse,3,1252.08,0.0,3756.24,2474.4,1281.84,2025,9,Sep,2025-09,34.12561497667881
ORD-01324,2025-08-16,CUST-0786,Consumer,British Columbia,Electronics,Monitor,4,1364.5,0.05,5185.1,3652.8,1532.3,2025,8,Aug,2025-08,29.551985496904585
ORD-01325,2024-12-25,CUST-0181,Consumer,Manitoba,Office Supplies,Printer Paper,3,35.41,0.1,95.61,57.97,37.63,2024,12,Dec,2024-12,39.35780776069449
ORD-01326,2025-07-22,CUST-0959,Small Business,Ontario,Clothing,Sweater,5,163.39,0.15,694.41,556.13,138.28,2025,7,Jul,2025-07,19.913307700061925
ORD-01327,2023-07-15,CUST-0305,Consumer,Alberta,Electronics,Headphones,2,44.87,0.0,89.74,70.84,18.9,2023,7,Jul,2023-07,21.060842433697346
ORD-01328,2025-12-25,CUST-0175,Consumer,Manitoba,Office Supplies,Notebook,1,50.92,0.15,43.28,27.69,15.59,2025,12,Dec,2025-12,36.02125693160813
ORD-01329,2023-10-01,CUST-0931,Consumer,Alberta,Electronics,Keyboard,3,1032.74,0.1,2788.4,1870.53,917.86,2023,10,Oct,2023-10,32.91708506670492
ORD-01330,2023-08-27,CUST-0904,Consumer,Manitoba,Electronics,Headphones,2,1444.34,0.0,2888.68,1761.31,1127.37,2023,8,Aug,2023-08,39.027168118310094
ORD-01331,2025-10-20,CUST-0753,Corporate,Ontario,Electronics,Headphones,4,1549.29,0.0,6197.16,3919.2,2277.96,2025,10,Oct,2025-10,36.7581279166586
ORD-01332,2025-01-22,CUST-0329,Consumer,British Columbia,Electronics,Mouse,4,1570.74,0.1,5654.66,3458.83,2195.83,2025,1,Jan,2025-01,38.83221979747677
ORD-01333,2023-05-25,CUST-0196,Consumer,Manitoba,Electronics,Keyboard,3,828.52,0.05,2361.28,1383.23,978.05,2023,5,May,2023-05,41.4203313457108
ORD-01334,2024-01-14,CUST-0070,Consumer,Alberta,Clothing,Sweater,5,186.97,0.1,841.36,622.29,219.07,2024,1,Jan,2024-01,26.037605781116284
ORD-01335,2023-11-04,CUST-0100,Corporate,Alberta,Electronics,Monitor,1,426.82,0.0,426.82,321.95,104.87,2023,11,Nov,2023-11,24.57007637880137
ORD-01336,2024-12-27,CUST-0534,Consumer,Quebec,Clothing,Sweater,2,205.37,0.0,410.74,252.89,157.85,2024,12,Dec,2024-12,38.43063738618104
ORD-01337,2024-06-13,CUST-0046,Consumer,Quebec,Furniture,Desk,2,831.6,0.15,1413.72,1019.56,394.16,2024,6,Jun,2024-06,27.881051410463176
ORD-01338,2024-09-24,CUST-0478,Small Business,Manitoba,Office Supplies,Notebook,3,117.93,0.2,283.03,217.88,65.15,2024,9,Sep,2024-09,23.01876126205703
ORD-01339,2023-09-14,CUST-0089,Consumer,Manitoba,Office Supplies,Printer Paper,4,18.8,0.15,63.92,39.87,24.05,2023,9,Sep,2023-09,37.62515644555695
ORD-01340,2024-10-17,CUST-0148,Consumer,Manitoba,Office Supplies,Pens,5,14.35,0.1,64.58,46.49,18.08,2024,10,Oct,2024-10,27.996283679157628
ORD-01341,2024-04-26,CUST-0128,Small Business,Quebec,Furniture,Cabinet,4,751.77,0.0,3007.08,2373.61,633.47,2024,4,Apr,2024-04,21.065951022254147
ORD-01342,2024-12-04,CUST-0340,Consumer,Ontario,Office Supplies,Stapler,3,24.52,0.15,62.53,50.57,11.96,2024,12,Dec,2024-12,19.12681912681913
ORD-01343,2024-06-19,CUST-0538,Corporate,Manitoba,Furniture,Cabinet,4,441.45,0.15,1500.93,1105.87,395.06,2024,6,Jun,2024-06,26.321014304464562
ORD-01344,2025-07-31,CUST-0726,Consumer,Alberta,Office Supplies,Stapler,3,51.23,0.15,130.64,99.36,31.28,2025,7,Jul,2025-07,23.94366197183099
ORD-01345,2025-12-07,CUST-0229,Consumer,Quebec,Clothing,Jeans,2,66.73,0.0,133.46,77.54,55.92,2025,12,Dec,2025-12,41.90019481492582
ORD-01346,2024-07-14,CUST-0511,Consumer,Quebec,Office Supplies,Folders,4,16.32,0.0,65.28,48.9,16.38,2024,7,Jul,2024-07,25.09191176470588
ORD-01347,2023-03-31,CUST-0356,Consumer,Quebec,Office Supplies,Notebook,5,98.79,0.05,469.25,281.6,187.65,2023,3,Mar,2023-03,39.98934469898775
ORD-01348,2023-04-13,CUST-0916,Consumer,British Columbia,Furniture,Cabinet,1,159.6,0.0,159.6,120.16,39.44,2023,4,Apr,2023-04,24.711779448621556
ORD-01349,2024-05-29,CUST-0110,Corporate,Manitoba,Electronics,Mouse,2,275.28,0.1,495.5,275.17,220.34,2024,5,May,2024-05,44.46821392532795
ORD-01350,2025-11-22,CUST-0667,Consumer,Manitoba,Electronics,Headphones,2,936.92,0.0,1873.84,1110.46,763.38,2025,11,Nov,2025-11,40.738803739913756
ORD-01351,2024-08-29,CUST-0626,Consumer,Alberta,Furniture,Cabinet,1,135.03,0.05,128.28,79.08,49.2,2024,8,Aug,2024-08,38.353601496725915
ORD-01352,2023-03-13,CUST-0457,Consumer,British Columbia,Clothing,Jacket,1,217.94,0.2,174.35,117.92,56.43,2023,3,Mar,2023-03,32.36593059936909
ORD-01353,2025-06-25,CUST-0004,Consumer,Quebec,Electronics,Headphones,3,792.36,0.0,2377.08,1804.62,572.46,2025,6,Jun,2025-06,24.08248775808976
ORD-01354,2025-06-19,CUST-0963,Corporate,Quebec,Electronics,Monitor,1,1691.61,0.05,1607.03,1271.05,335.98,2025,6,Jun,2025-06,20.906890350522396
ORD-01355,2023-02-17,CUST-0589,Consumer,British Columbia,Furniture,Office Chair,2,158.25,0.15,269.02,180.57,88.45,2023,2,Feb,2023-02,32.87859638688574
ORD-01356,2025-11-05,CUST-0850,Small Business,Manitoba,Electronics,Keyboard,2,1641.07,0.0,3282.14,2159.84,1122.3,2025,11,Nov,2025-11,34.19415381427971
ORD-01357,2024-09-17,CUST-0707,Consumer,Ontario,Electronics,Keyboard,2,1213.44,0.1,2184.19,1465.44,718.75,2024,9,Sep,2024-09,32.90693575192634
ORD-01358,2023-08-03,CUST-0096,Consumer,Quebec,Clothing,Sweater,3,221.67,0.0,665.01,518.57,146.44,2023,8,Aug,2023-08,22.020721492909882
ORD-01359,2025-02-09,CUST-0337,Corporate,Manitoba,Office Supplies,Pens,3,57.13,0.1,154.25,115.27,38.98,2025,2,Feb,2025-02,25.270664505672606
ORD-01360,2024-03-19,CUST-0942,Consumer,Quebec,Electronics,Monitor,2,958.42,0.1,1725.16,1186.27,538.89,2024,3,Mar,2024-03,31.237102645551712
ORD-01361,2023-07-29,CUST-0051,Consumer,Ontario,Electronics,Monitor,3,409.91,0.1,1106.76,802.0,304.76,2023,7,Jul,2023-07,27.536231884057973
ORD-01362,2023-09-25,CUST-0663,Corporate,Quebec,Clothing,Sweater,3,115.47,0.0,346.41,235.11,111.3,2023,9,Sep,2023-09,32.12955746081233
ORD-01363,2025-08-03,CUST-0382,Consumer,British Columbia,Furniture,Lamp,2,699.59,0.1,1259.26,880.88,378.38,2025,8,Aug,2025-08,30.04780585423185
ORD-01364,2025-02-12,CUST-0777,Corporate,Quebec,Electronics,Keyboard,5,157.97,0.1,710.86,496.4,214.47,2025,2,Feb,2025-02,30.170497707002784
ORD-01365,2023-08-11,CUST-0036,Consumer,Quebec,Clothing,T-Shirt,5,218.33,0.0,1091.65,857.73,233.92,2023,8,Aug,2023-08,21.428113406311546
ORD-01366,2024-07-27,CUST-0292,Consumer,Manitoba,Electronics,Laptop,2,234.21,0.0,468.42,364.83,103.59,2024,7,Jul,2024-07,22.114768797233253
ORD-01367,2024-11-20,CUST-0633,Consumer,British Columbia,Clothing,Shoes,4,197.85,0.0,791.4,610.5,180.9,2024,11,Nov,2024-11,22.85822592873389
ORD-01368,2024-09-06,CUST-0915,Consumer,British Columbia,Furniture,Bookshelf,3,795.99,0.05,2268.57,1612.14,656.43,2024,9,Sep,2024-09,28.93584945582459
ORD-01369,2024-08-02,CUST-0022,Consumer,Quebec,Electronics,Keyboard,5,1780.72,0.0,8903.6,6809.68,2093.92,2024,8,Aug,2024-08,23.517678242508648
ORD-01370,2025-12-26,CUST-0833,Consumer,Quebec,Electronics,Keyboard,3,1510.09,0.15,3850.73,2750.01,1100.72,2025,12,Dec,2025-12,28.58470991214653
ORD-01371,2023-11-16,CUST-0762,Consumer,Ontario,Clothing,T-Shirt,5,198.15,0.05,941.21,682.47,258.74,2023,11,Nov,2023-11,27.49014566356073
ORD-01372,2025-08-24,CUST-0194,Corporate,Quebec,Office Supplies,Notebook,3,53.68,0.0,161.04,102.66,58.38,2025,8,Aug,2025-08,36.25186289120716
ORD-01373,2023-09-29,CUST-0164,Small Business,Manitoba,Office Supplies,Printer Paper,3,77.24,0.0,231.72,177.69,54.03,2023,9,Sep,2023-09,23.31693423096841
ORD-01374,2024-07-20,CUST-0499,Consumer,Alberta,Furniture,Desk,1,360.29,0.1,324.26,237.98,86.28,2024,7,Jul,2024-07,26.608277308332823
ORD-01375,2024-11-22,CUST-0029,Consumer,Manitoba,Clothing,Jeans,5,158.88,0.0,794.4,590.09,204.31,2024,11,Nov,2024-11,25.718781470292047
ORD-01376,2025-08-17,CUST-0840,Corporate,Manitoba,Office Supplies,Printer Paper,1,34.5,0.2,27.6,21.53,6.07,2025,8,Aug,2025-08,21.992753623188406
ORD-01377,2025-05-04,CUST-0757,Small Business,Quebec,Electronics,Monitor,1,1746.12,0.0,1746.12,1270.88,475.24,2025,5,May,2025-05,27.216915217739906
ORD-01378,2023-01-10,CUST-0073,Consumer,Quebec,Clothing,Jeans,2,73.5,0.2,117.6,95.9,21.7,2023,1,Jan,2023-01,18.452380952380953
ORD-01379,2023-03-08,CUST-0966,Consumer,Alberta,Electronics,Monitor,1,214.28,0.0,214.28,127.63,86.65,2023,3,Mar,2023-03,40.43774500653351
ORD-01380,2024-03-13,CUST-0100,Consumer,British Columbia,Electronics,Laptop,1,1535.62,0.1,1382.06,1124.78,257.28,2024,3,Mar,2024-03,18.615689622737072
ORD-01381,2025-03-03,CUST-0526,Consumer,Manitoba,Clothing,Sweater,4,96.75,0.0,387.0,218.39,168.61,2025,3,Mar,2025-03,43.56847545219639
ORD-01382,2023-03-06,CUST-0195,Consumer,Manitoba,Electronics,Laptop,1,219.46,0.0,219.46,166.69,52.77,2023,3,Mar,2023-03,24.045384124669646
ORD-01383,2024-08-08,CUST-0396,Consumer,Alberta,Furniture,Office Chair,4,556.44,0.05,2114.47,1633.08,481.4,2024,8,Aug,2024-08,22.766934503681775
ORD-01384,2025-07-05,CUST-0456,Small Business,British Columbia,Office Supplies,Stapler,2,12.88,0.05,24.47,17.49,6.98,2025,7,Jul,2025-07,28.52472415202289
ORD-01385,2025-09-14,CUST-0051,Consumer,Alberta,Electronics,Laptop,1,1474.45,0.1,1327.0,869.29,457.72,2025,9,Sep,2025-09,34.49284099472494
ORD-01386,2025-01-15,CUST-0509,Consumer,Quebec,Office Supplies,Notebook,3,43.98,0.15,112.15,73.92,38.23,2025,1,Jan,2025-01,34.088274632189034
ORD-01387,2025-03-26,CUST-0347,Consumer,British Columbia,Office Supplies,Pens,3,73.91,0.2,177.38,107.41,69.97,2025,3,Mar,2025-03,39.44638628932236
ORD-01388,2023-05-16,CUST-0773,Corporate,Manitoba,Furniture,Cabinet,4,282.89,0.0,1131.56,751.55,380.01,2023,5,May,2023-05,33.5828413871116
ORD-01389,2025-02-14,CUST-0082,Small Business,Quebec,Furniture,Lamp,5,406.71,0.05,1931.87,1535.61,396.26,2025,2,Feb,2025-02,20.511732155890407
ORD-01390,2023-04-07,CUST-0949,Small Business,Quebec,Electronics,Mouse,3,516.13,0.0,1548.39,1232.92,315.47,2023,4,Apr,2023-04,20.37406596529298
ORD-01391,2024-02-27,CUST-0226,Consumer,Manitoba,Electronics,Laptop,4,639.69,0.15,2174.95,1436.29,738.66,2024,2,Feb,2024-02,33.96216004965631
ORD-01392,2025-08-12,CUST-0504,Corporate,Ontario,Office Supplies,Folders,1,102.27,0.1,92.04,62.23,29.81,2025,8,Aug,2025-08,32.38809213385484
ORD-01393,2024-06-26,CUST-0866,Consumer,British Columbia,Electronics,Monitor,1,1193.1,0.0,1193.1,832.43,360.67,2024,6,Jun,2024-06,30.229653842930187
ORD-01394,2025-11-04,CUST-0508,Consumer,Ontario,Furniture,Desk,2,173.5,0.15,294.95,189.09,105.86,2025,11,Nov,2025-11,35.89082895406001
ORD-01395,2024-03-27,CUST-0341,Consumer,Ontario,Furniture,Lamp,3,700.25,0.0,2100.75,1380.37,720.38,2024,3,Mar,2024-03,34.291562537189094
ORD-01396,2023-05-01,CUST-0162,Consumer,Quebec,Office Supplies,Stapler,1,87.19,0.1,78.47,43.47,35.0,2023,5,May,2023-05,44.603033006244424
ORD-01397,2025-12-24,CUST-0840,Corporate,British Columbia,Furniture,Office Chair,1,63.41,0.05,60.24,48.72,11.52,2025,12,Dec,2025-12,19.12350597609562
ORD-01398,2024-01-18,CUST-0453,Consumer,Manitoba,Electronics,Monitor,5,1572.8,0.1,7077.6,5301.22,1776.38,2024,1,Jan,2024-01,25.098621001469425
ORD-01399,2024-07-07,CUST-0755,Consumer,British Columbia,Furniture,Office Chair,2,308.28,0.2,493.25,280.84,212.41,2024,7,Jul,2024-07,43.063355296502785
ORD-01400,2025-10-05,CUST-0082,Consumer,British Columbia,Electronics,Mouse,4,1190.95,0.0,4763.8,3870.36,893.44,2025,10,Oct,2025-10,18.754775599311476
ORD-01401,2025-09-11,CUST-0517,Corporate,British Columbia,Clothing,Jacket,5,199.62,0.05,948.2,700.96,247.23,2025,9,Sep,2025-09,26.073613161780212
ORD-01402,2023-03-29,CUST-0792,Consumer,Manitoba,Office Supplies,Printer Paper,1,57.76,0.05,54.87,42.9,11.97,2023,3,Mar,2023-03,21.815199562602515
ORD-01403,2023-08-30,CUST-0744,Consumer,Manitoba,Clothing,T-Shirt,4,23.59,0.2,75.49,51.37,24.12,2023,8,Aug,2023-08,31.951251821433306
ORD-01404,2024-01-02,CUST-0986,Small Business,Quebec,Clothing,T-Shirt,5,137.53,0.0,687.65,400.7,286.95,2024,1,Jan,2024-01,41.72907729222715
ORD-01405,2024-11-06,CUST-0020,Consumer,Quebec,Furniture,Cabinet,4,714.46,0.15,2429.16,1533.15,896.02,2024,11,Nov,2024-11,36.88600174545933
ORD-01406,2024-03-30,CUST-0419,Consumer,Ontario,Clothing,Sweater,5,59.61,0.15,253.34,183.35,69.99,2024,3,Mar,2024-03,27.626904555143284
ORD-01407,2025-02-24,CUST-0095,Corporate,Alberta,Electronics,Mouse,1,1370.56,0.0,1370.56,828.54,542.02,2025,2,Feb,2025-02,39.5473383142657
ORD-01408,2023-10-19,CUST-0130,Consumer,British Columbia,Furniture,Bookshelf,2,368.19,0.05,699.56,457.21,242.35,2023,10,Oct,2023-10,34.64320429984562
ORD-01409,2024-12-24,CUST-0824,Corporate,Quebec,Electronics,Monitor,1,148.2,0.1,133.38,85.01,48.37,2024,12,Dec,2024-12,36.264807317438894
ORD-01410,2025-09-30,CUST-0623,Corporate,Alberta,Electronics,Mouse,4,1786.18,0.1,6430.25,4962.6,1467.65,2025,9,Sep,2025-09,22.824151471560207
ORD-01411,2024-01-06,CUST-0435,Small Business,Ontario,Electronics,Monitor,3,698.22,0.2,1675.73,1012.79,662.93,2024,1,Jan,2024-01,39.56066908153461
ORD-01412,2023-01-04,CUST-0695,Small Business,Manitoba,Electronics,Keyboard,5,798.61,0.0,3993.05,3136.75,856.3,2023,1,Jan,2023-01,21.444760270970807
ORD-01413,2023-04-29,CUST-0799,Consumer,Ontario,Clothing,Jeans,4,226.13,0.0,904.52,641.98,262.54,2023,4,Apr,2023-04,29.025339406536066
ORD-01414,2024-11-15,CUST-0085,Corporate,Manitoba,Electronics,Laptop,3,622.87,0.0,1868.61,1103.13,765.48,2024,11,Nov,2024-11,40.965209433750225
ORD-01415,2023-12-16,CUST-0800,Consumer,Manitoba,Electronics,Mouse,3,1604.48,0.05,4572.77,3682.81,889.96,2023,12,Dec,2023-12,19.462164071230347
ORD-01416,2024-12-01,CUST-0405,Small Business,Quebec,Office Supplies,Notebook,4,59.05,0.1,212.58,140.89,71.69,2024,12,Dec,2024-12,33.72377457898203
ORD-01417,2024-07-03,CUST-0802,Consumer,Manitoba,Furniture,Bookshelf,5,544.05,0.15,2312.21,1637.57,674.65,2024,7,Jul,2024-07,29.177713096993784
ORD-01418,2024-10-16,CUST-0369,Consumer,Ontario,Office Supplies,Pens,4,49.36,0.15,167.82,105.22,62.6,2024,10,Oct,2024-10,37.30187105231796
ORD-01419,2024-05-18,CUST-0155,Consumer,Manitoba,Furniture,Bookshelf,5,478.17,0.0,2390.85,1337.5,1053.35,2024,5,May,2024-05,44.057552753204924
ORD-01420,2024-06-09,CUST-0197,Corporate,Manitoba,Electronics,Laptop,4,708.01,0.2,2265.63,1290.07,975.56,2024,6,Jun,2024-06,43.05910497300971
ORD-01421,2025-12-16,CUST-0082,Consumer,Alberta,Office Supplies,Pens,5,78.45,0.0,392.25,281.99,110.26,2025,12,Dec,2025-12,28.10962396430848
ORD-01422,2025-03-29,CUST-1000,Corporate,Ontario,Office Supplies,Pens,4,59.73,0.05,226.97,175.13,51.84,2025,3,Mar,2025-03,22.84002291051681
ORD-01423,2025-07-24,CUST-0345,Consumer,Alberta,Clothing,Shoes,3,54.96,0.0,164.88,102.31,62.57,2025,7,Jul,2025-07,37.94881125667152
ORD-01424,2025-12-28,CUST-0804,Consumer,British Columbia,Office Supplies,Notebook,2,87.92,0.1,158.26,117.93,40.32,2025,12,Dec,2025-12,25.477063060786048
ORD-01425,2023-08-11,CUST-0734,Corporate,Manitoba,Furniture,Bookshelf,4,528.38,0.05,2007.84,1493.98,513.86,2023,8,Aug,2023-08,25.592676707307355
ORD-01426,2023-03-18,CUST-0625,Consumer,Quebec,Office Supplies,Printer Paper,4,117.36,0.15,399.02,326.33,72.69,2023,3,Mar,2023-03,18.21713197333467
ORD-01427,2024-11-21,CUST-0308,Small Business,Quebec,Electronics,Monitor,1,731.48,0.0,731.48,414.39,317.09,2024,11,Nov,2024-11,43.349100453874335
ORD-01428,2025-12-02,CUST-0468,Corporate,Quebec,Electronics,Monitor,5,504.89,0.1,2272.0,1523.11,748.9,2025,12,Dec,2025-12,32.962147887323944
ORD-01429,2025-01-29,CUST-0524,Corporate,Manitoba,Furniture,Lamp,1,562.51,0.0,562.51,360.55,201.96,2025,1,Jan,2025-01,35.903361718013905
ORD-01430,2025-11-21,CUST-0790,Corporate,British Columbia,Electronics,Headphones,5,261.02,0.0,1305.1,849.51,455.59,2025,11,Nov,2025-11,34.908436135162056
ORD-01431,2023-02-03,CUST-0521,Consumer,Manitoba,Office Supplies,Stapler,4,87.4,0.2,279.68,196.1,83.58,2023,2,Feb,2023-02,29.8841533180778
ORD-01432,2023-03-15,CUST-0136,Consumer,British Columbia,Clothing,T-Shirt,3,85.35,0.05,243.25,150.79,92.46,2023,3,Mar,2023-03,38.01027749229188
ORD-01433,2025-06-21,CUST-0582,Corporate,Manitoba,Clothing,T-Shirt,3,129.56,0.05,369.25,235.81,133.43,2025,6,Jun,2025-06,36.135409614082604
ORD-01434,2023-07-23,CUST-0346,Consumer,Ontario,Electronics,Laptop,5,1409.04,0.1,6340.68,4706.1,1634.58,2023,7,Jul,2023-07,25.779253960143073
ORD-01435,2024-11-20,CUST-0602,Consumer,Quebec,Electronics,Mouse,1,1636.06,0.05,1554.26,1163.02,391.24,2024,11,Nov,2024-11,25.172107626780594
ORD-01436,2025-08-19,CUST-0883,Corporate,Manitoba,Electronics,Keyboard,2,725.71,0.2,1161.14,930.45,230.69,2025,8,Aug,2025-08,19.867543965413297
ORD-01437,2025-08-24,CUST-0878,Consumer,Ontario,Clothing,Jeans,5,21.3,0.15,90.52,58.76,31.76,2025,8,Aug,2025-08,35.086168802474596
ORD-01438,2023-11-04,CUST-0228,Corporate,Manitoba,Electronics,Laptop,4,276.92,0.15,941.53,702.61,238.92,2023,11,Nov,2023-11,25.375718245833905
ORD-01439,2023-05-04,CUST-0224,Consumer,British Columbia,Electronics,Laptop,3,301.05,0.0,903.15,629.12,274.03,2023,5,May,2023-05,30.341582239937992
ORD-01440,2023-01-22,CUST-0003,Consumer,British Columbia,Office Supplies,Notebook,2,40.57,0.15,68.97,48.86,20.11,2023,1,Jan,2023-01,29.15760475569088
ORD-01441,2024-12-30,CUST-0376,Consumer,Manitoba,Electronics,Monitor,5,349.66,0.1,1573.47,953.07,620.4,2024,12,Dec,2024-12,39.42877843238193
ORD-01442,2025-04-06,CUST-0270,Consumer,Alberta,Electronics,Mouse,1,67.33,0.15,57.23,32.04,25.19,2025,4,Apr,2025-04,44.015376550760095
ORD-01443,2024-02-01,CUST-0973,Consumer,Alberta,Furniture,Lamp,5,198.2,0.1,891.9,608.84,283.06,2024,2,Feb,2024-02,31.736741787195875
ORD-01444,2023-08-03,CUST-0696,Consumer,Manitoba,Furniture,Office Chair,1,416.1,0.1,374.49,211.31,163.18,2023,8,Aug,2023-08,43.5739272076691
ORD-01445,2024-12-01,CUST-0977,Consumer,Alberta,Furniture,Bookshelf,5,557.16,0.1,2507.22,1580.56,926.66,2024,12,Dec,2024-12,36.959660500474634
ORD-01446,2023-04-20,CUST-0657,Corporate,Ontario,Electronics,Mouse,3,788.6,0.05,2247.51,1608.72,638.79,2023,4,Apr,2023-04,28.422120479997858
ORD-01447,2024-09-12,CUST-0151,Consumer,Manitoba,Clothing,T-Shirt,4,54.24,0.05,206.11,119.52,86.59,2024,9,Sep,2024-09,42.01154723206055
ORD-01448,2025-12-08,CUST-0691,Consumer,Ontario,Furniture,Cabinet,4,523.13,0.2,1674.02,1101.77,572.24,2025,12,Dec,2025-12,34.18358203605692
ORD-01449,2025-02-24,CUST-0159,Consumer,Ontario,Clothing,Jeans,1,123.44,0.2,98.75,58.42,40.34,2025,2,Feb,2025-02,40.85063291139241
ORD-01450,2024-03-02,CUST-0783,Consumer,Ontario,Clothing,Shoes,3,49.13,0.0,147.39,89.34,58.05,2024,3,Mar,2024-03,39.38530429472827
ORD-01451,2024-09-19,CUST-0344,Consumer,Manitoba,Electronics,Headphones,5,1729.12,0.15,7348.76,4319.01,3029.75,2024,9,Sep,2024-09,41.228043914891764
ORD-01452,2024-11-03,CUST-0097,Consumer,Alberta,Electronics,Keyboard,3,1497.49,0.1,4043.22,3186.61,856.61,2024,11,Nov,2024-11,21.18633168613135
ORD-01453,2023-04-08,CUST-0848,Small Business,Alberta,Furniture,Lamp,4,579.77,0.1,2087.17,1318.54,768.63,2023,4,Apr,2023-04,36.826420464073365
ORD-01454,2023-01-19,CUST-0318,Consumer,Ontario,Clothing,Jacket,2,39.31,0.0,78.62,59.18,19.44,2023,1,Jan,2023-01,24.726532688883236
ORD-01455,2024-05-29,CUST-0577,Small Business,Quebec,Furniture,Cabinet,4,881.69,0.05,3350.42,2227.65,1122.78,2024,5,May,2024-05,33.51161943875693
ORD-01456,2024-08-24,CUST-0234,Corporate,Alberta,Furniture,Desk,4,770.62,0.0,3082.48,2443.93,638.55,2024,8,Aug,2024-08,20.715462874049464
ORD-01457,2025-12-19,CUST-0219,Consumer,British Columbia,Office Supplies,Stapler,2,38.63,0.15,65.67,40.44,25.23,2025,12,Dec,2025-12,38.41936957514847
ORD-01458,2023-02-13,CUST-0023,Consumer,British Columbia,Electronics,Headphones,5,1572.12,0.05,7467.57,6001.39,1466.18,2023,2,Feb,2023-02,19.633963926685656
ORD-01459,2023-06-27,CUST-0735,Consumer,Alberta,Electronics,Keyboard,1,608.61,0.05,578.18,445.61,132.57,2023,6,Jun,2023-06,22.928845688193988
ORD-01460,2024-04-04,CUST-0732,Consumer,Alberta,Office Supplies,Pens,4,76.5,0.0,306.0,191.87,114.13,2024,4,Apr,2024-04,37.29738562091503
ORD-01461,2023-07-24,CUST-0635,Consumer,Manitoba,Electronics,Laptop,2,1499.05,0.0,2998.1,2364.92,633.18,2023,7,Jul,2023-07,21.119375604549546
ORD-01462,2023-04-12,CUST-0407,Small Business,Manitoba,Electronics,Laptop,2,777.64,0.0,1555.28,1160.23,395.05,2023,4,Apr,2023-04,25.400570958284042
ORD-01463,2025-07-30,CUST-0003,Corporate,Ontario,Electronics,Headphones,2,387.05,0.0,774.1,514.81,259.29,2025,7,Jul,2025-07,33.495672393747576
ORD-01464,2025-01-30,CUST-0502,Consumer,Ontario,Furniture,Lamp,4,742.76,0.1,2673.94,1990.53,683.4,2025,1,Jan,2025-01,25.557791124707357
ORD-01465,2023-11-09,CUST-0934,Consumer,Alberta,Office Supplies,Printer Paper,3,24.75,0.2,59.4,38.19,21.21,2023,11,Nov,2023-11,35.70707070707071
ORD-01466,2024-08-11,CUST-0019,Consumer,Ontario,Office Supplies,Pens,3,100.72,0.2,241.73,193.97,47.76,2024,8,Aug,2024-08,19.757580771935633
ORD-01467,2023-10-05,CUST-0954,Small Business,British Columbia,Clothing,T-Shirt,4,201.62,0.05,766.16,423.47,342.68,2023,10,Oct,2023-10,44.72694998433748
ORD-01468,2024-07-06,CUST-0236,Corporate,British Columbia,Office Supplies,Notebook,5,70.04,0.15,297.67,197.05,100.62,2024,7,Jul,2024-07,33.802533006349314
ORD-01469,2024-10-12,CUST-0276,Consumer,Alberta,Clothing,Shoes,2,244.75,0.1,440.55,308.91,131.64,2024,10,Oct,2024-10,29.88083077970718
ORD-01470,2025-07-22,CUST-0256,Consumer,Ontario,Electronics,Monitor,1,363.3,0.1,326.97,202.81,124.16,2025,7,Jul,2025-07,37.9729027127871
ORD-01471,2023-09-17,CUST-0033,Consumer,Alberta,Electronics,Laptop,5,1363.68,0.05,6477.48,4672.2,1805.28,2023,9,Sep,2023-09,27.870097630560036
ORD-01472,2023-05-08,CUST-0170,Consumer,Quebec,Clothing,Sweater,1,229.71,0.0,229.71,161.11,68.6,2023,5,May,2023-05,29.863741238953462
ORD-01473,2024-07-04,CUST-0060,Consumer,Manitoba,Clothing,Jeans,2,95.73,0.05,181.89,134.66,47.23,2024,7,Jul,2024-07,25.966243333883117
ORD-01474,2024-10-19,CUST-0405,Corporate,British Columbia,Electronics,Monitor,4,543.7,0.1,1957.32,1591.62,365.7,2024,10,Oct,2024-10,18.683710379498496
ORD-01475,2024-05-23,CUST-0434,Corporate,Quebec,Furniture,Lamp,1,278.43,0.15,236.67,190.52,46.15,2024,5,May,2024-05,19.4997253559809
ORD-01476,2023-12-14,CUST-0346,Small Business,Manitoba,Electronics,Keyboard,4,1516.49,0.05,5762.66,3467.08,2295.58,2023,12,Dec,2023-12,39.835423224691375
ORD-01477,2023-11-30,CUST-0732,Small Business,British Columbia,Electronics,Keyboard,4,209.77,0.1,755.17,497.17,258.0,2023,11,Nov,2023-11,34.16449276321888
ORD-01478,2025-08-20,CUST-0536,Consumer,Quebec,Electronics,Headphones,2,260.95,0.0,521.9,294.73,227.17,2025,8,Aug,2025-08,43.527495688829276
ORD-01479,2025-03-29,CUST-0035,Small Business,Manitoba,Electronics,Headphones,5,1401.57,0.1,6307.06,4128.28,2178.78,2025,3,Mar,2025-03,34.54509708168307
ORD-01480,2024-09-03,CUST-0201,Corporate,British Columbia,Electronics,Headphones,1,643.07,0.1,578.76,399.9,178.86,2024,9,Sep,2024-09,30.904001658718645
ORD-01481,2023-05-20,CUST-0308,Consumer,Quebec,Clothing,T-Shirt,1,179.24,0.05,170.28,110.29,59.99,2023,5,May,2023-05,35.23020906741837
ORD-01482,2023-04-17,CUST-0915,Consumer,Manitoba,Office Supplies,Printer Paper,1,52.38,0.2,41.9,33.66,8.25,2023,4,Apr,2023-04,19.689737470167064
ORD-01483,2025-01-22,CUST-0599,Small Business,British Columbia,Electronics,Keyboard,2,233.16,0.2,373.06,266.7,106.36,2025,1,Jan,2025-01,28.510159223717363
ORD-01484,2023-09-05,CUST-0390,Consumer,Alberta,Electronics,Headphones,2,800.93,0.0,1601.86,1084.4,517.46,2023,9,Sep,2023-09,32.30369695229297
ORD-01485,2025-11-02,CUST-0698,Consumer,British Columbia,Office Supplies,Pens,5,16.39,0.15,69.66,48.41,21.25,2025,11,Nov,2025-11,30.505311513063454
ORD-01486,2023-02-13,CUST-0275,Consumer,Ontario,Clothing,Sweater,5,213.59,0.1,961.16,725.21,235.94,2023,2,Feb,2023-02,24.54742186524616
ORD-01487,2023-02-07,CUST-0771,Small Business,British Columbia,Electronics,Monitor,5,1675.3,0.15,7120.02,4369.01,2751.01,2023,2,Feb,2023-02,38.63767236608886
ORD-01488,2024-04-09,CUST-0226,Consumer,Manitoba,Electronics,Mouse,1,1485.02,0.15,1262.27,1033.69,228.57,2024,4,Apr,2024-04,18.10785331189048
ORD-01489,2025-12-11,CUST-0275,Consumer,British Columbia,Furniture,Lamp,1,482.75,0.05,458.61,280.93,177.69,2025,12,Dec,2025-12,38.74533917707856
ORD-01490,2025-10-26,CUST-0268,Consumer,British Columbia,Electronics,Headphones,3,185.89,0.0,557.67,335.29,222.38,2025,10,Oct,2025-10,39.87662954794054
ORD-01491,2023-05-18,CUST-0010,Small Business,Ontario,Electronics,Keyboard,1,1695.24,0.1,1525.72,937.57,588.15,2023,5,May,2023-05,38.549012925045226
ORD-01492,2025-03-20,CUST-0596,Corporate,Ontario,Furniture,Bookshelf,3,285.97,0.0,857.91,543.94,313.97,2025,3,Mar,2025-03,36.59707894767517
ORD-01493,2025-01-04,CUST-0588,Small Business,Manitoba,Electronics,Monitor,1,1680.86,0.0,1680.86,1098.79,582.07,2025,1,Jan,2025-01,34.62929690753543
ORD-01494,2024-08-15,CUST-0112,Consumer,Alberta,Electronics,Laptop,5,738.59,0.1,3323.66,2129.6,1194.05,2024,8,Aug,2024-08,35.92575654549503
ORD-01495,2025-08-09,CUST-0946,Consumer,Ontario,Electronics,Keyboard,4,552.99,0.15,1880.17,1057.9,822.27,2025,8,Aug,2025-08,43.73381130429695
ORD-01496,2023-04-09,CUST-0771,Consumer,Manitoba,Office Supplies,Pens,2,27.38,0.1,49.28,34.84,14.44,2023,4,Apr,2023-04,29.301948051948052
ORD-01497,2024-08-08,CUST-0387,Corporate,Alberta,Furniture,Cabinet,1,595.59,0.0,595.59,394.89,200.7,2024,8,Aug,2024-08,33.69767793280612
ORD-01498,2025-11-03,CUST-0901,Corporate,Manitoba,Furniture,Lamp,5,198.28,0.0,991.4,711.53,279.87,2025,11,Nov,2025-11,28.22977607423845
ORD-01499,2024-01-10,CUST-0384,Consumer,Quebec,Furniture,Bookshelf,2,685.37,0.05,1302.2,756.38,545.82,2024,1,Jan,2024-01,41.9152203962525
ORD-01500,2024-08-20,CUST-0312,Small Business,Alberta,Office Supplies,Notebook,2,48.64,0.0,97.28,67.08,30.2,2024,8,Aug,2024-08,31.044407894736842
ORD-01501,2024-09-15,CUST-0213,Consumer,Ontario,Furniture,Desk,4,444.63,0.0,1778.52,1304.17,474.35,2024,9,Sep,2024-09,26.67105233564987
ORD-01502,2025-03-19,CUST-0554,Corporate,Quebec,Furniture,Bookshelf,1,218.0,0.15,185.3,130.25,55.05,2025,3,Mar,2025-03,29.708580679978407
ORD-01503,2023-10-28,CUST-0872,Consumer,Quebec,Furniture,Cabinet,3,329.75,0.0,989.25,718.12,271.13,2023,10,Oct,2023-10,27.40763204447814
ORD-01504,2024-06-01,CUST-0682,Consumer,British Columbia,Clothing,Sweater,5,225.51,0.15,958.42,607.35,351.06,2024,6,Jun,2024-06,36.62903528724359
ORD-01505,2023-12-20,CUST-0019,Consumer,Alberta,Furniture,Office Chair,4,738.39,0.1,2658.2,1775.14,883.06,2023,12,Dec,2023-12,33.2202242118727
ORD-01506,2023-05-01,CUST-0783,Corporate,Manitoba,Furniture,Desk,3,271.71,0.15,692.86,400.23,292.63,2023,5,May,2023-05,42.23508356666571
ORD-01507,2023-01-02,CUST-0818,Consumer,Manitoba,Clothing,Jeans,3,88.39,0.05,251.91,166.17,85.74,2023,1,Jan,2023-01,34.03596522567584
ORD-01508,2025-06-13,CUST-0514,Consumer,Ontario,Office Supplies,Printer Paper,5,98.43,0.1,442.94,307.86,135.08,2025,6,Jun,2025-06,30.496229737661988
ORD-01509,2023-03-05,CUST-0305,Consumer,Quebec,Furniture,Office Chair,2,814.44,0.15,1384.55,1113.07,271.48,2023,3,Mar,2023-03,19.607814813477304
ORD-01510,2024-03-25,CUST-0426,Consumer,Ontario,Electronics,Keyboard,3,822.13,0.15,2096.43,1649.27,447.16,2024,3,Mar,2024-03,21.32959364252563
ORD-01511,2025-06-24,CUST-0425,Consumer,Alberta,Clothing,Shoes,2,60.62,0.15,103.05,67.0,36.05,2025,6,Jun,2025-06,34.98301795245026
ORD-01512,2023-06-28,CUST-0038,Corporate,Manitoba,Furniture,Office Chair,1,276.57,0.1,248.91,188.5,60.42,2023,6,Jun,2023-06,24.273833915873208
ORD-01513,2023-09-02,CUST-0249,Consumer,Manitoba,Office Supplies,Stapler,1,9.28,0.0,9.28,5.28,4.0,2023,9,Sep,2023-09,43.10344827586207
ORD-01514,2023-02-28,CUST-0836,Small Business,Manitoba,Clothing,Jeans,5,91.81,0.0,459.05,356.14,102.91,2023,2,Feb,2023-02,22.418037250844133
ORD-01515,2024-08-11,CUST-0975,Consumer,Manitoba,Office Supplies,Stapler,1,94.06,0.1,84.65,51.22,33.43,2024,8,Aug,2024-08,39.49202598936799
ORD-01516,2024-12-22,CUST-0685,Corporate,British Columbia,Furniture,Office Chair,2,379.82,0.0,759.64,575.55,184.09,2024,12,Dec,2024-12,24.23384761202675
ORD-01517,2023-01-28,CUST-0743,Consumer,British Columbia,Furniture,Lamp,2,745.15,0.15,1266.75,918.2,348.55,2023,1,Jan,2023-01,27.51529504637853
ORD-01518,2025-06-22,CUST-0424,Small Business,Manitoba,Electronics,Monitor,3,1504.97,0.0,4514.91,3690.72,824.19,2025,6,Jun,2025-06,18.254848933865794
ORD-01519,2024-11-04,CUST-0260,Consumer,British Columbia,Electronics,Headphones,1,1195.98,0.0,1195.98,801.69,394.29,2024,11,Nov,2024-11,32.967942607735914
ORD-01520,2024-06-01,CUST-0665,Consumer,British Columbia,Office Supplies,Stapler,2,49.71,0.05,94.45,52.63,41.82,2024,6,Jun,2024-06,44.277395447326626
ORD-01521,2023-07-11,CUST-0403,Consumer,Manitoba,Office Supplies,Pens,4,94.81,0.0,379.24,237.19,142.05,2023,7,Jul,2023-07,37.456491931230886
ORD-01522,2025-06-29,CUST-0646,Corporate,Quebec,Office Supplies,Notebook,1,56.22,0.0,56.22,37.06,19.16,2025,6,Jun,2025-06,34.08039843472074
ORD-01523,2025-07-18,CUST-0066,Small Business,Alberta,Electronics,Laptop,4,324.84,0.1,1169.42,818.2,351.23,2025,7,Jul,2025-07,30.034547040413194
ORD-01524,2023-04-08,CUST-0917,Small Business,Ontario,Furniture,Cabinet,4,218.93,0.2,700.58,526.72,173.85,2023,4,Apr,2023-04,24.815153158811267
ORD-01525,2024-02-27,CUST-0749,Small Business,Quebec,Electronics,Mouse,3,761.03,0.2,1826.47,1469.32,357.16,2024,2,Feb,2024-02,19.55466008201613
ORD-01526,2023-02-11,CUST-0511,Small Business,Manitoba,Clothing,Shoes,5,93.08,0.05,442.13,258.83,183.3,2023,2,Feb,2023-02,41.458394589826526
ORD-01527,2023-09-14,CUST-0720,Corporate,Quebec,Clothing,Jeans,2,203.99,0.0,407.98,253.91,154.07,2023,9,Sep,2023-09,37.764106083631546
ORD-01528,2025-01-10,CUST-0056,Consumer,Quebec,Office Supplies,Folders,1,20.1,0.15,17.08,9.87,7.22,2025,1,Jan,2025-01,42.27166276346605
ORD-01529,2025-06-06,CUST-0668,Consumer,Ontario,Office Supplies,Notebook,5,11.06,0.0,55.3,41.75,13.55,2025,6,Jun,2025-06,24.502712477396024
ORD-01530,2023-07-03,CUST-0775,Consumer,British Columbia,Furniture,Lamp,3,522.7,0.15,1332.88,1076.37,256.51,2023,7,Jul,2023-07,19.244793229698097
ORD-01531,2025-04-23,CUST-0635,Consumer,British Columbia,Furniture,Bookshelf,3,570.43,0.05,1625.73,1130.23,495.49,2025,4,Apr,2025-04,30.478000652014785
ORD-01532,2023-10-17,CUST-0514,Small Business,British Columbia,Clothing,Shoes,2,55.36,0.15,94.11,76.46,17.66,2023,10,Oct,2023-10,18.765274678567636
ORD-01533,2025-07-04,CUST-0681,Consumer,British Columbia,Electronics,Mouse,4,1485.11,0.2,4752.35,3741.91,1010.45,2025,7,Jul,2025-07,21.26211242858796
ORD-01534,2023-09-06,CUST-0392,Small Business,British Columbia,Office Supplies,Folders,3,11.0,0.1,29.7,20.91,8.79,2023,9,Sep,2023-09,29.59595959595959
ORD-01535,2024-10-17,CUST-0443,Consumer,British Columbia,Electronics,Headphones,3,702.44,0.0,2107.32,1334.98,772.34,2024,10,Oct,2024-10,36.65034261526488
ORD-01536,2023-01-21,CUST-0689,Consumer,Ontario,Furniture,Lamp,5,899.84,0.1,4049.28,2347.21,1702.07,2023,1,Jan,2023-01,42.03389244507665
ORD-01537,2024-08-22,CUST-0730,Consumer,Alberta,Electronics,Monitor,2,1526.61,0.05,2900.56,1914.78,985.78,2024,8,Aug,2024-08,33.9858510080812
ORD-01538,2024-05-23,CUST-0196,Corporate,Quebec,Clothing,Jacket,5,47.69,0.2,190.76,151.41,39.35,2024,5,May,2024-05,20.628014258754458
ORD-01539,2025-12-19,CUST-0015,Corporate,Quebec,Electronics,Headphones,5,1249.82,0.0,6249.1,4203.12,2045.98,2025,12,Dec,2025-12,32.74039461682482
ORD-01540,2025-09-10,CUST-0945,Small Business,Manitoba,Furniture,Bookshelf,4,491.78,0.0,1967.12,1545.59,421.53,2025,9,Sep,2025-09,21.42878929602668
ORD-01541,2023-04-19,CUST-0694,Consumer,Quebec,Office Supplies,Printer Paper,3,28.21,0.15,71.94,43.84,28.1,2023,4,Apr,2023-04,39.06032805115374
ORD-01542,2025-12-12,CUST-0520,Consumer,Ontario,Furniture,Bookshelf,2,507.73,0.0,1015.46,804.17,211.29,2025,12,Dec,2025-12,20.807318850570184
ORD-01543,2024-10-27,CUST-0521,Consumer,Ontario,Electronics,Laptop,2,1443.83,0.05,2743.28,2167.06,576.22,2024,10,Oct,2024-10,21.004782596016447
ORD-01544,2023-03-29,CUST-0376,Small Business,Quebec,Clothing,Jeans,5,142.88,0.15,607.24,363.39,243.85,2023,3,Mar,2023-03,40.15710427508069
ORD-01545,2024-11-19,CUST-0382,Consumer,Manitoba,Clothing,Jacket,2,29.16,0.05,55.4,37.89,17.51,2024,11,Nov,2024-11,31.606498194945853
ORD-01546,2024-07-28,CUST-0663,Consumer,Ontario,Electronics,Mouse,4,163.82,0.1,589.75,403.89,185.87,2024,7,Jul,2024-07,31.516744383213226
ORD-01547,2024-12-04,CUST-0059,Consumer,British Columbia,Furniture,Bookshelf,4,178.64,0.0,714.56,453.11,261.45,2024,12,Dec,2024-12,36.58894984326019
ORD-01548,2024-03-13,CUST-0301,Consumer,Manitoba,Clothing,Jeans,2,39.47,0.0,78.94,61.79,17.15,2024,3,Mar,2024-03,21.725361033696476
ORD-01549,2023-06-12,CUST-0179,Consumer,Quebec,Clothing,Sweater,1,205.76,0.0,205.76,130.84,74.92,2023,6,Jun,2023-06,36.41135303265941
ORD-01550,2024-02-25,CUST-0479,Corporate,Quebec,Electronics,Mouse,2,274.23,0.1,493.61,376.14,117.47,2024,2,Feb,2024-02,23.798140232167096
ORD-01551,2023-02-12,CUST-0880,Consumer,Quebec,Furniture,Cabinet,4,626.66,0.0,2506.64,1431.97,1074.67,2023,2,Feb,2023-02,42.87292949925
ORD-01552,2024-05-03,CUST-0087,Consumer,Ontario,Furniture,Office Chair,2,131.43,0.05,249.72,138.27,111.45,2024,5,May,2024-05,44.629985583853916
ORD-01553,2023-06-27,CUST-0004,Corporate,Alberta,Office Supplies,Folders,5,61.16,0.1,275.22,180.25,94.97,2023,6,Jun,2023-06,34.50693990262335
ORD-01554,2023-10-17,CUST-0273,Small Business,Quebec,Electronics,Keyboard,1,1690.01,0.0,1690.01,1247.65,442.36,2023,10,Oct,2023-10,26.17499304737842
ORD-01555,2025-06-15,CUST-0411,Corporate,Ontario,Electronics,Monitor,1,531.01,0.15,451.36,343.89,107.46,2025,6,Jun,2025-06,23.808046791917757
ORD-01556,2023-09-26,CUST-0412,Small Business,Alberta,Electronics,Mouse,1,1690.7,0.15,1437.1,1130.49,306.6,2023,9,Sep,2023-09,21.3346322454944
ORD-01557,2023-05-06,CUST-0255,Consumer,Manitoba,Office Supplies,Printer Paper,3,97.98,0.15,249.85,138.02,111.83,2023,5,May,2023-05,44.758855313187915
ORD-01558,2025-05-11,CUST-0912,Corporate,Quebec,Electronics,Keyboard,4,966.76,0.15,3286.98,1816.04,1470.94,2025,5,May,2025-05,44.750500459388256
ORD-01559,2024-02-24,CUST-0009,Small Business,Alberta,Electronics,Monitor,2,357.62,0.0,715.24,427.28,287.96,2024,2,Feb,2024-02,40.260611822605
ORD-01560,2024-12-27,CUST-0254,Corporate,Ontario,Electronics,Monitor,3,900.66,0.0,2701.98,1828.05,873.93,2024,12,Dec,2024-12,32.34405880132347
ORD-01561,2025-10-23,CUST-0121,Consumer,British Columbia,Office Supplies,Notebook,3,76.82,0.15,195.89,132.26,63.63,2025,10,Oct,2025-10,32.482515697585384
ORD-01562,2024-09-15,CUST-0424,Consumer,Ontario,Clothing,T-Shirt,3,57.07,0.1,154.09,119.32,34.77,2024,9,Sep,2024-09,22.564734895191123
ORD-01563,2025-07-04,CUST-0553,Consumer,British Columbia,Clothing,Sweater,2,154.19,0.05,292.96,208.65,84.31,2025,7,Jul,2025-07,28.778672856362647
ORD-01564,2025-02-11,CUST-0010,Consumer,British Columbia,Furniture,Cabinet,3,397.03,0.15,1012.43,806.61,205.82,2025,2,Feb,2025-02,20.329306717501456
ORD-01565,2025-12-11,CUST-0363,Consumer,Quebec,Office Supplies,Pens,5,42.08,0.1,189.36,149.25,40.11,2025,12,Dec,2025-12,21.18187579214195
ORD-01566,2023-01-05,CUST-0008,Corporate,Alberta,Electronics,Keyboard,4,892.1,0.05,3389.98,2473.19,916.79,2023,1,Jan,2023-01,27.04411235464516
ORD-01567,2025-09-02,CUST-0025,Small Business,Ontario,Furniture,Office Chair,2,223.93,0.0,447.86,328.96,118.9,2025,9,Sep,2025-09,26.54847496985665
ORD-01568,2023-08-04,CUST-0699,Corporate,Alberta,Electronics,Keyboard,2,251.64,0.0,503.28,311.44,191.84,2023,8,Aug,2023-08,38.11794627245271
ORD-01569,2025-08-07,CUST-0190,Consumer,Alberta,Furniture,Bookshelf,3,833.57,0.15,2125.6,1301.55,824.05,2025,8,Aug,2025-08,38.767877305231465
ORD-01570,2024-09-15,CUST-0053,Consumer,British Columbia,Electronics,Laptop,4,1352.69,0.0,5410.76,3529.78,1880.98,2024,9,Sep,2024-09,34.76369308562938
ORD-01571,2024-11-01,CUST-0284,Consumer,Quebec,Furniture,Desk,5,582.17,0.0,2910.85,1629.25,1281.6,2024,11,Nov,2024-11,44.02837659103011
ORD-01572,2025-04-11,CUST-0235,Corporate,Ontario,Office Supplies,Notebook,1,13.07,0.1,11.76,7.05,4.71,2025,4,Apr,2025-04,40.05102040816327
ORD-01573,2023-10-01,CUST-0197,Small Business,Quebec,Clothing,Jeans,2,75.96,0.0,151.92,92.21,59.71,2023,10,Oct,2023-10,39.303580832016856
ORD-01574,2025-01-02,CUST-0127,Consumer,Ontario,Furniture,Office Chair,3,773.1,0.0,2319.3,1348.91,970.39,2025,1,Jan,2025-01,41.83977924373733
ORD-01575,2024-10-26,CUST-0276,Small Business,Alberta,Office Supplies,Notebook,2,79.36,0.05,150.78,97.63,53.16,2024,10,Oct,2024-10,35.256665340230796
ORD-01576,2023-08-08,CUST-0466,Small Business,Quebec,Office Supplies,Notebook,3,30.62,0.1,82.67,60.77,21.91,2023,8,Aug,2023-08,26.502963590177814
ORD-01577,2024-08-12,CUST-0573,Consumer,Quebec,Office Supplies,Printer Paper,2,95.82,0.05,182.06,130.04,52.02,2024,8,Aug,2024-08,28.57299791277601
ORD-01578,2025-12-06,CUST-0391,Consumer,Ontario,Furniture,Lamp,2,269.73,0.1,485.51,356.51,129.0,2025,12,Dec,2025-12,26.569998558217133
ORD-01579,2023-01-10,CUST-0707,Consumer,Quebec,Electronics,Keyboard,3,89.53,0.0,268.59,152.99,115.6,2023,1,Jan,2023-01,43.03957705052311
ORD-01580,2025-09-17,CUST-0087,Corporate,Alberta,Electronics,Keyboard,2,1091.29,0.0,2182.58,1212.74,969.84,2025,9,Sep,2025-09,44.43548460995703
ORD-01581,2025-03-01,CUST-0426,Small Business,Quebec,Clothing,Sweater,2,234.27,0.0,468.54,355.43,113.11,2025,3,Mar,2025-03,24.140948478251588
ORD-01582,2023-10-06,CUST-0573,Consumer,British Columbia,Electronics,Headphones,3,346.98,0.0,1040.94,737.08,303.86,2023,10,Oct,2023-10,29.190923588295192
ORD-01583,2025-02-07,CUST-0057,Corporate,Alberta,Office Supplies,Printer Paper,1,53.18,0.0,53.18,31.99,21.19,2025,2,Feb,2025-02,39.84580669424596
ORD-01584,2023-03-14,CUST-0665,Consumer,Alberta,Clothing,T-Shirt,1,23.47,0.0,23.47,13.88,9.59,2023,3,Mar,2023-03,40.86067319982957
ORD-01585,2023-02-02,CUST-0933,Consumer,Manitoba,Electronics,Mouse,5,1155.02,0.0,5775.1,4195.19,1579.91,2023,2,Feb,2023-02,27.357275198697856
ORD-01586,2025-03-28,CUST-0378,Small Business,British Columbia,Office Supplies,Folders,1,99.59,0.0,99.59,77.39,22.2,2025,3,Mar,2025-03,22.291394718345213
ORD-01587,2024-11-10,CUST-0694,Consumer,Quebec,Furniture,Lamp,3,798.25,0.0,2394.75,1833.54,561.21,2024,11,Nov,2024-11,23.43501409332916
ORD-01588,2024-10-19,CUST-0211,Consumer,Ontario,Office Supplies,Printer Paper,4,97.63,0.1,351.47,204.77,146.7,2024,10,Oct,2024-10,41.73898198992801
ORD-01589,2024-08-02,CUST-0589,Consumer,Ontario,Clothing,Jeans,2,69.39,0.0,138.78,103.46,35.32,2024,8,Aug,2024-08,25.45035307681222
ORD-01590,2025-06-16,CUST-0397,Corporate,Quebec,Electronics,Laptop,4,776.54,0.05,2950.85,2041.46,909.39,2025,6,Jun,2025-06,30.817899927139635
ORD-01591,2023-09-27,CUST-0659,Consumer,British Columbia,Electronics,Monitor,5,1416.97,0.0,7084.85,5123.7,1961.15,2023,9,Sep,2023-09,27.68089656097165
ORD-01592,2023-07-08,CUST-0842,Consumer,Quebec,Office Supplies,Stapler,1,17.19,0.0,17.19,12.93,4.26,2023,7,Jul,2023-07,24.78184991273996
ORD-01593,2023-03-30,CUST-0730,Consumer,Manitoba,Electronics,Keyboard,4,1175.21,0.1,4230.76,3159.92,1070.83,2023,3,Mar,2023-03,25.31058249581635
ORD-01594,2023-12-02,CUST-0862,Consumer,Alberta,Furniture,Office Chair,1,492.94,0.05,468.29,346.68,121.61,2023,12,Dec,2023-12,25.968950863780986
ORD-01595,2024-12-20,CUST-0806,Corporate,Manitoba,Clothing,Shoes,2,182.19,0.0,364.38,250.61,113.77,2024,12,Dec,2024-12,31.222899171194907
ORD-01596,2023-08-03,CUST-0073,Corporate,Ontario,Clothing,Jacket,3,233.1,0.15,594.4,392.64,201.76,2023,8,Aug,2023-08,33.943472409152086
ORD-01597,2024-11-04,CUST-0277,Corporate,Quebec,Clothing,Jeans,3,173.59,0.1,468.69,343.04,125.65,2024,11,Nov,2024-11,26.808764855234806
ORD-01598,2023-02-25,CUST-0069,Corporate,Alberta,Furniture,Bookshelf,1,853.16,0.15,725.19,432.22,292.96,2023,2,Feb,2023-02,40.397688881534485
ORD-01599,2024-03-15,CUST-0478,Consumer,Alberta,Clothing,Jeans,2,244.62,0.15,415.85,264.58,151.27,2024,3,Mar,2024-03,36.376097150414815
ORD-01600,2023-10-03,CUST-0877,Corporate,British Columbia,Office Supplies,Notebook,4,44.92,0.05,170.7,138.57,32.13,2023,10,Oct,2023-10,18.822495606326893
ORD-01601,2025-05-17,CUST-0204,Corporate,Manitoba,Electronics,Monitor,3,898.67,0.1,2426.41,1393.3,1033.11,2025,5,May,2025-05,42.57771769816313
ORD-01602,2024-11-21,CUST-0507,Small Business,Ontario,Office Supplies,Notebook,2,70.91,0.05,134.73,83.43,51.29,2024,11,Nov,2024-11,38.068730052697994
ORD-01603,2023-12-24,CUST-0875,Consumer,British Columbia,Electronics,Monitor,1,1727.18,0.15,1468.1,961.57,506.53,2023,12,Dec,2023-12,34.50241809141067
ORD-01604,2025-08-31,CUST-0055,Consumer,Ontario,Office Supplies,Pens,1,61.18,0.05,58.12,45.12,13.0,2025,8,Aug,2025-08,22.36751548520303
ORD-01605,2023-06-04,CUST-0917,Consumer,Ontario,Office Supplies,Printer Paper,1,6.01,0.1,5.41,3.44,1.97,2023,6,Jun,2023-06,36.41404805914972
ORD-01606,2023-06-25,CUST-0716,Small Business,Ontario,Clothing,Shoes,5,82.53,0.05,392.02,237.72,154.3,2023,6,Jun,2023-06,39.3602367226162
ORD-01607,2023-08-15,CUST-0940,Small Business,Ontario,Office Supplies,Stapler,3,9.63,0.0,28.89,19.89,9.0,2023,8,Aug,2023-08,31.15264797507788
ORD-01608,2024-01-11,CUST-0322,Consumer,British Columbia,Furniture,Cabinet,4,744.56,0.0,2978.24,2401.79,576.45,2024,1,Jan,2024-01,19.35539110347051
ORD-01609,2024-02-20,CUST-0179,Consumer,Alberta,Furniture,Office Chair,3,670.23,0.2,1608.55,911.1,697.45,2024,2,Feb,2024-02,43.35892574057381
ORD-01610,2025-05-28,CUST-0251,Consumer,Quebec,Furniture,Lamp,1,748.08,0.0,748.08,452.63,295.45,2025,5,May,2025-05,39.494439097422735
ORD-01611,2024-08-22,CUST-0610,Consumer,Ontario,Office Supplies,Stapler,1,114.24,0.0,114.24,80.42,33.82,2024,8,Aug,2024-08,29.60434173669468
ORD-01612,2025-06-28,CUST-0343,Consumer,Quebec,Clothing,Jacket,3,76.4,0.0,229.2,140.66,88.54,2025,6,Jun,2025-06,38.63001745200699
ORD-01613,2024-10-03,CUST-0569,Consumer,Manitoba,Furniture,Bookshelf,2,476.05,0.0,952.1,633.68,318.42,2024,10,Oct,2024-10,33.443965969961134
ORD-01614,2024-07-13,CUST-0649,Consumer,British Columbia,Clothing,Jeans,2,62.6,0.15,106.42,78.03,28.39,2024,7,Jul,2024-07,26.677316293929714
ORD-01615,2023-05-06,CUST-0116,Consumer,Manitoba,Office Supplies,Pens,2,10.62,0.0,21.24,13.85,7.39,2023,5,May,2023-05,34.792843691148775
ORD-01616,2024-03-26,CUST-0641,Small Business,Ontario,Furniture,Desk,5,167.37,0.1,753.17,503.9,249.27,2024,3,Mar,2024-03,33.096113759177875
ORD-01617,2025-01-09,CUST-0952,Consumer,Alberta,Electronics,Monitor,4,1620.76,0.2,5186.43,3983.58,1202.86,2025,1,Jan,2025-01,23.192446441964893
ORD-01618,2025-03-21,CUST-0175,Consumer,Ontario,Office Supplies,Stapler,4,26.43,0.1,95.15,72.14,23.0,2025,3,Mar,2025-03,24.172359432475037
ORD-01619,2024-03-08,CUST-0713,Corporate,Alberta,Electronics,Monitor,5,615.39,0.0,3076.95,1725.79,1351.16,2024,3,Mar,2024-03,43.91231576723704
ORD-01620,2025-08-15,CUST-0672,Small Business,British Columbia,Clothing,Jacket,3,79.33,0.15,202.29,133.38,68.92,2025,8,Aug,2025-08,34.06989964901874
ORD-01621,2023-07-20,CUST-0549,Consumer,British Columbia,Office Supplies,Printer Paper,2,99.88,0.15,169.8,114.23,55.57,2023,7,Jul,2023-07,32.72673733804476
ORD-01622,2023-01-03,CUST-0926,Consumer,British Columbia,Office Supplies,Folders,1,22.15,0.2,17.72,14.15,3.57,2023,1,Jan,2023-01,20.146726862302483
ORD-01623,2025-08-30,CUST-0552,Small Business,Alberta,Clothing,Shoes,1,165.07,0.0,165.07,96.0,69.07,2025,8,Aug,2025-08,41.842854546556005
ORD-01624,2023-07-29,CUST-0331,Consumer,Alberta,Office Supplies,Notebook,1,54.43,0.1,48.99,29.69,19.3,2023,7,Jul,2023-07,39.39579506021637
ORD-01625,2023-10-28,CUST-0051,Corporate,British Columbia,Office Supplies,Stapler,5,17.66,0.0,88.3,63.18,25.12,2023,10,Oct,2023-10,28.448471121177803
ORD-01626,2023-03-02,CUST-0343,Consumer,Manitoba,Electronics,Laptop,5,270.57,0.05,1285.21,926.62,358.59,2023,3,Mar,2023-03,27.901276834136052
ORD-01627,2025-01-23,CUST-0371,Consumer,British Columbia,Electronics,Mouse,2,360.53,0.15,612.9,340.58,272.32,2025,1,Jan,2025-01,44.43139174416707
ORD-01628,2024-01-19,CUST-0447,Corporate,Manitoba,Furniture,Desk,4,382.89,0.0,1531.56,1017.87,513.69,2024,1,Jan,2024-01,33.54031183890935
ORD-01629,2023-03-06,CUST-0917,Consumer,Alberta,Electronics,Keyboard,3,1613.01,0.2,3871.22,3056.01,815.22,2023,3,Mar,2023-03,21.058477689203922
ORD-01630,2024-08-07,CUST-0982,Consumer,Manitoba,Furniture,Desk,4,561.75,0.1,2022.3,1532.72,489.58,2024,8,Aug,2024-08,24.20906888196608
ORD-01631,2025-08-31,CUST-0022,Small Business,British Columbia,Clothing,Sweater,5,215.93,0.2,863.72,611.49,252.23,2025,8,Aug,2025-08,29.202750891492613
ORD-01632,2023-09-28,CUST-0002,Consumer,Alberta,Electronics,Mouse,2,1556.87,0.1,2802.37,1599.96,1202.4,2023,9,Sep,2023-09,42.906539821650966
ORD-01633,2023-04-17,CUST-0037,Small Business,Ontario,Electronics,Laptop,2,1026.57,0.0,2053.14,1501.9,551.24,2023,4,Apr,2023-04,26.848631851700322
ORD-01634,2025-05-08,CUST-0019,Corporate,Manitoba,Clothing,Sweater,4,95.51,0.1,343.84,209.44,134.39,2025,5,May,2025-05,39.085039553280595
ORD-01635,2024-04-23,CUST-0131,Consumer,Ontario,Office Supplies,Pens,2,56.21,0.2,89.94,50.67,39.26,2024,4,Apr,2024-04,43.65132310429175
ORD-01636,2024-12-06,CUST-0446,Small Business,Alberta,Clothing,Jeans,1,247.72,0.15,210.56,126.06,84.5,2024,12,Dec,2024-12,40.13107902735562
ORD-01637,2023-02-13,CUST-0252,Consumer,Manitoba,Furniture,Bookshelf,4,823.33,0.0,3293.32,2458.16,835.16,2023,2,Feb,2023-02,25.359211980615303
ORD-01638,2023-12-07,CUST-0853,Small Business,Ontario,Furniture,Cabinet,5,389.88,0.05,1851.93,1369.36,482.57,2023,12,Dec,2023-12,26.057680365888558
ORD-01639,2025-03-25,CUST-0429,Consumer,Quebec,Office Supplies,Notebook,5,75.33,0.1,338.98,217.09,121.9,2025,3,Mar,2025-03,35.96082364741282
ORD-01640,2023-01-01,CUST-0004,Small Business,Ontario,Furniture,Lamp,3,627.72,0.1,1694.84,1231.52,463.33,2023,1,Jan,2023-01,27.337683793160416
ORD-01641,2024-12-28,CUST-0262,Consumer,Manitoba,Clothing,T-Shirt,4,151.27,0.05,574.83,398.93,175.9,2024,12,Dec,2024-12,30.60035140824244
ORD-01642,2024-08-23,CUST-0489,Consumer,Alberta,Clothing,T-Shirt,2,210.36,0.0,420.72,308.62,112.1,2024,8,Aug,2024-08,26.644799391519296
ORD-01643,2024-04-24,CUST-0831,Consumer,British Columbia,Clothing,Sweater,4,216.04,0.05,820.95,483.3,337.65,2024,4,Apr,2024-04,41.12917960898958
ORD-01644,2024-06-12,CUST-0484,Consumer,Quebec,Electronics,Headphones,3,392.74,0.1,1060.4,866.78,193.62,2024,6,Jun,2024-06,18.259147491512635
ORD-01645,2024-09-02,CUST-0604,Corporate,Alberta,Clothing,T-Shirt,3,214.96,0.2,515.9,397.85,118.06,2024,9,Sep,2024-09,22.884279899205275
ORD-01646,2023-03-05,CUST-0585,Consumer,Quebec,Clothing,Sweater,3,115.54,0.0,346.62,271.17,75.45,2023,3,Mar,2023-03,21.76735329755929
ORD-01647,2025-10-14,CUST-0411,Consumer,Manitoba,Clothing,T-Shirt,4,212.66,0.05,808.11,637.61,170.5,2025,10,Oct,2025-10,21.098612812612146
ORD-01648,2023-07-09,CUST-0417,Corporate,British Columbia,Clothing,Shoes,5,176.24,0.15,749.02,505.87,243.15,2023,7,Jul,2023-07,32.46241755894369
ORD-01649,2023-05-08,CUST-0597,Consumer,Quebec,Office Supplies,Notebook,4,41.12,0.1,148.03,104.38,43.65,2023,5,May,2023-05,29.487266094710527
ORD-01650,2023-08-02,CUST-0112,Corporate,Manitoba,Electronics,Mouse,5,1162.35,0.15,4939.99,3727.93,1212.06,2023,8,Aug,2023-08,24.53567719772712
ORD-01651,2025-10-11,CUST-0150,Small Business,Manitoba,Clothing,T-Shirt,5,167.34,0.0,836.7,582.72,253.98,2025,10,Oct,2025-10,30.354965937612043
ORD-01652,2023-11-17,CUST-0649,Small Business,Alberta,Clothing,Jeans,4,177.45,0.05,674.31,451.52,222.79,2023,11,Nov,2023-11,33.039699841319276
ORD-01653,2024-06-26,CUST-0083,Consumer,Quebec,Furniture,Desk,3,507.7,0.0,1523.1,1215.35,307.75,2024,6,Jun,2024-06,20.205501936839344
ORD-01654,2024-01-20,CUST-0175,Small Business,Quebec,Clothing,Shoes,2,164.11,0.15,278.99,157.32,121.66,2024,1,Jan,2024-01,43.607297752607614
ORD-01655,2024-02-10,CUST-0171,Corporate,British Columbia,Electronics,Monitor,2,1300.0,0.15,2210.0,1315.81,894.19,2024,2,Feb,2024-02,40.46108597285068
ORD-01656,2023-12-22,CUST-0584,Consumer,Quebec,Office Supplies,Pens,4,23.15,0.1,83.34,50.17,33.17,2023,12,Dec,2023-12,39.80081593472522
ORD-01657,2025-08-10,CUST-0193,Consumer,Ontario,Clothing,T-Shirt,1,151.76,0.1,136.58,108.84,27.75,2025,8,Aug,2025-08,20.317762483526135
ORD-01658,2023-07-21,CUST-0989,Consumer,Manitoba,Furniture,Cabinet,3,97.62,0.0,292.86,204.6,88.26,2023,7,Jul,2023-07,30.137266953493135
ORD-01659,2024-10-26,CUST-0250,Small Business,Manitoba,Clothing,Jeans,5,63.7,0.1,286.65,165.06,121.59,2024,10,Oct,2024-10,42.41758241758242
ORD-01660,2024-01-08,CUST-0802,Consumer,Quebec,Office Supplies,Notebook,2,64.84,0.05,123.2,86.24,36.96,2024,1,Jan,2024-01,30.0
ORD-01661,2025-02-22,CUST-0873,Corporate,Quebec,Electronics,Headphones,2,144.39,0.0,288.78,192.42,96.36,2025,2,Feb,2025-02,33.367961770205696
ORD-01662,2025-03-18,CUST-0576,Consumer,Ontario,Electronics,Keyboard,5,800.53,0.2,3202.12,2584.31,617.81,2025,3,Mar,2025-03,19.29378037050454
ORD-01663,2025-04-08,CUST-0638,Corporate,Ontario,Electronics,Laptop,3,1575.16,0.05,4489.21,3404.66,1084.54,2025,4,Apr,2025-04,24.158816361898864
ORD-01664,2024-08-17,CUST-0278,Consumer,Manitoba,Furniture,Lamp,1,535.05,0.0,535.05,376.37,158.68,2024,8,Aug,2024-08,29.65704139800019
ORD-01665,2025-03-06,CUST-0970,Corporate,Ontario,Office Supplies,Folders,4,60.72,0.15,206.45,161.96,44.49,2025,3,Mar,2025-03,21.550012109469606
ORD-01666,2025-11-13,CUST-0165,Consumer,Quebec,Electronics,Laptop,4,881.67,0.2,2821.34,2289.86,531.48,2025,11,Nov,2025-11,18.837857188428192
ORD-01667,2023-07-07,CUST-0333,Corporate,British Columbia,Office Supplies,Folders,3,66.89,0.2,160.54,108.04,52.49,2023,7,Jul,2023-07,32.695901333001125
ORD-01668,2025-06-01,CUST-0646,Small Business,Alberta,Furniture,Lamp,2,296.45,0.1,533.61,432.58,101.03,2025,6,Jun,2025-06,18.933303348887765
ORD-01669,2024-09-19,CUST-0728,Consumer,British Columbia,Electronics,Headphones,5,101.88,0.0,509.4,327.37,182.03,2024,9,Sep,2024-09,35.73419709462112
ORD-01670,2024-07-15,CUST-0784,Consumer,Alberta,Furniture,Desk,5,896.67,0.05,4259.18,2856.27,1402.91,2024,7,Jul,2024-07,32.9384998990416
ORD-01671,2023-11-08,CUST-0340,Consumer,Ontario,Furniture,Office Chair,5,51.12,0.0,255.6,167.73,87.87,2023,11,Nov,2023-11,34.37793427230047
ORD-01672,2025-07-04,CUST-0973,Consumer,British Columbia,Clothing,Jacket,5,123.68,0.15,525.64,349.8,175.84,2025,7,Jul,2025-07,33.45255307815235
ORD-01673,2023-09-20,CUST-0052,Consumer,Quebec,Clothing,Jeans,3,60.21,0.0,180.63,116.86,63.77,2023,9,Sep,2023-09,35.30421303216521
ORD-01674,2025-04-11,CUST-0048,Corporate,Ontario,Office Supplies,Folders,5,46.92,0.0,234.6,166.64,67.96,2025,4,Apr,2025-04,28.96845694799659
ORD-01675,2024-04-23,CUST-0348,Consumer,Manitoba,Clothing,Jeans,1,218.22,0.0,218.22,144.61,73.61,2024,4,Apr,2024-04,33.73201356429292
ORD-01676,2023-06-07,CUST-0583,Consumer,Alberta,Electronics,Headphones,3,546.35,0.0,1639.05,1200.54,438.51,2023,6,Jun,2023-06,26.753912327262746
ORD-01677,2024-12-23,CUST-0808,Corporate,Alberta,Electronics,Laptop,1,768.46,0.0,768.46,606.02,162.44,2024,12,Dec,2024-12,21.138380657418733
ORD-01678,2025-03-04,CUST-0393,Small Business,Alberta,Clothing,Shoes,1,27.86,0.0,27.86,19.68,8.18,2025,3,Mar,2025-03,29.361091170136394
ORD-01679,2023-12-18,CUST-0940,Consumer,Alberta,Clothing,Shoes,1,237.73,0.1,213.96,121.95,92.0,2023,12,Dec,2023-12,42.99869134417648
ORD-01680,2023-01-01,CUST-0612,Consumer,Quebec,Furniture,Desk,4,548.29,0.0,2193.16,1301.29,891.87,2023,1,Jan,2023-01,40.66597968228493
ORD-01681,2023-11-23,CUST-0335,Small Business,Quebec,Electronics,Laptop,5,929.07,0.0,4645.35,2878.0,1767.35,2023,11,Nov,2023-11,38.0455724541746
ORD-01682,2023-09-03,CUST-0216,Small Business,Manitoba,Office Supplies,Notebook,4,94.79,0.1,341.24,234.95,106.3,2023,9,Sep,2023-09,31.151096002813265
ORD-01683,2024-10-30,CUST-0976,Consumer,Quebec,Electronics,Mouse,2,503.92,0.05,957.45,559.58,397.87,2024,10,Oct,2024-10,41.55517259386913
ORD-01684,2024-05-30,CUST-0668,Consumer,Ontario,Clothing,Jeans,4,237.01,0.15,805.83,523.03,282.8,2024,5,May,2024-05,35.094250648399786
ORD-01685,2023-06-13,CUST-0679,Consumer,Alberta,Clothing,Shoes,1,249.6,0.05,237.12,170.69,66.43,2023,6,Jun,2023-06,28.015350877192986
ORD-01686,2024-03-09,CUST-0460,Consumer,British Columbia,Office Supplies,Folders,5,105.33,0.0,526.65,405.06,121.59,2024,3,Mar,2024-03,23.087439475932783
ORD-01687,2025-05-01,CUST-0149,Small Business,Ontario,Electronics,Laptop,3,314.56,0.0,943.68,623.83,319.85,2025,5,May,2025-05,33.8939047134622
ORD-01688,2023-08-27,CUST-0934,Consumer,Manitoba,Electronics,Monitor,2,1601.72,0.05,3043.27,1842.43,1200.83,2023,8,Aug,2023-08,39.458542948867496
ORD-01689,2023-03-13,CUST-0152,Small Business,Ontario,Furniture,Bookshelf,4,514.15,0.0,2056.6,1306.63,749.97,2023,3,Mar,2023-03,36.466498103666254
ORD-01690,2023-07-23,CUST-0291,Corporate,Quebec,Furniture,Cabinet,1,251.85,0.15,214.07,155.36,58.71,2023,7,Jul,2023-07,27.425608445835476
ORD-01691,2025-07-16,CUST-0599,Consumer,British Columbia,Electronics,Mouse,5,1557.35,0.2,6229.4,4169.24,2060.16,2025,7,Jul,2025-07,33.071563874530455
ORD-01692,2024-01-15,CUST-0710,Consumer,Ontario,Office Supplies,Notebook,1,28.36,0.1,25.52,20.87,4.66,2024,1,Jan,2024-01,18.260188087774296
ORD-01693,2024-02-19,CUST-0413,Consumer,Quebec,Office Supplies,Notebook,1,86.27,0.1,77.64,48.41,29.23,2024,2,Feb,2024-02,37.64811952601752
ORD-01694,2023-05-19,CUST-0747,Consumer,Alberta,Electronics,Mouse,2,1590.3,0.1,2862.54,1951.18,911.36,2023,5,May,2023-05,31.83745903987368
ORD-01695,2025-02-08,CUST-0491,Consumer,British Columbia,Office Supplies,Notebook,1,97.84,0.05,92.95,72.93,20.02,2025,2,Feb,2025-02,21.538461538461537
ORD-01696,2024-01-10,CUST-0769,Consumer,Alberta,Electronics,Headphones,3,367.93,0.1,993.41,584.81,408.6,2024,1,Jan,2024-01,41.13105364351074
ORD-01697,2024-05-28,CUST-0107,Consumer,Ontario,Office Supplies,Folders,3,11.02,0.05,31.41,23.58,7.83,2024,5,May,2024-05,24.92836676217765
ORD-01698,2024-08-07,CUST-0545,Consumer,Ontario,Electronics,Headphones,2,458.15,0.15,778.85,586.78,192.07,2024,8,Aug,2024-08,24.660717724850738
ORD-01699,2023-12-25,CUST-0782,Consumer,Quebec,Furniture,Cabinet,4,241.68,0.0,966.72,774.91,191.81,2023,12,Dec,2023-12,19.841319099635882
ORD-01700,2025-05-01,CUST-0880,Consumer,Alberta,Electronics,Headphones,1,1593.36,0.05,1513.69,989.36,524.34,2025,5,May,2025-05,34.639853602785244
ORD-01701,2025-03-04,CUST-0630,Consumer,Manitoba,Clothing,Jeans,2,156.94,0.0,313.88,226.83,87.05,2025,3,Mar,2025-03,27.73352873709698
ORD-01702,2023-10-28,CUST-0667,Consumer,Quebec,Electronics,Keyboard,5,570.65,0.1,2567.93,1430.87,1137.06,2023,10,Oct,2023-10,44.279244371926026
ORD-01703,2024-10-12,CUST-0113,Corporate,Quebec,Clothing,T-Shirt,2,223.05,0.0,446.1,302.52,143.58,2024,10,Oct,2024-10,32.18560860793544
ORD-01704,2025-06-03,CUST-0970,Consumer,Manitoba,Furniture,Cabinet,5,57.21,0.15,243.14,177.75,65.39,2025,6,Jun,2025-06,26.893970551945383
ORD-01705,2023-04-13,CUST-0871,Corporate,Ontario,Office Supplies,Pens,1,64.06,0.1,57.65,46.51,11.14,2023,4,Apr,2023-04,19.3235039028621
ORD-01706,2023-08-12,CUST-0111,Consumer,British Columbia,Clothing,T-Shirt,2,26.67,0.1,48.01,34.99,13.02,2023,8,Aug,2023-08,27.11935013538846
ORD-01707,2025-11-06,CUST-0392,Corporate,Quebec,Office Supplies,Folders,1,117.89,0.2,94.31,53.94,40.37,2025,11,Nov,2025-11,42.80564097126497
ORD-01708,2025-06-15,CUST-0460,Consumer,Manitoba,Furniture,Lamp,2,649.07,0.2,1038.51,630.34,408.17,2025,6,Jun,2025-06,39.30342509942129
ORD-01709,2024-02-07,CUST-0867,Consumer,Alberta,Clothing,Sweater,5,121.55,0.0,607.75,354.89,252.86,2024,2,Feb,2024-02,41.60592348827643
ORD-01710,2025-04-10,CUST-0551,Corporate,Quebec,Clothing,Jacket,1,200.81,0.2,160.65,109.28,51.36,2025,4,Apr,2025-04,31.970121381886084
ORD-01711,2023-10-02,CUST-0220,Consumer,Quebec,Office Supplies,Pens,4,38.3,0.1,137.88,82.02,55.86,2023,10,Oct,2023-10,40.51348999129678
ORD-01712,2024-01-18,CUST-0387,Consumer,Alberta,Electronics,Monitor,5,189.89,0.15,807.03,600.49,206.54,2024,1,Jan,2024-01,25.592604983705687
ORD-01713,2023-11-24,CUST-0548,Corporate,Alberta,Electronics,Headphones,3,1420.51,0.15,3622.3,2885.06,737.24,2023,11,Nov,2023-11,20.35281451011788
ORD-01714,2025-05-02,CUST-0119,Consumer,Ontario,Electronics,Keyboard,3,373.84,0.0,1121.52,803.16,318.36,2025,5,May,2025-05,28.386475497539053
ORD-01715,2025-04-11,CUST-0565,Consumer,Quebec,Electronics,Headphones,4,1683.93,0.15,5725.36,3238.84,2486.52,2025,4,Apr,2025-04,43.429932790252494
ORD-01716,2024-06-04,CUST-0847,Small Business,Alberta,Electronics,Mouse,4,501.42,0.15,1704.83,1369.83,335.0,2024,6,Jun,2024-06,19.650053084471768
ORD-01717,2023-01-08,CUST-0788,Consumer,Quebec,Electronics,Headphones,3,997.46,0.05,2842.76,1988.31,854.45,2023,1,Jan,2023-01,30.05705722607607
ORD-01718,2024-06-10,CUST-0463,Consumer,Manitoba,Clothing,Sweater,3,225.24,0.05,641.93,435.15,206.78,2024,6,Jun,2024-06,32.21223497889178
ORD-01719,2024-12-27,CUST-0934,Consumer,Manitoba,Clothing,T-Shirt,3,239.13,0.0,717.39,400.99,316.4,2024,12,Dec,2024-12,44.1043226139199
ORD-01720,2024-07-12,CUST-0868,Consumer,Alberta,Office Supplies,Printer Paper,3,82.13,0.2,197.11,138.51,58.6,2024,7,Jul,2024-07,29.72959261326163
ORD-01721,2023-10-02,CUST-0854,Consumer,Alberta,Office Supplies,Printer Paper,1,112.69,0.0,112.69,67.54,45.15,2023,10,Oct,2023-10,40.065666873724375
ORD-01722,2024-04-23,CUST-0050,Consumer,Ontario,Office Supplies,Pens,1,91.52,0.15,77.79,55.86,21.93,2024,4,Apr,2024-04,28.191284226764363
ORD-01723,2024-07-11,CUST-0186,Corporate,Ontario,Clothing,T-Shirt,5,161.52,0.2,646.08,433.69,212.39,2024,7,Jul,2024-07,32.87363793957404
ORD-01724,2025-08-04,CUST-0577,Corporate,Alberta,Furniture,Office Chair,1,898.2,0.1,808.38,530.28,278.1,2025,8,Aug,2025-08,34.40213760855044
ORD-01725,2024-02-04,CUST-0976,Corporate,Ontario,Office Supplies,Stapler,5,30.13,0.0,150.65,116.69,33.96,2024,2,Feb,2024-02,22.542316627945567
ORD-01726,2025-05-24,CUST-0048,Consumer,Alberta,Furniture,Office Chair,4,186.31,0.1,670.72,537.53,133.18,2025,5,May,2025-05,19.85627385496183
ORD-01727,2025-02-16,CUST-0036,Consumer,British Columbia,Clothing,Jeans,3,26.81,0.1,72.39,55.11,17.28,2025,2,Feb,2025-02,23.870700372979694
ORD-01728,2025-09-20,CUST-0703,Corporate,Manitoba,Electronics,Mouse,1,1172.17,0.0,1172.17,732.36,439.81,2025,9,Sep,2025-09,37.52100804490816
ORD-01729,2023-08-04,CUST-0473,Consumer,Alberta,Office Supplies,Notebook,2,58.6,0.15,99.62,55.68,43.94,2023,8,Aug,2023-08,44.10760891387272
ORD-01730,2023-04-13,CUST-0760,Consumer,Quebec,Furniture,Desk,4,384.61,0.0,1538.44,1145.14,393.3,2023,4,Apr,2023-04,25.564857908010712
ORD-01731,2024-10-25,CUST-0428,Consumer,Ontario,Electronics,Monitor,2,830.43,0.05,1577.82,1142.24,435.58,2024,10,Oct,2024-10,27.606444334588232
ORD-01732,2023-09-16,CUST-0767,Consumer,Quebec,Electronics,Monitor,4,940.32,0.05,3573.22,2615.27,957.94,2023,9,Sep,2023-09,26.808872669468997
ORD-01733,2025-04-26,CUST-0744,Corporate,Ontario,Office Supplies,Folders,1,5.46,0.0,5.46,3.7,1.76,2025,4,Apr,2025-04,32.234432234432234
ORD-01734,2024-04-24,CUST-0929,Consumer,Ontario,Furniture,Bookshelf,3,662.28,0.0,1986.84,1464.71,522.13,2024,4,Apr,2024-04,26.279418574218354
ORD-01735,2023-02-02,CUST-0485,Consumer,Manitoba,Clothing,Jeans,5,210.7,0.0,1053.5,712.15,341.35,2023,2,Feb,2023-02,32.4015187470337
ORD-01736,2023-06-22,CUST-0096,Consumer,British Columbia,Electronics,Monitor,4,1011.04,0.05,3841.95,2491.75,1350.2,2023,6,Jun,2023-06,35.143611967880894
ORD-01737,2023-05-23,CUST-0186,Consumer,British Columbia,Office Supplies,Notebook,2,62.38,0.1,112.28,68.79,43.49,2023,5,May,2023-05,38.73352333452084
ORD-01738,2024-07-07,CUST-0006,Consumer,Quebec,Furniture,Office Chair,3,92.42,0.0,277.26,155.75,121.51,2024,7,Jul,2024-07,43.825290341195995
ORD-01739,2024-03-03,CUST-0059,Consumer,Alberta,Office Supplies,Notebook,5,29.82,0.0,149.1,106.93,42.17,2024,3,Mar,2024-03,28.283031522468143
ORD-01740,2023-05-24,CUST-0721,Consumer,British Columbia,Clothing,Jacket,5,29.43,0.1,132.44,88.76,43.67,2023,5,May,2023-05,32.9734219269103
ORD-01741,2023-12-15,CUST-0639,Small Business,Alberta,Office Supplies,Notebook,4,59.09,0.1,212.72,164.63,48.09,2023,12,Dec,2023-12,22.60718315156074
ORD-01742,2024-04-01,CUST-0786,Consumer,Quebec,Furniture,Desk,2,468.9,0.05,890.91,536.71,354.2,2024,4,Apr,2024-04,39.757102288671135
ORD-01743,2025-03-25,CUST-0953,Corporate,Quebec,Clothing,Shoes,1,59.0,0.05,56.05,44.59,11.46,2025,3,Mar,2025-03,20.44603033006245
ORD-01744,2024-07-09,CUST-0550,Consumer,Ontario,Clothing,T-Shirt,5,160.52,0.0,802.6,609.6,193.0,2024,7,Jul,2024-07,24.046847744829304
ORD-01745,2024-07-22,CUST-0562,Consumer,Quebec,Electronics,Mouse,4,640.83,0.2,2050.66,1229.26,821.4,2024,7,Jul,2024-07,40.055396799079325
ORD-01746,2023-02-21,CUST-0479,Consumer,Manitoba,Electronics,Mouse,3,171.38,0.05,488.43,361.69,126.74,2023,2,Feb,2023-02,25.94844706508609
ORD-01747,2023-02-26,CUST-0495,Consumer,British Columbia,Clothing,Sweater,5,26.08,0.05,123.88,97.88,26.0,2023,2,Feb,2023-02,20.98805295447207
ORD-01748,2025-04-20,CUST-0267,Small Business,Ontario,Clothing,T-Shirt,2,103.89,0.0,207.78,145.61,62.17,2025,4,Apr,2025-04,29.92107036288382
ORD-01749,2024-03-06,CUST-0217,Consumer,Quebec,Furniture,Office Chair,1,79.51,0.0,79.51,44.95,34.56,2024,3,Mar,2024-03,43.46623066280971
ORD-01750,2025-01-09,CUST-0145,Consumer,Quebec,Clothing,Jacket,3,247.64,0.0,742.92,590.0,152.92,2025,1,Jan,2025-01,20.58364292252194
ORD-01751,2025-03-14,CUST-0715,Consumer,Quebec,Office Supplies,Pens,4,118.21,0.15,401.91,270.57,131.34,2025,3,Mar,2025-03,32.678957975666194
ORD-01752,2023-09-22,CUST-0669,Corporate,Quebec,Furniture,Lamp,4,557.53,0.1,2007.11,1508.23,498.88,2023,9,Sep,2023-09,24.85563820617704
ORD-01753,2025-12-24,CUST-0202,Corporate,British Columbia,Electronics,Monitor,5,901.86,0.15,3832.9,3079.64,753.26,2025,12,Dec,2025-12,19.65248245453834
ORD-01754,2024-07-19,CUST-0482,Consumer,Quebec,Clothing,Shoes,4,190.03,0.0,760.12,480.7,279.42,2024,7,Jul,2024-07,36.7599852654844
ORD-01755,2024-07-02,CUST-0488,Consumer,Manitoba,Furniture,Office Chair,5,861.2,0.1,3875.4,2207.33,1668.07,2024,7,Jul,2024-07,43.042524642617536
ORD-01756,2024-10-19,CUST-0219,Small Business,Ontario,Electronics,Laptop,3,211.52,0.1,571.1,436.64,134.47,2024,10,Oct,2024-10,23.54578882857643
ORD-01757,2023-05-25,CUST-0100,Consumer,Alberta,Electronics,Laptop,4,1553.41,0.05,5902.96,3973.01,1929.95,2023,5,May,2023-05,32.69461422743844
ORD-01758,2024-05-27,CUST-0747,Consumer,British Columbia,Office Supplies,Pens,5,48.74,0.1,219.33,145.82,73.51,2024,5,May,2024-05,33.51570692563717
ORD-01759,2024-03-31,CUST-0882,Corporate,Manitoba,Electronics,Keyboard,2,1741.08,0.0,3482.16,1956.79,1525.37,2024,3,Mar,2024-03,43.8052817791256
ORD-01760,2024-07-14,CUST-0582,Consumer,British Columbia,Office Supplies,Stapler,1,69.81,0.0,69.81,45.04,24.77,2024,7,Jul,2024-07,35.48202263286062
ORD-01761,2024-05-15,CUST-0946,Corporate,Alberta,Office Supplies,Printer Paper,1,54.26,0.05,51.55,40.08,11.47,2024,5,May,2024-05,22.25024248302619
ORD-01762,2025-12-13,CUST-0964,Small Business,Manitoba,Office Supplies,Printer Paper,4,105.77,0.05,401.93,260.9,141.03,2025,12,Dec,2025-12,35.08819943771304
ORD-01763,2025-03-06,CUST-0023,Consumer,Ontario,Electronics,Mouse,4,482.37,0.0,1929.48,1495.93,433.55,2025,3,Mar,2025-03,22.469784605178596
ORD-01764,2024-07-18,CUST-0211,Consumer,British Columbia,Electronics,Headphones,3,989.19,0.15,2522.43,1946.23,576.2,2024,7,Jul,2024-07,22.843052136233716
ORD-01765,2025-01-28,CUST-0901,Small Business,Manitoba,Electronics,Laptop,3,1401.45,0.1,3783.92,2338.52,1445.4,2025,1,Jan,2025-01,38.19848199750523
ORD-01766,2025-03-08,CUST-0671,Consumer,Ontario,Furniture,Lamp,2,298.17,0.05,566.52,445.21,121.31,2025,3,Mar,2025-03,21.413189296053098
ORD-01767,2024-01-28,CUST-0849,Small Business,British Columbia,Office Supplies,Pens,4,112.6,0.1,405.36,244.59,160.77,2024,1,Jan,2024-01,39.66104203670811
ORD-01768,2024-11-02,CUST-0326,Consumer,Manitoba,Electronics,Monitor,3,1560.71,0.1,4213.92,2502.48,1711.43,2024,11,Nov,2024-11,40.6137278353647
ORD-01769,2024-06-06,CUST-0472,Consumer,Quebec,Clothing,Jacket,1,161.36,0.15,137.16,85.41,51.75,2024,6,Jun,2024-06,37.72965879265092
ORD-01770,2023-06-25,CUST-0255,Consumer,British Columbia,Office Supplies,Notebook,3,62.64,0.0,187.92,124.11,63.81,2023,6,Jun,2023-06,33.95593869731801
ORD-01771,2025-03-25,CUST-0585,Consumer,Alberta,Electronics,Keyboard,3,227.73,0.05,649.03,370.65,278.38,2025,3,Mar,2025-03,42.8916999214212
ORD-01772,2024-01-06,CUST-0299,Corporate,Ontario,Electronics,Mouse,2,69.81,0.0,139.62,111.89,27.73,2024,1,Jan,2024-01,19.861051425297234
ORD-01773,2025-07-20,CUST-0232,Corporate,Quebec,Furniture,Bookshelf,4,93.33,0.1,335.99,220.47,115.52,2025,7,Jul,2025-07,34.38197565403732
ORD-01774,2025-04-11,CUST-0562,Consumer,Manitoba,Furniture,Bookshelf,2,453.69,0.05,862.01,533.94,328.07,2025,4,Apr,2025-04,38.05872321666802
ORD-01775,2023-07-05,CUST-0227,Consumer,Ontario,Furniture,Desk,5,509.0,0.0,2545.0,1974.77,570.23,2023,7,Jul,2023-07,22.40589390962672
ORD-01776,2023-06-13,CUST-0420,Consumer,Ontario,Furniture,Cabinet,3,575.28,0.2,1380.67,816.46,564.21,2023,6,Jun,2023-06,40.86494238304591
ORD-01777,2025-04-02,CUST-0640,Corporate,Quebec,Electronics,Laptop,3,147.96,0.1,399.49,300.04,99.45,2025,4,Apr,2025-04,24.894240156199153
ORD-01778,2023-02-19,CUST-0304,Consumer,Quebec,Electronics,Laptop,4,215.14,0.1,774.5,432.92,341.58,2023,2,Feb,2023-02,44.10329244673983
ORD-01779,2024-10-27,CUST-0336,Consumer,Quebec,Electronics,Laptop,4,729.15,0.0,2916.6,2225.52,691.08,2024,10,Oct,2024-10,23.694713022011936
ORD-01780,2023-11-01,CUST-0443,Consumer,Manitoba,Furniture,Cabinet,1,844.82,0.0,844.82,512.66,332.16,2023,11,Nov,2023-11,39.3172510120499
ORD-01781,2023-01-12,CUST-0268,Corporate,Ontario,Office Supplies,Notebook,3,70.4,0.05,200.64,116.42,84.22,2023,1,Jan,2023-01,41.97567783094099
ORD-01782,2024-02-21,CUST-0433,Corporate,Quebec,Electronics,Mouse,5,1327.68,0.1,5974.56,4439.97,1534.59,2024,2,Feb,2024-02,25.685406121957094
ORD-01783,2024-08-21,CUST-0856,Consumer,British Columbia,Furniture,Office Chair,3,105.14,0.0,315.42,204.5,110.92,2024,8,Aug,2024-08,35.16581066514489
ORD-01784,2024-11-10,CUST-0833,Corporate,British Columbia,Clothing,Shoes,5,194.95,0.0,974.75,763.19,211.56,2024,11,Nov,2024-11,21.70402667350603
ORD-01785,2024-03-22,CUST-0525,Corporate,Manitoba,Office Supplies,Pens,5,44.94,0.15,190.99,108.53,82.47,2024,3,Mar,2024-03,43.18027121838839
ORD-01786,2023-03-19,CUST-0186,Consumer,Quebec,Electronics,Keyboard,3,108.04,0.15,275.5,162.67,112.83,2023,3,Mar,2023-03,40.954627949183305
ORD-01787,2025-03-19,CUST-0300,Consumer,Quebec,Electronics,Mouse,2,279.91,0.15,475.85,320.62,155.23,2025,3,Mar,2025-03,32.621624461489965
ORD-01788,2024-06-09,CUST-0618,Small Business,Alberta,Furniture,Office Chair,4,529.16,0.15,1799.14,1439.02,360.12,2024,6,Jun,2024-06,20.01622997654435
ORD-01789,2025-03-23,CUST-0489,Consumer,Ontario,Electronics,Monitor,2,607.92,0.0,1215.84,671.89,543.95,2025,3,Mar,2025-03,44.73861692327938
ORD-01790,2024-04-26,CUST-0861,Consumer,Ontario,Office Supplies,Stapler,4,38.11,0.15,129.57,78.42,51.16,2024,4,Apr,2024-04,39.484448560623605
ORD-01791,2025-05-31,CUST-0610,Consumer,Alberta,Clothing,Jeans,5,135.06,0.1,607.77,455.25,152.52,2025,5,May,2025-05,25.09501949750728
ORD-01792,2024-11-02,CUST-0658,Consumer,Quebec,Electronics,Laptop,2,278.43,0.0,556.86,346.11,210.75,2024,11,Nov,2024-11,37.846137269690765
ORD-01793,2024-06-18,CUST-0676,Consumer,Manitoba,Electronics,Mouse,4,469.66,0.05,1784.71,995.77,788.94,2024,6,Jun,2024-06,44.20550117386018
ORD-01794,2023-12-23,CUST-0029,Consumer,Ontario,Office Supplies,Folders,4,111.74,0.05,424.61,296.62,127.99,2023,12,Dec,2023-12,30.14295471138221
ORD-01795,2024-10-18,CUST-0579,Consumer,Ontario,Clothing,Jacket,3,104.67,0.0,314.01,248.02,65.99,2024,10,Oct,2024-10,21.01525429126461
ORD-01796,2023-01-16,CUST-0995,Consumer,British Columbia,Clothing,Sweater,1,59.71,0.1,53.74,40.33,13.41,2023,1,Jan,2023-01,24.95347971715668
ORD-01797,2025-05-27,CUST-0205,Consumer,Manitoba,Electronics,Monitor,2,999.13,0.0,1998.26,1603.9,394.36,2025,5,May,2025-05,19.73516959754987
ORD-01798,2023-03-09,CUST-0310,Consumer,Alberta,Electronics,Headphones,4,531.36,0.0,2125.44,1634.0,491.44,2023,3,Mar,2023-03,23.12180066245107
ORD-01799,2023-12-23,CUST-0492,Corporate,Ontario,Clothing,Sweater,2,202.01,0.0,404.02,246.37,157.65,2023,12,Dec,2023-12,39.02034552744914
ORD-01800,2024-06-18,CUST-0710,Small Business,Manitoba,Furniture,Bookshelf,2,559.95,0.1,1007.91,659.7,348.21,2024,6,Jun,2024-06,34.547727475667465
ORD-01801,2024-02-20,CUST-0061,Consumer,Manitoba,Clothing,Jacket,5,171.22,0.0,856.1,691.97,164.13,2024,2,Feb,2024-02,19.17182572129424
ORD-01802,2024-03-01,CUST-0426,Consumer,British Columbia,Office Supplies,Pens,5,13.48,0.2,53.92,37.98,15.94,2024,3,Mar,2024-03,29.562314540059347
ORD-01803,2024-06-26,CUST-0900,Corporate,Manitoba,Office Supplies,Notebook,3,90.68,0.2,217.63,176.11,41.52,2024,6,Jun,2024-06,19.078252079217023
ORD-01804,2025-12-05,CUST-0737,Corporate,Manitoba,Clothing,Sweater,3,64.82,0.05,184.74,120.56,64.18,2025,12,Dec,2025-12,34.740716682905706
ORD-01805,2024-07-31,CUST-0077,Corporate,Quebec,Furniture,Office Chair,5,513.06,0.15,2180.5,1565.52,614.98,2024,7,Jul,2024-07,28.203623022242606
ORD-01806,2025-12-13,CUST-0643,Small Business,Alberta,Office Supplies,Notebook,2,80.08,0.1,144.14,108.3,35.84,2025,12,Dec,2025-12,24.864714860552244
ORD-01807,2025-03-12,CUST-0220,Consumer,Manitoba,Office Supplies,Notebook,4,99.58,0.15,338.57,239.64,98.93,2025,3,Mar,2025-03,29.219954514576013
ORD-01808,2025-06-28,CUST-0951,Corporate,Ontario,Electronics,Headphones,3,670.33,0.1,1809.89,1120.3,689.59,2025,6,Jun,2025-06,38.10121057080817
ORD-01809,2025-05-08,CUST-0537,Consumer,Alberta,Office Supplies,Notebook,1,10.89,0.15,9.26,5.98,3.28,2025,5,May,2025-05,35.42116630669546
ORD-01810,2023-07-17,CUST-0441,Consumer,Alberta,Clothing,Jacket,2,213.21,0.0,426.42,240.68,185.74,2023,7,Jul,2023-07,43.5579944655504
ORD-01811,2024-09-04,CUST-0172,Consumer,British Columbia,Electronics,Mouse,4,417.89,0.2,1337.25,1051.61,285.64,2024,9,Sep,2024-09,21.360254253131426
ORD-01812,2025-10-02,CUST-0187,Small Business,Manitoba,Office Supplies,Notebook,2,94.52,0.05,179.59,104.84,74.75,2025,10,Oct,2025-10,41.62258477643521
ORD-01813,2025-06-10,CUST-0160,Consumer,British Columbia,Office Supplies,Folders,2,21.51,0.15,36.57,26.48,10.08,2025,6,Jun,2025-06,27.56357670221493
ORD-01814,2023-04-13,CUST-0899,Corporate,Ontario,Furniture,Bookshelf,5,882.83,0.0,4414.15,2609.26,1804.89,2023,4,Apr,2023-04,40.88873282511922
ORD-01815,2023-02-24,CUST-0804,Consumer,Alberta,Electronics,Headphones,2,614.47,0.0,1228.94,728.52,500.42,2023,2,Feb,2023-02,40.71964457174476
ORD-01816,2024-11-30,CUST-0240,Corporate,British Columbia,Clothing,Sweater,5,107.18,0.0,535.9,337.73,198.17,2024,11,Nov,2024-11,36.97891397648815
ORD-01817,2024-02-12,CUST-0738,Small Business,Quebec,Furniture,Cabinet,1,520.11,0.05,494.1,392.96,101.14,2024,2,Feb,2024-02,20.469540578830195
ORD-01818,2025-07-18,CUST-0621,Consumer,British Columbia,Electronics,Keyboard,2,796.69,0.2,1274.7,739.77,534.93,2025,7,Jul,2025-07,41.96516827488821
ORD-01819,2024-10-20,CUST-0162,Consumer,Manitoba,Clothing,T-Shirt,1,200.62,0.0,200.62,139.35,61.27,2024,10,Oct,2024-10,30.54032499252318
ORD-01820,2024-07-21,CUST-0599,Consumer,Alberta,Electronics,Mouse,3,303.22,0.0,909.66,516.81,392.85,2024,7,Jul,2024-07,43.18646527273927
ORD-01821,2023-11-10,CUST-0667,Corporate,Manitoba,Office Supplies,Stapler,2,49.64,0.15,84.39,60.92,23.47,2023,11,Nov,2023-11,27.811352055930794
ORD-01822,2024-09-15,CUST-0983,Consumer,Quebec,Electronics,Laptop,5,419.09,0.2,1676.36,1049.72,626.64,2024,9,Sep,2024-09,37.380992149657594
ORD-01823,2023-07-20,CUST-0108,Corporate,Manitoba,Electronics,Mouse,4,1546.1,0.0,6184.4,4723.42,1460.98,2023,7,Jul,2023-07,23.623633658883644
ORD-01824,2025-05-08,CUST-0997,Corporate,Alberta,Electronics,Monitor,2,1219.34,0.1,2194.81,1234.27,960.54,2025,5,May,2025-05,43.76415270570118
ORD-01825,2025-02-06,CUST-0971,Corporate,Alberta,Clothing,Jacket,4,183.33,0.0,733.32,472.36,260.96,2025,2,Feb,2025-02,35.586101565483006
ORD-01826,2023-05-04,CUST-0553,Consumer,British Columbia,Clothing,T-Shirt,2,160.38,0.0,320.76,236.11,84.65,2023,5,May,2023-05,26.390447686743983
ORD-01827,2023-01-05,CUST-0489,Small Business,Ontario,Furniture,Cabinet,4,83.55,0.0,334.2,229.37,104.83,2023,1,Jan,2023-01,31.367444643925797
ORD-01828,2025-10-22,CUST-0003,Corporate,Alberta,Furniture,Lamp,2,853.55,0.0,1707.1,1156.23,550.87,2025,10,Oct,2025-10,32.26934567394997
ORD-01829,2025-07-12,CUST-0292,Corporate,Quebec,Office Supplies,Stapler,4,87.17,0.0,348.68,258.27,90.41,2025,7,Jul,2025-07,25.929218767924745
ORD-01830,2025-11-04,CUST-0406,Corporate,Manitoba,Clothing,Jacket,5,89.64,0.15,380.97,310.54,70.43,2025,11,Nov,2025-11,18.48701997532614
ORD-01831,2023-09-03,CUST-0401,Consumer,Manitoba,Electronics,Monitor,5,632.88,0.0,3164.4,1941.97,1222.43,2023,9,Sep,2023-09,38.63070408292251
ORD-01832,2025-07-15,CUST-0244,Consumer,Quebec,Electronics,Keyboard,3,1356.69,0.05,3866.57,2948.01,918.56,2025,7,Jul,2025-07,23.756455980365025
ORD-01833,2023-01-25,CUST-0312,Small Business,Quebec,Office Supplies,Folders,5,12.33,0.0,61.65,40.26,21.39,2023,1,Jan,2023-01,34.695863746958636
ORD-01834,2024-04-13,CUST-0995,Corporate,Quebec,Electronics,Headphones,5,974.04,0.1,4383.18,3484.9,898.28,2024,4,Apr,2024-04,20.493796741178777
ORD-01835,2025-04-05,CUST-0504,Corporate,Alberta,Office Supplies,Notebook,3,117.61,0.0,352.83,195.7,157.13,2025,4,Apr,2025-04,44.53419493807216
ORD-01836,2024-05-01,CUST-0226,Consumer,Quebec,Electronics,Laptop,1,206.7,0.2,165.36,113.39,51.97,2024,5,May,2024-05,31.428398645379772
ORD-01837,2024-12-27,CUST-0743,Consumer,Ontario,Furniture,Office Chair,3,589.31,0.0,1767.93,1026.26,741.67,2024,12,Dec,2024-12,41.951321602099625
ORD-01838,2025-09-10,CUST-0469,Consumer,British Columbia,Office Supplies,Stapler,3,102.29,0.0,306.87,184.83,122.04,2025,9,Sep,2025-09,39.769283409912994
ORD-01839,2024-12-06,CUST-0329,Consumer,British Columbia,Furniture,Bookshelf,2,858.05,0.2,1372.88,1110.48,262.4,2024,12,Dec,2024-12,19.11310529689412
ORD-01840,2023-04-18,CUST-0484,Consumer,Alberta,Electronics,Headphones,2,1689.63,0.0,3379.26,2367.71,1011.55,2023,4,Apr,2023-04,29.934068405508896
ORD-01841,2024-03-22,CUST-0580,Consumer,Ontario,Furniture,Lamp,3,364.25,0.1,983.48,740.52,242.95,2024,3,Mar,2024-03,24.703095131573594
ORD-01842,2025-02-28,CUST-0689,Consumer,British Columbia,Furniture,Lamp,5,63.63,0.0,318.15,210.85,107.3,2025,2,Feb,2025-02,33.72622976583373
ORD-01843,2024-03-19,CUST-0358,Consumer,Alberta,Clothing,Shoes,2,230.69,0.1,415.24,267.55,147.69,2024,3,Mar,2024-03,35.5673827184279
ORD-01844,2025-11-24,CUST-0080,Consumer,Manitoba,Furniture,Desk,2,64.31,0.05,122.19,95.97,26.22,2025,11,Nov,2025-11,21.45838448318193
ORD-01845,2025-08-06,CUST-0225,Small Business,Quebec,Furniture,Bookshelf,5,401.32,0.0,2006.6,1213.04,793.56,2025,8,Aug,2025-08,39.547493272201734
ORD-01846,2023-06-29,CUST-0490,Consumer,Alberta,Clothing,T-Shirt,4,48.09,0.05,182.74,125.98,56.76,2023,6,Jun,2023-06,31.060523147641454
ORD-01847,2025-02-12,CUST-0982,Consumer,Manitoba,Electronics,Keyboard,3,644.2,0.1,1739.34,1020.87,718.47,2025,2,Feb,2025-02,41.307047500776164
ORD-01848,2023-09-01,CUST-0174,Consumer,British Columbia,Electronics,Mouse,4,531.91,0.05,2021.26,1322.3,698.95,2023,9,Sep,2023-09,34.57991549825357
ORD-01849,2024-11-28,CUST-0281,Corporate,British Columbia,Clothing,Jeans,2,74.9,0.0,149.8,106.27,43.53,2024,11,Nov,2024-11,29.05874499332443
ORD-01850,2025-07-25,CUST-0160,Corporate,Ontario,Furniture,Desk,1,392.09,0.2,313.67,237.29,76.38,2025,7,Jul,2025-07,24.350431982656932
ORD-01851,2025-02-03,CUST-0731,Consumer,Alberta,Electronics,Monitor,4,172.7,0.1,621.72,387.18,234.54,2025,2,Feb,2025-02,37.72437753329473
ORD-01852,2025-08-27,CUST-0493,Corporate,Alberta,Furniture,Lamp,1,658.13,0.05,625.22,443.63,181.59,2025,8,Aug,2025-08,29.044176449889637
ORD-01853,2023-04-30,CUST-0437,Consumer,Alberta,Office Supplies,Folders,4,50.41,0.05,191.56,150.56,41.0,2023,4,Apr,2023-04,21.40321570265191
ORD-01854,2025-12-28,CUST-0271,Consumer,Quebec,Furniture,Cabinet,3,820.67,0.15,2092.71,1240.3,852.41,2025,12,Dec,2025-12,40.73235183087958
ORD-01855,2023-12-26,CUST-0229,Consumer,Alberta,Clothing,Shoes,4,193.29,0.0,773.16,456.49,316.67,2023,12,Dec,2023-12,40.9578871126287
ORD-01856,2023-01-28,CUST-0558,Consumer,Quebec,Electronics,Keyboard,4,1578.96,0.05,6000.05,4622.68,1377.37,2023,1,Jan,2023-01,22.95597536687194
ORD-01857,2023-08-06,CUST-0751,Consumer,British Columbia,Furniture,Desk,3,63.92,0.1,172.58,136.47,36.11,2023,8,Aug,2023-08,20.92362962104531
ORD-01858,2025-06-02,CUST-0524,Consumer,Manitoba,Electronics,Mouse,3,709.68,0.2,1703.23,1171.49,531.75,2025,6,Jun,2025-06,31.22009358689079
ORD-01859,2023-11-09,CUST-0323,Consumer,Quebec,Office Supplies,Printer Paper,1,50.44,0.0,50.44,33.63,16.81,2023,11,Nov,2023-11,33.32672482157018
ORD-01860,2024-01-30,CUST-0004,Consumer,Alberta,Clothing,T-Shirt,4,128.32,0.05,487.62,276.46,211.15,2024,1,Jan,2024-01,43.30216151921578
ORD-01861,2025-11-27,CUST-0227,Consumer,Ontario,Electronics,Mouse,4,1587.79,0.1,5716.04,3900.69,1815.35,2025,11,Nov,2025-11,31.75887502536721
ORD-01862,2024-03-13,CUST-0973,Consumer,British Columbia,Electronics,Headphones,4,600.84,0.05,2283.19,1597.56,685.64,2024,3,Mar,2024-03,30.029914286590255
ORD-01863,2025-04-28,CUST-0266,Consumer,Alberta,Clothing,T-Shirt,5,192.54,0.1,866.43,665.58,200.85,2025,4,Apr,2025-04,23.181330286347425
ORD-01864,2025-01-29,CUST-0249,Consumer,Alberta,Clothing,T-Shirt,4,161.06,0.0,644.24,432.72,211.52,2025,1,Jan,2025-01,32.83248478827766
ORD-01865,2024-12-31,CUST-0679,Consumer,Manitoba,Furniture,Lamp,5,771.05,0.0,3855.25,2665.57,1189.68,2024,12,Dec,2024-12,30.8586991764477
ORD-01866,2025-05-16,CUST-0354,Small Business,Alberta,Clothing,Jeans,1,37.16,0.0,37.16,25.57,11.59,2025,5,May,2025-05,31.189451022604953
ORD-01867,2025-02-28,CUST-0488,Small Business,Quebec,Office Supplies,Pens,1,56.88,0.2,45.5,31.46,14.04,2025,2,Feb,2025-02,30.857142857142854
ORD-01868,2025-09-23,CUST-0622,Small Business,Ontario,Clothing,Jacket,1,226.05,0.0,226.05,184.25,41.8,2025,9,Sep,2025-09,18.49148418491484
ORD-01869,2023-01-27,CUST-0676,Consumer,Ontario,Furniture,Desk,1,239.65,0.05,227.67,177.38,50.28,2023,1,Jan,2023-01,22.084596125971803
ORD-01870,2025-09-07,CUST-0547,Corporate,British Columbia,Office Supplies,Stapler,5,97.61,0.1,439.24,303.49,135.75,2025,9,Sep,2025-09,30.90565522265732
ORD-01871,2023-10-07,CUST-0202,Consumer,Ontario,Furniture,Desk,1,518.93,0.0,518.93,311.74,207.19,2023,10,Oct,2023-10,39.926386988611185
ORD-01872,2023-06-03,CUST-0233,Corporate,Ontario,Furniture,Cabinet,2,90.47,0.0,180.94,108.41,72.53,2023,6,Jun,2023-06,40.085111086548025
ORD-01873,2025-03-19,CUST-0182,Consumer,Ontario,Office Supplies,Folders,3,34.43,0.2,82.63,56.23,26.4,2025,3,Mar,2025-03,31.949655088950745
ORD-01874,2025-04-08,CUST-0266,Consumer,Alberta,Clothing,Shoes,1,82.47,0.0,82.47,53.4,29.07,2025,4,Apr,2025-04,35.24918152055293
ORD-01875,2024-07-24,CUST-0501,Small Business,Alberta,Office Supplies,Notebook,3,13.75,0.1,37.12,23.33,13.8,2024,7,Jul,2024-07,37.17672413793104
ORD-01876,2023-10-23,CUST-0077,Small Business,Quebec,Electronics,Headphones,1,482.21,0.0,482.21,267.92,214.29,2023,10,Oct,2023-10,44.43914477095042
ORD-01877,2025-08-20,CUST-0171,Consumer,Quebec,Office Supplies,Printer Paper,3,83.94,0.0,251.82,140.19,111.63,2025,8,Aug,2025-08,44.32928282106266
ORD-01878,2024-10-16,CUST-0151,Consumer,British Columbia,Office Supplies,Pens,2,65.11,0.1,117.2,92.96,24.23,2024,10,Oct,2024-10,20.6740614334471
ORD-01879,2023-05-24,CUST-0162,Consumer,Ontario,Electronics,Laptop,3,1356.7,0.15,3459.58,2367.25,1092.33,2023,5,May,2023-05,31.574063903710854
ORD-01880,2023-04-17,CUST-0843,Consumer,Ontario,Office Supplies,Stapler,4,87.66,0.0,350.64,215.93,134.71,2023,4,Apr,2023-04,38.418320784850565
ORD-01881,2024-07-29,CUST-0377,Consumer,Ontario,Office Supplies,Stapler,3,94.94,0.15,242.1,176.54,65.55,2024,7,Jul,2024-07,27.07558859975217
ORD-01882,2025-09-16,CUST-0566,Small Business,Quebec,Electronics,Laptop,1,942.64,0.1,848.38,484.07,364.3,2025,9,Sep,2025-09,42.94066338197506
ORD-01883,2025-09-25,CUST-0355,Consumer,British Columbia,Furniture,Lamp,3,670.51,0.05,1910.95,1523.72,387.23,2025,9,Sep,2025-09,20.263743164394672
ORD-01884,2025-01-04,CUST-0188,Consumer,Ontario,Electronics,Keyboard,2,589.51,0.0,1179.02,847.9,331.12,2025,1,Jan,2025-01,28.084341232549065
ORD-01885,2023-01-27,CUST-0109,Consumer,Ontario,Office Supplies,Stapler,4,66.3,0.1,238.68,189.31,49.37,2023,1,Jan,2023-01,20.684598625775095
ORD-01886,2025-05-04,CUST-0770,Small Business,British Columbia,Clothing,Sweater,2,198.91,0.15,338.15,235.07,103.08,2025,5,May,2025-05,30.483513233771998
ORD-01887,2023-08-31,CUST-0685,Consumer,Quebec,Electronics,Laptop,2,960.52,0.0,1921.04,1468.75,452.29,2023,8,Aug,2023-08,23.544017823678843
ORD-01888,2023-04-21,CUST-0435,Consumer,Manitoba,Furniture,Lamp,5,588.77,0.2,2355.08,1391.32,963.76,2023,4,Apr,2023-04,40.92260135536797
ORD-01889,2024-03-09,CUST-0117,Consumer,British Columbia,Furniture,Office Chair,4,233.14,0.15,792.68,581.47,211.2,2024,3,Mar,2024-03,26.643790684765605
ORD-01890,2023-12-05,CUST-0638,Small Business,Alberta,Clothing,Jeans,4,41.01,0.05,155.84,101.89,53.95,2023,12,Dec,2023-12,34.618839835728956
ORD-01891,2023-10-29,CUST-0252,Corporate,Manitoba,Clothing,Jacket,1,109.34,0.0,109.34,74.85,34.49,2023,10,Oct,2023-10,31.543808304371684
ORD-01892,2023-03-15,CUST-0445,Consumer,Manitoba,Office Supplies,Pens,4,103.62,0.1,373.03,209.46,163.57,2023,3,Mar,2023-03,43.849020186044015
ORD-01893,2023-11-12,CUST-0868,Consumer,Alberta,Electronics,Mouse,2,582.57,0.1,1048.63,595.62,453.01,2023,11,Nov,2023-11,43.20017546703794
ORD-01894,2024-08-04,CUST-0570,Corporate,Alberta,Furniture,Office Chair,2,197.94,0.2,316.7,218.47,98.23,2024,8,Aug,2024-08,31.016735080517844
ORD-01895,2023-03-26,CUST-0438,Corporate,Quebec,Office Supplies,Notebook,4,51.77,0.05,196.73,151.62,45.11,2023,3,Mar,2023-03,22.929903929243125
ORD-01896,2025-05-07,CUST-0644,Consumer,Alberta,Furniture,Lamp,4,116.47,0.0,465.88,269.66,196.22,2025,5,May,2025-05,42.11814201081824
ORD-01897,2025-12-06,CUST-0284,Consumer,Quebec,Clothing,Jeans,4,212.86,0.0,851.44,605.24,246.2,2025,12,Dec,2025-12,28.91571925209057
ORD-01898,2025-06-27,CUST-0558,Corporate,Ontario,Office Supplies,Folders,5,102.8,0.0,514.0,334.95,179.05,2025,6,Jun,2025-06,34.83463035019456
ORD-01899,2025-11-03,CUST-0642,Small Business,British Columbia,Furniture,Bookshelf,2,296.81,0.1,534.26,431.57,102.69,2025,11,Nov,2025-11,19.220978549769775
ORD-01900,2023-01-18,CUST-0674,Consumer,Ontario,Electronics,Keyboard,1,649.57,0.0,649.57,404.36,245.21,2023,1,Jan,2023-01,37.749588189109716
ORD-01901,2025-12-06,CUST-0368,Corporate,Quebec,Furniture,Desk,5,302.53,0.1,1361.38,995.15,366.23,2025,12,Dec,2025-12,26.90137948258385
ORD-01902,2023-07-10,CUST-0047,Consumer,British Columbia,Furniture,Cabinet,1,738.78,0.05,701.84,429.09,272.76,2023,7,Jul,2023-07,38.8635586458452
ORD-01903,2023-10-09,CUST-0474,Small Business,Quebec,Office Supplies,Pens,5,92.01,0.0,460.05,334.31,125.74,2023,10,Oct,2023-10,27.331811759591346
ORD-01904,2023-11-01,CUST-0354,Corporate,Manitoba,Office Supplies,Stapler,1,102.93,0.1,92.64,67.5,25.13,2023,11,Nov,2023-11,27.12651122625216
ORD-01905,2023-06-26,CUST-0857,Small Business,Manitoba,Clothing,Sweater,3,104.48,0.05,297.77,192.38,105.39,2023,6,Jun,2023-06,35.393088625449174
ORD-01906,2023-04-06,CUST-0859,Consumer,British Columbia,Clothing,Sweater,5,226.45,0.2,905.8,660.72,245.08,2023,4,Apr,2023-04,27.056745418414664
ORD-01907,2025-03-04,CUST-0631,Consumer,Alberta,Electronics,Headphones,3,1725.26,0.1,4658.2,2766.84,1891.36,2025,3,Mar,2025-03,40.602807951569275
ORD-01908,2024-08-07,CUST-0610,Consumer,British Columbia,Electronics,Monitor,1,325.16,0.0,325.16,182.36,142.8,2024,8,Aug,2024-08,43.916840939844995
ORD-01909,2025-09-11,CUST-0490,Corporate,Ontario,Furniture,Desk,4,487.87,0.05,1853.91,1494.15,359.75,2025,9,Sep,2025-09,19.404933357066955
ORD-01910,2025-11-28,CUST-0783,Corporate,British Columbia,Clothing,T-Shirt,5,39.13,0.1,176.08,121.77,54.31,2025,11,Nov,2025-11,30.843934575193092
ORD-01911,2023-01-24,CUST-0748,Consumer,Alberta,Furniture,Cabinet,3,701.25,0.1,1893.38,1464.27,429.11,2023,1,Jan,2023-01,22.66370195100825
ORD-01912,2025-05-26,CUST-0088,Consumer,British Columbia,Office Supplies,Pens,3,116.6,0.15,297.33,219.46,77.87,2025,5,May,2025-05,26.189755490532406
ORD-01913,2024-08-14,CUST-0546,Consumer,Alberta,Clothing,Jeans,2,93.34,0.0,186.68,110.76,75.92,2024,8,Aug,2024-08,40.66852367688023
ORD-01914,2023-06-05,CUST-0948,Corporate,Quebec,Furniture,Lamp,1,806.47,0.0,806.47,634.58,171.89,2023,6,Jun,2023-06,21.313874043671802
ORD-01915,2023-01-31,CUST-0062,Consumer,Quebec,Office Supplies,Stapler,3,29.46,0.1,79.54,62.84,16.7,2023,1,Jan,2023-01,20.995725421171734
ORD-01916,2024-07-13,CUST-0935,Corporate,Alberta,Clothing,Shoes,3,207.56,0.0,622.68,506.88,115.8,2024,7,Jul,2024-07,18.597032183465025
ORD-01917,2024-11-24,CUST-0070,Consumer,Quebec,Office Supplies,Stapler,1,49.53,0.15,42.1,25.32,16.78,2024,11,Nov,2024-11,39.85748218527316
ORD-01918,2024-08-11,CUST-0862,Consumer,Quebec,Clothing,Shoes,2,160.49,0.05,304.93,236.45,68.48,2024,8,Aug,2024-08,22.45761322270685
ORD-01919,2025-06-03,CUST-0699,Consumer,British Columbia,Furniture,Bookshelf,1,798.45,0.05,758.53,524.33,234.19,2025,6,Jun,2025-06,30.874190869181177
ORD-01920,2023-01-30,CUST-0776,Consumer,Ontario,Electronics,Laptop,1,1648.54,0.0,1648.54,1194.77,453.77,2023,1,Jan,2023-01,27.525568078420903
ORD-01921,2023-05-06,CUST-0743,Consumer,Alberta,Furniture,Office Chair,1,121.85,0.0,121.85,99.59,22.26,2023,5,May,2023-05,18.268362741075094
ORD-01922,2025-03-03,CUST-0011,Small Business,Alberta,Office Supplies,Notebook,2,7.76,0.15,13.19,9.26,3.94,2025,3,Mar,2025-03,29.87111448066717
ORD-01923,2024-09-19,CUST-0093,Consumer,Alberta,Electronics,Keyboard,1,1013.45,0.15,861.43,668.4,193.03,2024,9,Sep,2024-09,22.4080888754745
ORD-01924,2024-04-02,CUST-0061,Small Business,Alberta,Furniture,Cabinet,1,308.66,0.05,293.23,212.17,81.06,2024,4,Apr,2024-04,27.643829076151828
ORD-01925,2025-08-01,CUST-0515,Consumer,British Columbia,Office Supplies,Notebook,1,6.99,0.05,6.64,5.37,1.27,2025,8,Aug,2025-08,19.126506024096386
ORD-01926,2025-12-25,CUST-0797,Consumer,Ontario,Electronics,Monitor,2,1449.14,0.1,2608.45,1786.73,821.72,2025,12,Dec,2025-12,31.502233126952788
ORD-01927,2024-03-10,CUST-0240,Consumer,Quebec,Clothing,Shoes,4,101.08,0.1,363.89,244.93,118.96,2024,3,Mar,2024-03,32.69119788947209
ORD-01928,2023-11-13,CUST-0147,Consumer,Quebec,Clothing,Shoes,3,21.42,0.05,61.05,42.73,18.32,2023,11,Nov,2023-11,30.00819000819001
ORD-01929,2023-12-24,CUST-0436,Consumer,Alberta,Furniture,Bookshelf,5,152.01,0.0,760.05,622.07,137.98,2023,12,Dec,2023-12,18.154068811262416
ORD-01930,2025-10-03,CUST-0368,Small Business,Alberta,Furniture,Bookshelf,5,398.58,0.0,1992.9,1427.65,565.25,2025,10,Oct,2025-10,28.36318932209343
ORD-01931,2025-03-16,CUST-0931,Consumer,Alberta,Office Supplies,Notebook,5,38.69,0.1,174.1,128.66,45.45,2025,3,Mar,2025-03,26.105686387133836
ORD-01932,2023-01-19,CUST-0022,Consumer,British Columbia,Office Supplies,Folders,5,39.99,0.05,189.95,112.03,77.92,2023,1,Jan,2023-01,41.02132140036852
ORD-01933,2023-01-17,CUST-0199,Consumer,Alberta,Office Supplies,Pens,3,43.41,0.1,117.21,86.52,30.69,2023,1,Jan,2023-01,26.183772715638597
ORD-01934,2023-04-11,CUST-0870,Consumer,British Columbia,Electronics,Monitor,1,1650.32,0.0,1650.32,984.52,665.8,2023,4,Apr,2023-04,40.34369092054874
ORD-01935,2025-10-06,CUST-0051,Consumer,Quebec,Furniture,Bookshelf,5,53.57,0.1,241.07,185.27,55.79,2025,10,Oct,2025-10,23.142655660181692
ORD-01936,2025-08-03,CUST-0502,Consumer,British Columbia,Electronics,Mouse,4,425.86,0.0,1703.44,1125.09,578.35,2025,8,Aug,2025-08,33.95188559620533
ORD-01937,2025-11-05,CUST-0733,Consumer,Quebec,Furniture,Lamp,4,94.77,0.05,360.13,212.52,147.61,2025,11,Nov,2025-11,40.98797656401855
ORD-01938,2024-04-20,CUST-0237,Corporate,Ontario,Electronics,Laptop,2,1430.25,0.0,2860.5,1699.07,1161.43,2024,4,Apr,2024-04,40.60234224785877
ORD-01939,2024-12-16,CUST-0209,Consumer,British Columbia,Furniture,Lamp,2,796.45,0.0,1592.9,1038.43,554.47,2024,12,Dec,2024-12,34.808839224056754
ORD-01940,2025-12-03,CUST-0055,Consumer,Quebec,Electronics,Monitor,4,268.86,0.05,1021.67,627.81,393.86,2025,12,Dec,2025-12,38.55060831775427
ORD-01941,2025-11-29,CUST-0363,Corporate,British Columbia,Electronics,Headphones,3,275.84,0.1,744.77,591.23,153.53,2025,11,Nov,2025-11,20.614417873974517
ORD-01942,2025-12-02,CUST-0804,Consumer,Quebec,Office Supplies,Notebook,3,93.64,0.0,280.92,163.46,117.46,2025,12,Dec,2025-12,41.81261569130001
ORD-01943,2025-06-17,CUST-0295,Small Business,Quebec,Electronics,Headphones,2,307.88,0.1,554.18,342.88,211.3,2025,6,Jun,2025-06,38.128405933090335
ORD-01944,2023-07-22,CUST-0608,Corporate,Ontario,Office Supplies,Printer Paper,5,89.27,0.0,446.35,362.32,84.03,2023,7,Jul,2023-07,18.82603338187521
ORD-01945,2023-04-13,CUST-0003,Consumer,Alberta,Clothing,Shoes,3,192.87,0.1,520.75,399.4,121.35,2023,4,Apr,2023-04,23.302928468554967
ORD-01946,2024-07-13,CUST-0302,Consumer,Manitoba,Clothing,Jeans,1,213.88,0.05,203.19,125.34,77.84,2024,7,Jul,2024-07,38.30897189822334
ORD-01947,2024-08-18,CUST-0126,Consumer,British Columbia,Office Supplies,Notebook,1,48.66,0.05,46.23,35.33,10.9,2024,8,Aug,2024-08,23.57776335712741
ORD-01948,2024-11-01,CUST-0965,Consumer,Quebec,Furniture,Desk,2,572.98,0.0,1145.96,903.54,242.42,2024,11,Nov,2024-11,21.15431603197319
ORD-01949,2024-04-20,CUST-0428,Corporate,British Columbia,Office Supplies,Folders,5,47.32,0.05,224.77,127.39,97.38,2024,4,Apr,2024-04,43.3242870489834
ORD-01950,2024-06-02,CUST-0556,Consumer,Ontario,Electronics,Monitor,1,37.02,0.05,35.17,26.16,9.01,2024,6,Jun,2024-06,25.618424793858402
ORD-01951,2023-08-23,CUST-0701,Consumer,Quebec,Office Supplies,Notebook,3,72.25,0.1,195.08,114.93,80.14,2023,8,Aug,2023-08,41.08058232519991
ORD-01952,2024-06-18,CUST-0500,Consumer,Alberta,Furniture,Office Chair,3,279.19,0.0,837.57,626.43,211.14,2024,6,Jun,2024-06,25.2086392779111
ORD-01953,2024-09-02,CUST-0405,Corporate,Ontario,Electronics,Headphones,2,500.05,0.0,1000.1,744.49,255.61,2024,9,Sep,2024-09,25.558444155584443
ORD-01954,2023-01-10,CUST-0374,Corporate,Alberta,Office Supplies,Folders,4,80.8,0.05,307.04,215.95,91.09,2023,1,Jan,2023-01,29.667144346013547
ORD-01955,2025-07-16,CUST-0357,Corporate,Manitoba,Furniture,Cabinet,1,181.83,0.05,172.74,136.12,36.62,2025,7,Jul,2025-07,21.19949056385319
ORD-01956,2023-08-09,CUST-0060,Corporate,Ontario,Office Supplies,Folders,5,60.91,0.0,304.55,232.87,71.68,2023,8,Aug,2023-08,23.536365128878675
ORD-01957,2024-09-06,CUST-0388,Corporate,Quebec,Electronics,Headphones,4,418.82,0.05,1591.52,1228.86,362.65,2024,9,Sep,2024-09,22.78639288227606
ORD-01958,2024-01-10,CUST-0988,Corporate,Ontario,Clothing,Sweater,5,47.1,0.2,188.4,115.94,72.46,2024,1,Jan,2024-01,38.46072186836518
ORD-01959,2024-04-04,CUST-0689,Corporate,Quebec,Furniture,Lamp,4,706.12,0.15,2400.81,1443.53,957.28,2024,4,Apr,2024-04,39.87320945847443
ORD-01960,2025-01-11,CUST-0088,Consumer,Quebec,Clothing,Shoes,1,54.2,0.05,51.49,37.2,14.29,2025,1,Jan,2025-01,27.752961740143718
ORD-01961,2025-02-14,CUST-0348,Consumer,Quebec,Electronics,Keyboard,1,1402.39,0.0,1402.39,956.73,445.66,2025,2,Feb,2025-02,31.778606521723628
ORD-01962,2023-06-09,CUST-0189,Corporate,Alberta,Furniture,Office Chair,3,169.97,0.05,484.41,318.32,166.1,2023,6,Jun,2023-06,34.28913523667967
ORD-01963,2024-06-04,CUST-0386,Corporate,Manitoba,Electronics,Monitor,1,1573.27,0.0,1573.27,1079.63,493.64,2024,6,Jun,2024-06,31.376686773408252
ORD-01964,2025-06-22,CUST-0916,Corporate,British Columbia,Electronics,Monitor,2,527.17,0.0,1054.34,603.11,451.23,2025,6,Jun,2025-06,42.79738983629569
ORD-01965,2024-03-23,CUST-0944,Consumer,Alberta,Clothing,Jacket,2,179.56,0.05,341.16,231.99,109.18,2024,3,Mar,2024-03,32.00257943486927
ORD-01966,2024-01-10,CUST-0186,Consumer,Ontario,Furniture,Office Chair,5,111.7,0.05,530.57,351.62,178.95,2024,1,Jan,2024-01,33.72787756563695
ORD-01967,2023-07-31,CUST-0073,Consumer,British Columbia,Clothing,Sweater,2,34.93,0.0,69.86,42.76,27.1,2023,7,Jul,2023-07,38.7918694531921
ORD-01968,2024-01-29,CUST-0824,Consumer,Manitoba,Office Supplies,Pens,3,115.55,0.2,277.32,167.91,109.41,2024,1,Jan,2024-01,39.4526179143228
ORD-01969,2024-05-29,CUST-0349,Small Business,Alberta,Furniture,Bookshelf,3,68.57,0.0,205.71,145.92,59.79,2024,5,May,2024-05,29.06518885810121
ORD-01970,2025-11-29,CUST-0545,Consumer,Quebec,Furniture,Desk,3,787.66,0.05,2244.83,1494.43,750.4,2025,11,Nov,2025-11,33.42792104524619
ORD-01971,2024-12-22,CUST-0737,Corporate,British Columbia,Electronics,Mouse,3,130.99,0.05,373.32,286.89,86.43,2024,12,Dec,2024-12,23.151719704275155
ORD-01972,2025-11-01,CUST-0423,Consumer,Ontario,Clothing,Jacket,2,83.03,0.15,141.15,84.6,56.55,2025,11,Nov,2025-11,40.06376195536663
ORD-01973,2023-05-21,CUST-0773,Consumer,Ontario,Electronics,Headphones,5,167.83,0.0,839.15,599.78,239.37,2023,5,May,2023-05,28.525293451707086
ORD-01974,2025-04-21,CUST-0175,Consumer,British Columbia,Furniture,Cabinet,2,644.73,0.05,1224.99,951.07,273.92,2025,4,Apr,2025-04,22.36099886529686
ORD-01975,2025-04-28,CUST-0881,Small Business,Alberta,Clothing,Sweater,1,228.57,0.1,205.71,135.04,70.67,2025,4,Apr,2025-04,34.35418793447086
ORD-01976,2024-08-30,CUST-0240,Consumer,Manitoba,Clothing,Jacket,1,238.98,0.0,238.98,170.27,68.71,2024,8,Aug,2024-08,28.75135994643903
ORD-01977,2024-08-05,CUST-0997,Corporate,Quebec,Furniture,Cabinet,5,723.7,0.0,3618.5,2317.83,1300.67,2024,8,Aug,2024-08,35.94500483625812
ORD-01978,2023-06-28,CUST-0824,Consumer,Ontario,Office Supplies,Printer Paper,3,6.49,0.05,18.5,10.94,7.55,2023,6,Jun,2023-06,40.81081081081081
ORD-01979,2024-09-03,CUST-0978,Small Business,Alberta,Clothing,Jeans,4,187.79,0.15,638.49,486.32,152.17,2024,9,Sep,2024-09,23.832792995974874
ORD-01980,2023-06-01,CUST-0778,Small Business,Quebec,Electronics,Laptop,3,227.18,0.0,681.54,457.34,224.2,2023,6,Jun,2023-06,32.896088270681105
ORD-01981,2023-05-15,CUST-0624,Consumer,Manitoba,Furniture,Office Chair,5,775.14,0.0,3875.7,2814.25,1061.45,2023,5,May,2023-05,27.38731067936115
ORD-01982,2023-01-16,CUST-0476,Corporate,Alberta,Electronics,Mouse,1,439.75,0.1,395.78,307.5,88.27,2023,1,Jan,2023-01,22.302794481782808
ORD-01983,2025-04-10,CUST-0332,Consumer,Manitoba,Office Supplies,Pens,1,80.69,0.0,80.69,61.48,19.21,2025,4,Apr,2025-04,23.807163217251208
ORD-01984,2023-03-08,CUST-0255,Corporate,British Columbia,Office Supplies,Notebook,1,46.59,0.05,44.26,24.56,19.7,2023,3,Mar,2023-03,44.50971531857208
ORD-01985,2023-02-08,CUST-0774,Consumer,Ontario,Clothing,T-Shirt,2,27.57,0.2,44.11,35.31,8.8,2023,2,Feb,2023-02,19.950124688279303
ORD-01986,2024-03-12,CUST-0165,Consumer,Quebec,Office Supplies,Stapler,5,56.16,0.05,266.76,179.98,86.78,2024,3,Mar,2024-03,32.53111411006148
ORD-01987,2025-10-19,CUST-0293,Consumer,Manitoba,Furniture,Desk,4,197.95,0.15,673.03,407.43,265.6,2025,10,Oct,2025-10,39.46332258591742
ORD-01988,2024-06-02,CUST-0862,Corporate,Ontario,Furniture,Desk,3,776.47,0.15,1980.0,1095.33,884.67,2024,6,Jun,2024-06,44.68030303030302
ORD-01989,2025-05-25,CUST-0772,Consumer,Quebec,Office Supplies,Printer Paper,2,32.29,0.2,51.66,29.44,22.22,2025,5,May,2025-05,43.012001548586916
ORD-01990,2024-12-17,CUST-0953,Corporate,Ontario,Furniture,Office Chair,1,891.83,0.0,891.83,612.39,279.44,2024,12,Dec,2024-12,31.33332585806712
ORD-01991,2024-06-25,CUST-0149,Small Business,Quebec,Furniture,Office Chair,1,655.54,0.15,557.21,363.79,193.41,2024,6,Jun,2024-06,34.71043233251377
ORD-01992,2024-12-22,CUST-0416,Small Business,Alberta,Office Supplies,Folders,1,115.49,0.15,98.17,72.69,25.47,2024,12,Dec,2024-12,25.944789650606086
ORD-01993,2025-11-18,CUST-0714,Small Business,Alberta,Electronics,Laptop,4,1275.0,0.0,5100.0,2887.3,2212.7,2025,11,Nov,2025-11,43.38627450980392
ORD-01994,2025-01-26,CUST-0902,Consumer,British Columbia,Office Supplies,Pens,4,80.34,0.05,305.29,180.91,124.38,2025,1,Jan,2025-01,40.741589963641125
ORD-01995,2023-07-14,CUST-0089,Consumer,Alberta,Office Supplies,Folders,2,106.2,0.0,212.4,158.94,53.46,2023,7,Jul,2023-07,25.169491525423727
ORD-01996,2025-10-13,CUST-0240,Corporate,Quebec,Furniture,Bookshelf,3,707.75,0.0,2123.25,1222.3,900.95,2025,10,Oct,2025-10,42.432591545979044
ORD-01997,2025-12-12,CUST-0075,Consumer,British Columbia,Clothing,Sweater,4,234.09,0.15,795.91,575.66,220.25,2025,12,Dec,2025-12,27.672726815846016
ORD-01998,2023-05-14,CUST-0036,Corporate,Quebec,Office Supplies,Notebook,4,80.68,0.1,290.45,195.13,95.32,2023,5,May,2023-05,32.81804097090721
ORD-01999,2025-10-16,CUST-0401,Consumer,Alberta,Office Supplies,Pens,4,45.78,0.2,146.5,109.33,37.17,2025,10,Oct,2025-10,25.372013651877133
ORD-02000,2025-03-23,CUST-0406,Consumer,Alberta,Clothing,Sweater,5,152.18,0.0,760.9,567.41,193.49,2025,3,Mar,2025-03,25.429097121829415
ORD-02001,2025-05-21,CUST-0019,Consumer,British Columbia,Office Supplies,Folders,4,100.49,0.1,361.76,215.64,146.13,2025,5,May,2025-05,40.394183989385226
ORD-02002,2025-04-02,CUST-0401,Corporate,Ontario,Electronics,Headphones,3,1497.73,0.1,4043.87,2476.33,1567.54,2025,4,Apr,2025-04,38.763362818290396
ORD-02003,2024-03-11,CUST-0595,Consumer,British Columbia,Office Supplies,Folders,3,90.42,0.1,244.13,162.56,81.58,2024,3,Mar,2024-03,33.41662229140212
ORD-02004,2023-01-25,CUST-0147,Consumer,Manitoba,Electronics,Headphones,5,895.28,0.2,3581.12,2092.99,1488.13,2023,1,Jan,2023-01,41.55487668662318
ORD-02005,2024-09-30,CUST-0646,Consumer,Quebec,Office Supplies,Printer Paper,2,34.34,0.2,54.94,44.21,10.73,2024,9,Sep,2024-09,19.530396796505283
ORD-02006,2023-05-06,CUST-0502,Consumer,Manitoba,Office Supplies,Printer Paper,2,28.95,0.0,57.9,42.34,15.56,2023,5,May,2023-05,26.873920552677035
ORD-02007,2025-09-03,CUST-0169,Consumer,Alberta,Furniture,Lamp,4,450.86,0.1,1623.1,1250.04,373.05,2025,9,Sep,2025-09,22.983796438913192
ORD-02008,2023-12-25,CUST-0337,Consumer,Manitoba,Office Supplies,Printer Paper,1,36.51,0.1,32.86,20.0,12.85,2023,12,Dec,2023-12,39.10529519172246
ORD-02009,2023-12-02,CUST-0422,Consumer,Ontario,Furniture,Bookshelf,5,437.85,0.05,2079.79,1384.59,695.2,2023,12,Dec,2023-12,33.42645170906678
ORD-02010,2025-04-19,CUST-0770,Consumer,Alberta,Office Supplies,Folders,5,67.76,0.0,338.8,274.74,64.06,2025,4,Apr,2025-04,18.907910271546633
ORD-02011,2025-10-30,CUST-0711,Small Business,Ontario,Office Supplies,Notebook,1,101.86,0.0,101.86,68.91,32.95,2025,10,Oct,2025-10,32.34832122521108
ORD-02012,2024-06-14,CUST-0339,Consumer,Manitoba,Furniture,Cabinet,2,850.47,0.0,1700.94,1005.35,695.59,2024,6,Jun,2024-06,40.89444660011523
ORD-02013,2025-03-22,CUST-0473,Corporate,British Columbia,Electronics,Keyboard,4,754.54,0.0,3018.16,2440.25,577.91,2025,3,Mar,2025-03,19.147758899461923
ORD-02014,2025-08-07,CUST-0238,Consumer,Ontario,Electronics,Headphones,5,497.73,0.0,2488.65,1893.84,594.81,2025,8,Aug,2025-08,23.90091013199927
ORD-02015,2023-08-04,CUST-0265,Consumer,Quebec,Electronics,Monitor,4,976.64,0.15,3320.58,2116.91,1203.67,2023,8,Aug,2023-08,36.2487878623614
ORD-02016,2025-10-10,CUST-0330,Corporate,Manitoba,Electronics,Monitor,5,1665.57,0.15,7078.67,4880.73,2197.94,2025,10,Oct,2025-10,31.050183155875327
ORD-02017,2025-02-27,CUST-0890,Consumer,Manitoba,Clothing,Jeans,5,40.28,0.2,161.12,105.79,55.33,2025,2,Feb,2025-02,34.34086395233366
ORD-02018,2025-03-06,CUST-0009,Consumer,British Columbia,Electronics,Headphones,5,1111.32,0.0,5556.6,3372.62,2183.98,2025,3,Mar,2025-03,39.30425080084944
ORD-02019,2025-12-09,CUST-0799,Consumer,Ontario,Electronics,Laptop,1,1538.66,0.1,1384.79,899.11,485.68,2025,12,Dec,2025-12,35.072465861249725
ORD-02020,2023-08-31,CUST-0840,Corporate,Ontario,Clothing,T-Shirt,5,208.54,0.1,938.43,549.05,389.38,2023,8,Aug,2023-08,41.49270590241147
ORD-02021,2024-06-06,CUST-0618,Consumer,British Columbia,Office Supplies,Stapler,5,115.91,0.0,579.55,427.26,152.29,2024,6,Jun,2024-06,26.27728409973255
ORD-02022,2023-12-31,CUST-0484,Consumer,Quebec,Electronics,Laptop,5,1456.84,0.05,6919.99,4298.46,2621.53,2023,12,Dec,2023-12,37.88343624774025
ORD-02023,2024-08-21,CUST-0117,Consumer,Alberta,Office Supplies,Stapler,1,106.77,0.0,106.77,85.37,21.4,2024,8,Aug,2024-08,20.04308326308888
ORD-02024,2025-09-14,CUST-0602,Consumer,Manitoba,Furniture,Office Chair,4,468.01,0.15,1591.23,1237.11,354.12,2025,9,Sep,2025-09,22.254482381553892
ORD-02025,2023-02-02,CUST-0407,Corporate,Quebec,Electronics,Keyboard,1,1166.74,0.1,1050.07,730.38,319.69,2023,2,Feb,2023-02,30.44463702419839
ORD-02026,2024-10-26,CUST-0230,Consumer,British Columbia,Electronics,Monitor,5,297.45,0.0,1487.25,1114.56,372.69,2024,10,Oct,2024-10,25.059001512859304
ORD-02027,2023-04-08,CUST-0714,Corporate,Ontario,Furniture,Office Chair,1,77.97,0.15,66.27,36.78,29.5,2023,4,Apr,2023-04,44.514863437452846
ORD-02028,2023-10-12,CUST-0639,Consumer,Alberta,Electronics,Headphones,2,1256.43,0.1,2261.57,1555.34,706.23,2023,10,Oct,2023-10,31.22742165840544
ORD-02029,2024-05-24,CUST-0190,Corporate,Manitoba,Clothing,T-Shirt,1,98.68,0.1,88.81,53.14,35.67,2024,5,May,2024-05,40.16439590136246
ORD-02030,2025-08-19,CUST-0281,Consumer,Quebec,Electronics,Laptop,1,583.38,0.0,583.38,462.08,121.3,2025,8,Aug,2025-08,20.792622304501354
ORD-02031,2023-09-24,CUST-0454,Corporate,Alberta,Clothing,Jeans,4,175.09,0.05,665.34,504.56,160.78,2023,9,Sep,2023-09,24.16508852616707
ORD-02032,2023-04-13,CUST-0126,Corporate,Manitoba,Office Supplies,Notebook,3,51.93,0.15,132.42,106.81,25.61,2023,4,Apr,2023-04,19.33997885515783
ORD-02033,2023-12-26,CUST-0762,Consumer,Alberta,Office Supplies,Notebook,4,96.35,0.2,308.32,252.3,56.02,2023,12,Dec,2023-12,18.16943435391801
ORD-02034,2025-12-14,CUST-0944,Corporate,Alberta,Electronics,Mouse,5,1455.0,0.1,6547.5,4450.38,2097.12,2025,12,Dec,2025-12,32.029324169530355
ORD-02035,2024-03-08,CUST-0708,Consumer,Quebec,Office Supplies,Pens,5,53.94,0.1,242.73,142.52,100.21,2024,3,Mar,2024-03,41.284554855188894
ORD-02036,2024-12-07,CUST-0385,Small Business,British Columbia,Clothing,Shoes,5,192.77,0.1,867.46,629.28,238.18,2024,12,Dec,2024-12,27.457173817812926
ORD-02037,2025-06-03,CUST-0625,Consumer,Ontario,Electronics,Mouse,5,1107.2,0.2,4428.8,3014.76,1414.04,2025,6,Jun,2025-06,31.928287572254334
ORD-02038,2023-11-16,CUST-0917,Corporate,Manitoba,Clothing,Shoes,3,116.56,0.0,349.68,264.84,84.84,2023,11,Nov,2023-11,24.262182566918327
ORD-02039,2024-02-12,CUST-0357,Consumer,Ontario,Office Supplies,Stapler,1,45.57,0.05,43.29,24.23,19.07,2024,2,Feb,2024-02,44.05174405174405
ORD-02040,2023-05-26,CUST-0788,Consumer,Ontario,Furniture,Bookshelf,4,654.45,0.0,2617.8,1708.11,909.69,2023,5,May,2023-05,34.75017190006876
ORD-02041,2025-02-02,CUST-0560,Corporate,British Columbia,Furniture,Desk,3,76.86,0.0,230.58,129.72,100.86,2025,2,Feb,2025-02,43.74186833203226
ORD-02042,2023-01-23,CUST-0230,Consumer,Ontario,Office Supplies,Notebook,5,14.03,0.15,59.63,42.59,17.04,2023,1,Jan,2023-01,28.57622002347811
ORD-02043,2024-05-09,CUST-0035,Consumer,Manitoba,Electronics,Headphones,2,859.89,0.1,1547.8,1180.62,367.19,2024,5,May,2024-05,23.723349269931514
ORD-02044,2024-01-27,CUST-0547,Consumer,Manitoba,Electronics,Laptop,4,1578.09,0.2,5049.89,4119.83,930.06,2024,1,Jan,2024-01,18.41743087473192
ORD-02045,2025-08-15,CUST-0066,Corporate,Manitoba,Electronics,Laptop,1,1131.53,0.1,1018.38,650.01,368.37,2025,8,Aug,2025-08,36.17215577682201
ORD-02046,2023-06-15,CUST-0876,Corporate,Manitoba,Clothing,Sweater,1,119.4,0.0,119.4,75.85,43.55,2023,6,Jun,2023-06,36.47403685092127
ORD-02047,2023-10-18,CUST-0996,Consumer,Ontario,Office Supplies,Folders,4,82.77,0.05,314.53,256.52,58.01,2023,10,Oct,2023-10,18.443391727339208
ORD-02048,2024-11-29,CUST-0016,Consumer,Quebec,Clothing,Shoes,4,178.67,0.2,571.74,357.12,214.62,2024,11,Nov,2024-11,37.538041767236855
ORD-02049,2024-03-26,CUST-0789,Consumer,Alberta,Clothing,Jeans,1,28.74,0.2,22.99,16.37,6.63,2024,3,Mar,2024-03,28.838625489343194
ORD-02050,2025-05-27,CUST-0907,Corporate,Manitoba,Clothing,Shoes,1,174.24,0.1,156.82,127.47,29.34,2025,5,May,2025-05,18.709348297411047
ORD-02051,2023-04-17,CUST-0101,Consumer,British Columbia,Electronics,Keyboard,4,263.71,0.1,949.36,775.96,173.4,2023,4,Apr,2023-04,18.264936378191624
ORD-02052,2025-12-09,CUST-0767,Corporate,Quebec,Clothing,Sweater,4,185.94,0.05,706.57,429.55,277.03,2025,12,Dec,2025-12,39.20772181100244
ORD-02053,2025-05-19,CUST-0853,Consumer,British Columbia,Office Supplies,Notebook,1,24.2,0.0,24.2,13.47,10.73,2025,5,May,2025-05,44.33884297520662
ORD-02054,2024-02-17,CUST-0818,Corporate,Alberta,Office Supplies,Notebook,5,15.76,0.0,78.8,53.69,25.11,2024,2,Feb,2024-02,31.86548223350254
ORD-02055,2024-01-31,CUST-0864,Consumer,Alberta,Electronics,Mouse,1,1343.02,0.0,1343.02,998.56,344.46,2024,1,Jan,2024-01,25.64816607347619
ORD-02056,2023-05-26,CUST-0135,Consumer,Alberta,Clothing,Sweater,5,102.43,0.0,512.15,321.85,190.3,2023,5,May,2023-05,37.15708288587328
ORD-02057,2025-03-01,CUST-0898,Corporate,Manitoba,Electronics,Keyboard,4,338.91,0.1,1220.08,943.9,276.18,2025,3,Mar,2025-03,22.636220575699955
ORD-02058,2023-08-09,CUST-0089,Consumer,Manitoba,Furniture,Office Chair,2,661.49,0.05,1256.83,793.6,463.23,2023,8,Aug,2023-08,36.857013279441134
ORD-02059,2023-09-03,CUST-0582,Consumer,British Columbia,Office Supplies,Stapler,2,114.25,0.1,205.65,121.73,83.92,2023,9,Sep,2023-09,40.807196693411136
ORD-02060,2024-11-23,CUST-0202,Consumer,Quebec,Office Supplies,Notebook,3,84.53,0.0,253.59,188.74,64.85,2024,11,Nov,2024-11,25.572774951693678
ORD-02061,2023-09-11,CUST-0580,Small Business,Manitoba,Clothing,Jeans,3,112.92,0.2,271.01,209.69,61.32,2023,9,Sep,2023-09,22.62647134792074
ORD-02062,2024-10-20,CUST-0603,Consumer,Quebec,Electronics,Headphones,2,1630.09,0.0,3260.18,2636.03,624.15,2024,10,Oct,2024-10,19.14464845499328
ORD-02063,2023-07-21,CUST-0010,Corporate,Alberta,Electronics,Keyboard,2,657.37,0.05,1249.0,907.7,341.31,2023,7,Jul,2023-07,27.32666132906325
ORD-02064,2025-01-25,CUST-0504,Corporate,Manitoba,Electronics,Monitor,5,1551.27,0.0,7756.35,5139.26,2617.09,2025,1,Jan,2025-01,33.74125716348541
ORD-02065,2025-03-07,CUST-0429,Consumer,British Columbia,Office Supplies,Printer Paper,3,96.71,0.1,261.12,198.59,62.53,2025,3,Mar,2025-03,23.946844362745097
ORD-02066,2025-10-05,CUST-0204,Corporate,Ontario,Clothing,Shoes,4,39.61,0.1,142.6,108.42,34.17,2025,10,Oct,2025-10,23.962131837307155
ORD-02067,2023-08-04,CUST-0045,Consumer,Ontario,Furniture,Bookshelf,2,702.88,0.05,1335.47,930.67,404.8,2023,8,Aug,2023-08,30.311425939931258
ORD-02068,2024-02-10,CUST-0620,Consumer,British Columbia,Office Supplies,Pens,5,18.74,0.15,79.64,60.55,19.1,2024,2,Feb,2024-02,23.982923154193873
ORD-02069,2024-06-08,CUST-0796,Consumer,Ontario,Electronics,Keyboard,5,1397.98,0.05,6640.4,4883.99,1756.41,2024,6,Jun,2024-06,26.45036443587736
ORD-02070,2025-06-27,CUST-0825,Consumer,British Columbia,Electronics,Headphones,4,1218.78,0.2,3900.1,2786.0,1114.1,2025,6,Jun,2025-06,28.565934206815207
ORD-02071,2024-02-29,CUST-0884,Consumer,Alberta,Furniture,Desk,1,180.47,0.1,162.42,117.22,45.2,2024,2,Feb,2024-02,27.82908508804335
ORD-02072,2024-02-26,CUST-0505,Small Business,Quebec,Clothing,T-Shirt,3,188.65,0.1,509.36,288.18,221.18,2024,2,Feb,2024-02,43.423119208418406
ORD-02073,2025-12-13,CUST-0059,Consumer,Manitoba,Office Supplies,Printer Paper,4,92.63,0.0,370.52,277.44,93.08,2025,12,Dec,2025-12,25.121450933822736
ORD-02074,2025-01-19,CUST-0354,Consumer,Alberta,Furniture,Cabinet,1,84.29,0.0,84.29,62.01,22.28,2025,1,Jan,2025-01,26.432554276901172
ORD-02075,2023-06-20,CUST-0397,Consumer,Alberta,Office Supplies,Notebook,3,72.79,0.1,196.53,142.54,54.0,2023,6,Jun,2023-06,27.47672111128072
ORD-02076,2025-10-25,CUST-0545,Corporate,Ontario,Office Supplies,Pens,4,114.25,0.05,434.15,328.47,105.68,2025,10,Oct,2025-10,24.341817344235867
ORD-02077,2024-03-11,CUST-0285,Consumer,Ontario,Office Supplies,Folders,4,73.7,0.0,294.8,193.51,101.29,2024,3,Mar,2024-03,34.358887381275444
ORD-02078,2023-12-02,CUST-0615,Consumer,Manitoba,Furniture,Cabinet,4,687.92,0.15,2338.93,1753.6,585.33,2023,12,Dec,2023-12,25.02554586926501
ORD-02079,2025-06-02,CUST-0745,Consumer,British Columbia,Furniture,Desk,1,711.29,0.2,569.03,350.15,218.88,2025,6,Jun,2025-06,38.46545876315835
ORD-02080,2025-01-28,CUST-0708,Consumer,Manitoba,Furniture,Lamp,5,213.4,0.0,1067.0,594.92,472.08,2025,1,Jan,2025-01,44.24367385192127
ORD-02081,2023-12-05,CUST-0628,Consumer,British Columbia,Electronics,Keyboard,2,1710.18,0.05,3249.34,1899.57,1349.77,2023,12,Dec,2023-12,41.539820394295454
ORD-02082,2025-08-28,CUST-0768,Corporate,Ontario,Clothing,Jacket,1,44.99,0.0,44.99,33.96,11.03,2025,8,Aug,2025-08,24.51655923538564
ORD-02083,2023-02-21,CUST-0990,Consumer,British Columbia,Furniture,Desk,1,180.12,0.1,162.11,100.62,61.49,2023,2,Feb,2023-02,37.93103448275862
ORD-02084,2023-02-06,CUST-0797,Consumer,Alberta,Office Supplies,Folders,5,106.42,0.15,452.28,252.13,200.16,2023,2,Feb,2023-02,44.25577076147519
ORD-02085,2023-12-20,CUST-0782,Small Business,British Columbia,Clothing,T-Shirt,2,136.92,0.15,232.76,190.21,42.55,2023,12,Dec,2023-12,18.280632411067195
ORD-02086,2023-03-19,CUST-0724,Consumer,Ontario,Clothing,Sweater,1,113.26,0.0,113.26,74.67,38.59,2023,3,Mar,2023-03,34.072046618400144
ORD-02087,2024-12-26,CUST-0203,Consumer,Alberta,Furniture,Lamp,2,475.14,0.2,760.22,586.83,173.39,2024,12,Dec,2024-12,22.807871405645734
ORD-02088,2023-01-19,CUST-0491,Consumer,Quebec,Furniture,Office Chair,4,770.75,0.1,2774.7,2159.05,615.65,2023,1,Jan,2023-01,22.18798428658954
ORD-02089,2025-03-13,CUST-0815,Small Business,Alberta,Office Supplies,Pens,1,82.34,0.2,65.87,38.81,27.06,2025,3,Mar,2025-03,41.080916957643836
ORD-02090,2025-09-20,CUST-0866,Consumer,Manitoba,Clothing,Jeans,2,87.37,0.15,148.53,120.32,28.21,2025,9,Sep,2025-09,18.992796068134385
ORD-02091,2024-10-23,CUST-0814,Consumer,Ontario,Furniture,Lamp,3,92.64,0.15,236.23,162.22,74.01,2024,10,Oct,2024-10,31.329636371333024
ORD-02092,2024-01-06,CUST-0912,Consumer,Manitoba,Office Supplies,Printer Paper,3,115.06,0.2,276.14,210.05,66.09,2024,1,Jan,2024-01,23.933511986673427
ORD-02093,2023-02-12,CUST-0743,Consumer,Manitoba,Furniture,Bookshelf,4,760.76,0.15,2586.58,1878.14,708.44,2023,2,Feb,2023-02,27.389062004654797
ORD-02094,2023-03-18,CUST-0633,Consumer,Ontario,Office Supplies,Folders,4,8.56,0.1,30.82,22.71,8.11,2023,3,Mar,2023-03,26.314081765087604
ORD-02095,2023-02-21,CUST-0882,Consumer,Alberta,Office Supplies,Pens,4,85.54,0.15,290.84,219.72,71.12,2023,2,Feb,2023-02,24.45330766056939
ORD-02096,2023-08-05,CUST-0815,Consumer,Quebec,Office Supplies,Folders,4,23.12,0.0,92.48,69.25,23.23,2023,8,Aug,2023-08,25.118944636678197
ORD-02097,2024-09-15,CUST-0772,Corporate,Ontario,Office Supplies,Folders,2,21.59,0.05,41.02,23.7,17.33,2024,9,Sep,2024-09,42.24768405655777
ORD-02098,2023-11-05,CUST-0869,Corporate,Alberta,Electronics,Laptop,3,971.66,0.1,2623.48,1917.77,705.71,2023,11,Nov,2023-11,26.899766722063823
ORD-02099,2024-03-30,CUST-0350,Consumer,Alberta,Clothing,T-Shirt,2,144.93,0.1,260.87,187.43,73.44,2024,3,Mar,2024-03,28.151953080078197
ORD-02100,2023-06-07,CUST-0143,Corporate,Quebec,Office Supplies,Notebook,2,96.63,0.2,154.61,97.72,56.89,2023,6,Jun,2023-06,36.79580880926201
ORD-02101,2024-12-13,CUST-0296,Consumer,British Columbia,Electronics,Keyboard,5,1354.45,0.15,5756.41,4460.5,1295.91,2024,12,Dec,2024-12,22.512468708795936
ORD-02102,2025-03-09,CUST-0263,Corporate,Manitoba,Furniture,Cabinet,2,826.24,0.0,1652.48,1135.23,517.25,2025,3,Mar,2025-03,31.30143783888458
ORD-02103,2025-09-01,CUST-0237,Consumer,British Columbia,Clothing,Sweater,5,60.72,0.1,273.24,212.19,61.05,2025,9,Sep,2025-09,22.342995169082126
ORD-02104,2025-05-31,CUST-0944,Small Business,Manitoba,Clothing,Shoes,1,28.28,0.0,28.28,19.68,8.6,2025,5,May,2025-05,30.410183875530407
ORD-02105,2024-10-08,CUST-0487,Corporate,Manitoba,Clothing,Shoes,1,171.97,0.15,146.17,85.15,61.02,2024,10,Oct,2024-10,41.74591229390436
ORD-02106,2024-12-01,CUST-0356,Consumer,British Columbia,Furniture,Bookshelf,5,575.34,0.15,2445.2,1998.9,446.29,2024,12,Dec,2024-12,18.251676754457716
ORD-02107,2024-06-12,CUST-0519,Consumer,Alberta,Office Supplies,Stapler,1,34.47,0.0,34.47,18.98,15.49,2024,6,Jun,2024-06,44.937626921961126
ORD-02108,2023-07-01,CUST-0361,Corporate,British Columbia,Office Supplies,Printer Paper,3,43.63,0.0,130.89,100.85,30.04,2023,7,Jul,2023-07,22.950569180227674
ORD-02109,2025-08-27,CUST-0613,Consumer,Manitoba,Office Supplies,Pens,5,46.77,0.0,233.85,173.65,60.2,2025,8,Aug,2025-08,25.742997648065003
ORD-02110,2025-07-25,CUST-0425,Consumer,Ontario,Clothing,Sweater,3,205.51,0.15,524.05,315.91,208.14,2025,7,Jul,2025-07,39.71758419998092
ORD-02111,2024-01-09,CUST-0444,Consumer,Manitoba,Clothing,Shoes,2,163.28,0.2,261.25,178.96,82.29,2024,1,Jan,2024-01,31.498564593301438
ORD-02112,2024-05-19,CUST-0597,Small Business,British Columbia,Furniture,Desk,4,691.72,0.1,2490.19,2038.62,451.58,2024,5,May,2024-05,18.13435922560126
ORD-02113,2024-03-13,CUST-0498,Consumer,Ontario,Furniture,Desk,1,193.32,0.0,193.32,109.38,83.94,2024,3,Mar,2024-03,43.42023587833644
ORD-02114,2025-03-26,CUST-0344,Consumer,Quebec,Electronics,Monitor,5,1397.46,0.1,6288.57,4578.77,1709.8,2025,3,Mar,2025-03,27.18901117424152
ORD-02115,2023-11-11,CUST-0863,Consumer,Manitoba,Furniture,Office Chair,5,857.16,0.1,3857.22,2473.53,1383.69,2023,11,Nov,2023-11,35.87272698990465
ORD-02116,2025-06-01,CUST-0501,Consumer,British Columbia,Clothing,Jeans,5,91.8,0.15,390.15,262.11,128.04,2025,6,Jun,2025-06,32.81814686658978
ORD-02117,2023-03-07,CUST-0547,Small Business,Ontario,Office Supplies,Printer Paper,3,56.26,0.0,168.78,135.43,33.35,2023,3,Mar,2023-03,19.759450171821307
ORD-02118,2024-04-24,CUST-0514,Consumer,British Columbia,Furniture,Desk,2,449.68,0.1,809.42,639.71,169.71,2024,4,Apr,2024-04,20.9668651627091
ORD-02119,2025-09-08,CUST-0502,Consumer,Quebec,Clothing,T-Shirt,2,117.13,0.1,210.83,157.54,53.3,2025,9,Sep,2025-09,25.28103211117962
ORD-02120,2025-06-09,CUST-0612,Consumer,Manitoba,Office Supplies,Folders,4,71.04,0.15,241.54,160.54,81.0,2025,6,Jun,2025-06,33.53481824956529
ORD-02121,2024-03-27,CUST-0115,Corporate,Manitoba,Electronics,Monitor,1,283.93,0.0,283.93,190.19,93.74,2024,3,Mar,2024-03,33.01517979783749
ORD-02122,2023-05-11,CUST-0878,Corporate,Manitoba,Furniture,Office Chair,2,754.5,0.1,1358.1,1073.31,284.79,2023,5,May,2023-05,20.969737132759004
ORD-02123,2025-03-18,CUST-0399,Small Business,Manitoba,Furniture,Office Chair,5,269.87,0.05,1281.88,1033.08,248.8,2025,3,Mar,2025-03,19.40899304147034
ORD-02124,2024-08-19,CUST-0157,Consumer,British Columbia,Electronics,Keyboard,2,1176.85,0.15,2000.64,1402.91,597.74,2024,8,Aug,2024-08,29.877439219449776
ORD-02125,2023-02-03,CUST-0659,Small Business,Manitoba,Office Supplies,Printer Paper,1,56.92,0.15,48.38,27.05,21.34,2023,2,Feb,2023-02,44.1091360066143
ORD-02126,2024-08-22,CUST-0152,Consumer,British Columbia,Electronics,Mouse,2,747.06,0.0,1494.12,1122.63,371.49,2024,8,Aug,2024-08,24.863464781945225
ORD-02127,2025-07-18,CUST-0969,Small Business,Quebec,Office Supplies,Printer Paper,4,26.85,0.05,102.03,64.66,37.37,2025,7,Jul,2025-07,36.62648240713515
ORD-02128,2025-04-25,CUST-0600,Consumer,Ontario,Office Supplies,Pens,5,5.58,0.0,27.9,21.65,6.25,2025,4,Apr,2025-04,22.401433691756274
ORD-02129,2024-08-29,CUST-0334,Corporate,British Columbia,Electronics,Monitor,1,148.24,0.05,140.83,99.82,41.01,2024,8,Aug,2024-08,29.12021586309735
ORD-02130,2023-10-09,CUST-0729,Consumer,Alberta,Office Supplies,Stapler,2,61.5,0.2,98.4,66.89,31.51,2023,10,Oct,2023-10,32.02235772357723
ORD-02131,2025-01-24,CUST-0165,Consumer,British Columbia,Clothing,Sweater,1,119.08,0.2,95.26,68.96,26.3,2025,1,Jan,2025-01,27.608650010497588
ORD-02132,2023-01-13,CUST-0430,Consumer,Quebec,Electronics,Keyboard,2,578.38,0.0,1156.76,849.4,307.36,2023,1,Jan,2023-01,26.57076662401881
ORD-02133,2024-06-11,CUST-0208,Corporate,British Columbia,Office Supplies,Printer Paper,1,8.29,0.1,7.46,4.11,3.35,2024,6,Jun,2024-06,44.90616621983914
ORD-02134,2023-11-06,CUST-0345,Consumer,Alberta,Office Supplies,Printer Paper,3,102.38,0.05,291.78,213.99,77.8,2023,11,Nov,2023-11,26.663924874905753
ORD-02135,2024-08-27,CUST-0578,Corporate,Quebec,Clothing,Jacket,4,33.07,0.1,119.05,70.63,48.42,2024,8,Aug,2024-08,40.6719865602688
ORD-02136,2025-02-27,CUST-0831,Consumer,Manitoba,Clothing,T-Shirt,5,109.43,0.1,492.44,289.59,202.84,2025,2,Feb,2025-02,41.190804971164
ORD-02137,2024-03-03,CUST-0087,Corporate,British Columbia,Electronics,Keyboard,4,1656.6,0.05,6295.08,4314.67,1980.41,2024,3,Mar,2024-03,31.459647851973287
ORD-02138,2023-09-04,CUST-0448,Consumer,Manitoba,Electronics,Keyboard,2,917.47,0.0,1834.94,1268.31,566.63,2023,9,Sep,2023-09,30.880028774782826
ORD-02139,2025-08-02,CUST-0023,Consumer,Manitoba,Office Supplies,Notebook,2,80.9,0.2,129.44,75.55,53.89,2025,8,Aug,2025-08,41.6331891223733
ORD-02140,2023-11-30,CUST-0296,Consumer,Quebec,Furniture,Lamp,5,640.03,0.15,2720.13,1971.42,748.7,2023,11,Nov,2023-11,27.524419788760095
ORD-02141,2024-09-28,CUST-0708,Consumer,British Columbia,Office Supplies,Folders,3,14.14,0.0,42.42,33.23,9.19,2024,9,Sep,2024-09,21.664309288071664
ORD-02142,2024-06-19,CUST-0027,Consumer,Quebec,Office Supplies,Notebook,5,48.47,0.2,193.88,109.99,83.89,2024,6,Jun,2024-06,43.2690323911698
ORD-02143,2023-08-01,CUST-0691,Consumer,Alberta,Electronics,Headphones,4,1652.3,0.0,6609.2,5395.04,1214.16,2023,8,Aug,2023-08,18.370755915995886
ORD-02144,2024-05-30,CUST-0919,Corporate,Manitoba,Office Supplies,Pens,4,56.77,0.0,227.08,144.99,82.09,2024,5,May,2024-05,36.15025541659327
ORD-02145,2025-12-14,CUST-0416,Corporate,Ontario,Clothing,Sweater,5,238.1,0.0,1190.5,712.71,477.79,2025,12,Dec,2025-12,40.13355732885343
ORD-02146,2023-08-09,CUST-0575,Small Business,Quebec,Electronics,Headphones,5,1752.29,0.0,8761.45,5170.19,3591.26,2023,8,Aug,2023-08,40.98933395727876
ORD-02147,2024-05-06,CUST-0411,Consumer,Manitoba,Clothing,Sweater,5,248.86,0.0,1244.3,723.91,520.39,2024,5,May,2024-05,41.82190790002411
ORD-02148,2025-01-12,CUST-0804,Consumer,Quebec,Furniture,Cabinet,3,210.04,0.05,598.61,373.32,225.3,2025,1,Jan,2025-01,37.6371928300563
ORD-02149,2025-09-03,CUST-0844,Consumer,British Columbia,Office Supplies,Pens,3,109.56,0.1,295.81,237.55,58.26,2025,9,Sep,2025-09,19.695074541090566
ORD-02150,2025-04-08,CUST-0500,Corporate,Alberta,Electronics,Keyboard,2,415.22,0.05,788.92,629.79,159.13,2025,4,Apr,2025-04,20.170612989910257
ORD-02151,2025-09-07,CUST-0016,Consumer,Alberta,Electronics,Laptop,3,99.83,0.15,254.57,153.78,100.78,2025,9,Sep,2025-09,39.58832541147818
ORD-02152,2025-02-18,CUST-0950,Consumer,Alberta,Office Supplies,Stapler,4,114.72,0.1,412.99,330.17,82.82,2025,2,Feb,2025-02,20.053754328191964
ORD-02153,2025-11-17,CUST-0804,Consumer,Manitoba,Furniture,Cabinet,5,875.84,0.0,4379.2,3569.13,810.07,2025,11,Nov,2025-11,18.498127511874316
ORD-02154,2023-01-31,CUST-0298,Consumer,Alberta,Furniture,Bookshelf,2,373.09,0.0,746.18,560.17,186.01,2023,1,Jan,2023-01,24.928301482216085
ORD-02155,2023-03-09,CUST-0449,Consumer,British Columbia,Electronics,Monitor,2,1232.18,0.15,2094.71,1489.09,605.61,2023,3,Mar,2023-03,28.911400623475323
ORD-02156,2025-11-08,CUST-0905,Consumer,Manitoba,Furniture,Bookshelf,5,254.26,0.05,1207.73,971.28,236.45,2025,11,Nov,2025-11,19.57805138565739
ORD-02157,2025-04-25,CUST-0103,Consumer,Ontario,Electronics,Laptop,2,711.63,0.2,1138.61,823.81,314.79,2025,4,Apr,2025-04,27.64686767198602
ORD-02158,2024-05-11,CUST-0911,Corporate,Quebec,Furniture,Lamp,5,197.02,0.05,935.84,695.52,240.32,2024,5,May,2024-05,25.679603351000168
ORD-02159,2024-12-26,CUST-0073,Consumer,Ontario,Electronics,Keyboard,3,383.76,0.0,1151.28,842.9,308.38,2024,12,Dec,2024-12,26.785838371204225
ORD-02160,2025-01-06,CUST-0466,Corporate,Quebec,Electronics,Keyboard,4,473.9,0.05,1800.82,1023.89,776.93,2025,1,Jan,2025-01,43.143123688097646
ORD-02161,2023-09-11,CUST-0572,Consumer,British Columbia,Office Supplies,Stapler,3,88.85,0.05,253.22,174.98,78.24,2023,9,Sep,2023-09,30.898033330700574
ORD-02162,2025-06-19,CUST-0219,Consumer,British Columbia,Clothing,Jacket,2,227.76,0.1,409.97,308.83,101.14,2025,6,Jun,2025-06,24.670097812035024
ORD-02163,2025-11-20,CUST-0906,Consumer,Manitoba,Office Supplies,Pens,5,89.15,0.1,401.18,281.73,119.45,2025,11,Nov,2025-11,29.77466473901989
ORD-02164,2023-09-19,CUST-0687,Consumer,British Columbia,Furniture,Cabinet,4,531.28,0.0,2125.12,1665.35,459.77,2023,9,Sep,2023-09,21.635013552175877
ORD-02165,2024-06-01,CUST-0285,Corporate,British Columbia,Clothing,Jeans,3,117.05,0.0,351.15,263.85,87.3,2024,6,Jun,2024-06,24.861170439982914
ORD-02166,2023-06-06,CUST-0586,Corporate,Ontario,Electronics,Laptop,1,620.97,0.0,620.97,376.1,244.87,2023,6,Jun,2023-06,39.43346699518495
ORD-02167,2025-08-19,CUST-0799,Corporate,Alberta,Electronics,Headphones,1,764.04,0.05,725.84,433.5,292.34,2025,8,Aug,2025-08,40.276093904992834
ORD-02168,2025-03-22,CUST-0619,Corporate,Quebec,Furniture,Lamp,4,667.5,0.0,2670.0,2127.9,542.1,2025,3,Mar,2025-03,20.303370786516854
ORD-02169,2025-04-24,CUST-0477,Corporate,Ontario,Electronics,Laptop,4,1713.59,0.15,5826.21,3304.82,2521.38,2025,4,Apr,2025-04,43.276503936521344
ORD-02170,2023-06-02,CUST-0643,Corporate,Alberta,Electronics,Headphones,1,294.23,0.0,294.23,165.2,129.03,2023,6,Jun,2023-06,43.85344798287054
ORD-02171,2025-06-07,CUST-0899,Small Business,British Columbia,Electronics,Laptop,2,91.9,0.0,183.8,112.71,71.09,2025,6,Jun,2025-06,38.67791077257889
ORD-02172,2025-09-22,CUST-0395,Small Business,Ontario,Electronics,Headphones,1,817.94,0.0,817.94,539.94,278.0,2025,9,Sep,2025-09,33.98782306770667
ORD-02173,2025-11-11,CUST-0478,Consumer,Ontario,Office Supplies,Stapler,4,44.52,0.15,151.37,120.18,31.18,2025,11,Nov,2025-11,20.5985333949924
ORD-02174,2023-05-25,CUST-0951,Consumer,Quebec,Clothing,T-Shirt,3,58.89,0.2,141.34,83.5,57.83,2023,5,May,2023-05,40.915522852695624
ORD-02175,2024-09-21,CUST-0297,Consumer,Alberta,Electronics,Headphones,1,740.84,0.2,592.67,367.48,225.2,2024,9,Sep,2024-09,37.99753657178531
ORD-02176,2023-12-13,CUST-0569,Corporate,British Columbia,Electronics,Keyboard,5,322.92,0.05,1533.87,1145.49,388.38,2023,12,Dec,2023-12,25.320268340863304
ORD-02177,2023-09-19,CUST-0728,Small Business,Alberta,Clothing,T-Shirt,2,209.87,0.2,335.79,275.0,60.79,2023,9,Sep,2023-09,18.103576640162007
ORD-02178,2023-02-14,CUST-0329,Consumer,Ontario,Furniture,Lamp,1,240.7,0.0,240.7,188.67,52.03,2023,2,Feb,2023-02,21.616119651017865
ORD-02179,2024-12-21,CUST-0359,Corporate,Ontario,Electronics,Laptop,4,1229.49,0.2,3934.37,2895.13,1039.24,2024,12,Dec,2024-12,26.414394172383382
ORD-02180,2023-10-10,CUST-0444,Corporate,Manitoba,Furniture,Bookshelf,5,597.85,0.1,2690.32,1624.7,1065.62,2023,10,Oct,2023-10,39.609414493443154
ORD-02181,2024-04-06,CUST-0892,Small Business,Manitoba,Electronics,Mouse,1,1509.17,0.05,1433.71,1106.58,327.13,2024,4,Apr,2024-04,22.817027153329473
ORD-02182,2024-11-02,CUST-0120,Consumer,Manitoba,Furniture,Desk,5,99.43,0.15,422.58,245.98,176.6,2024,11,Nov,2024-11,41.790903497562596
ORD-02183,2025-10-28,CUST-0435,Consumer,Quebec,Clothing,Jeans,4,28.98,0.0,115.92,78.28,37.64,2025,10,Oct,2025-10,32.47066942719117
ORD-02184,2025-12-01,CUST-0886,Consumer,Quebec,Electronics,Headphones,4,540.91,0.1,1947.28,1098.09,849.19,2025,12,Dec,2025-12,43.60903413992852
ORD-02185,2024-12-21,CUST-0264,Consumer,Alberta,Electronics,Mouse,1,1614.93,0.15,1372.69,1054.72,317.97,2024,12,Dec,2024-12,23.164006439909958
ORD-02186,2025-08-18,CUST-0612,Corporate,Ontario,Office Supplies,Printer Paper,5,51.13,0.05,242.87,170.99,71.88,2025,8,Aug,2025-08,29.596080207518423
ORD-02187,2025-07-30,CUST-0203,Consumer,Manitoba,Clothing,Jeans,4,136.73,0.1,492.23,277.83,214.4,2025,7,Jul,2025-07,43.55687381914958
ORD-02188,2025-11-01,CUST-0529,Consumer,British Columbia,Electronics,Monitor,5,536.66,0.2,2146.64,1736.98,409.66,2025,11,Nov,2025-11,19.08377743822905
ORD-02189,2025-09-28,CUST-0999,Consumer,British Columbia,Clothing,Sweater,2,197.73,0.15,336.14,260.62,75.52,2025,9,Sep,2025-09,22.466829297316593
ORD-02190,2025-02-13,CUST-0161,Consumer,Manitoba,Clothing,Sweater,3,238.31,0.0,714.93,463.43,251.5,2025,2,Feb,2025-02,35.17826920118054
ORD-02191,2025-06-09,CUST-0824,Consumer,Quebec,Clothing,Shoes,2,153.65,0.0,307.3,188.53,118.77,2025,6,Jun,2025-06,38.649528148389194
ORD-02192,2025-12-10,CUST-0205,Consumer,Quebec,Furniture,Desk,4,530.02,0.1,1908.07,1553.32,354.75,2025,12,Dec,2025-12,18.592085196035786
ORD-02193,2024-11-15,CUST-0474,Consumer,Ontario,Office Supplies,Stapler,1,103.09,0.15,87.63,57.64,29.99,2024,11,Nov,2024-11,34.223439461371676
ORD-02194,2024-07-14,CUST-0930,Consumer,British Columbia,Clothing,Jeans,1,27.43,0.05,26.06,19.97,6.09,2024,7,Jul,2024-07,23.369148119723715
ORD-02195,2023-04-19,CUST-0352,Consumer,British Columbia,Electronics,Laptop,2,253.32,0.2,405.31,238.1,167.21,2023,4,Apr,2023-04,41.25484197281094
ORD-02196,2024-01-02,CUST-0728,Small Business,Manitoba,Clothing,T-Shirt,1,245.75,0.0,245.75,161.93,83.82,2024,1,Jan,2024-01,34.10783316378433
ORD-02197,2023-03-06,CUST-0122,Consumer,Manitoba,Office Supplies,Stapler,3,80.04,0.1,216.11,141.35,74.76,2023,3,Mar,2023-03,34.593494053954004
ORD-02198,2025-06-30,CUST-0263,Corporate,Manitoba,Clothing,T-Shirt,1,185.43,0.2,148.34,105.21,43.13,2025,6,Jun,2025-06,29.0750977484158
ORD-02199,2023-11-13,CUST-0180,Consumer,Alberta,Electronics,Headphones,2,1700.54,0.15,2890.92,2124.94,765.97,2023,11,Nov,2023-11,26.495717626222792
ORD-02200,2024-06-13,CUST-0670,Small Business,British Columbia,Office Supplies,Pens,3,111.39,0.15,284.04,172.66,111.38,2024,6,Jun,2024-06,39.2127869314181
ORD-02201,2023-03-13,CUST-0396,Consumer,British Columbia,Electronics,Laptop,3,1360.92,0.05,3878.62,2248.62,1630.0,2023,3,Mar,2023-03,42.02525640562881
ORD-02202,2024-01-22,CUST-0523,Consumer,Manitoba,Electronics,Monitor,2,380.25,0.0,760.5,506.49,254.01,2024,1,Jan,2024-01,33.400394477317555
ORD-02203,2023-06-26,CUST-0527,Consumer,Quebec,Clothing,Sweater,3,121.35,0.1,327.64,210.11,117.54,2023,6,Jun,2023-06,35.874740568917105
ORD-02204,2023-11-21,CUST-0056,Consumer,Alberta,Clothing,Jacket,4,80.09,0.05,304.34,226.79,77.56,2023,11,Nov,2023-11,25.48465531970822
ORD-02205,2024-08-16,CUST-0010,Consumer,Alberta,Clothing,Shoes,4,177.2,0.0,708.8,497.46,211.34,2024,8,Aug,2024-08,29.816591422121896
ORD-02206,2025-05-05,CUST-0671,Corporate,Manitoba,Clothing,Sweater,1,40.41,0.15,34.35,21.98,12.37,2025,5,May,2025-05,36.011644832605526
ORD-02207,2023-07-13,CUST-0991,Consumer,British Columbia,Office Supplies,Pens,3,23.89,0.0,71.67,48.58,23.09,2023,7,Jul,2023-07,32.21710618110785
ORD-02208,2023-10-19,CUST-0861,Consumer,British Columbia,Electronics,Mouse,5,998.7,0.05,4743.82,3757.2,986.63,2023,10,Oct,2023-10,20.79821747030874
ORD-02209,2023-06-18,CUST-0261,Consumer,Ontario,Electronics,Headphones,1,1040.07,0.05,988.07,788.48,199.58,2023,6,Jun,2023-06,20.198973756920058
ORD-02210,2024-06-11,CUST-0380,Consumer,Alberta,Furniture,Bookshelf,4,485.64,0.0,1942.56,1164.89,777.67,2024,6,Jun,2024-06,40.03325508607198
ORD-02211,2023-05-02,CUST-0619,Consumer,Ontario,Furniture,Office Chair,3,898.34,0.05,2560.27,1689.48,870.79,2023,5,May,2023-05,34.01164720908342
ORD-02212,2023-02-18,CUST-0030,Small Business,Alberta,Clothing,T-Shirt,5,90.2,0.15,383.35,249.32,134.03,2023,2,Feb,2023-02,34.96282770314334
ORD-02213,2025-09-08,CUST-0310,Consumer,British Columbia,Clothing,T-Shirt,3,53.62,0.2,128.69,92.05,36.63,2025,9,Sep,2025-09,28.463750097132646
ORD-02214,2024-02-25,CUST-0026,Consumer,Ontario,Clothing,Sweater,4,105.6,0.05,401.28,261.15,140.13,2024,2,Feb,2024-02,34.920753588516746
ORD-02215,2024-07-03,CUST-0118,Consumer,Ontario,Office Supplies,Notebook,2,19.36,0.15,32.91,24.09,8.82,2024,7,Jul,2024-07,26.80036463081131
ORD-02216,2023-06-16,CUST-0001,Corporate,Quebec,Electronics,Monitor,1,67.79,0.0,67.79,40.11,27.68,2023,6,Jun,2023-06,40.831981118159014
ORD-02217,2025-08-22,CUST-0497,Consumer,Ontario,Electronics,Mouse,3,759.01,0.2,1821.62,1466.44,355.18,2025,8,Aug,2025-08,19.49802922673225
ORD-02218,2023-07-18,CUST-0794,Corporate,Manitoba,Office Supplies,Folders,2,80.99,0.1,145.78,98.55,47.24,2023,7,Jul,2023-07,32.40499382631362
ORD-02219,2024-06-13,CUST-0540,Consumer,Manitoba,Furniture,Office Chair,4,382.97,0.1,1378.69,985.55,393.15,2024,6,Jun,2024-06,28.516200161022415
ORD-02220,2024-05-20,CUST-0629,Consumer,Manitoba,Furniture,Lamp,5,415.98,0.15,1767.92,1409.71,358.2,2024,5,May,2024-05,20.261097787230188
ORD-02221,2024-10-01,CUST-0416,Corporate,Alberta,Furniture,Bookshelf,5,784.45,0.1,3530.02,2062.07,1467.95,2024,10,Oct,2024-10,41.58475022804404
ORD-02222,2025-03-15,CUST-0291,Consumer,Alberta,Office Supplies,Notebook,1,25.06,0.05,23.81,15.62,8.19,2025,3,Mar,2025-03,34.397312053758924
ORD-02223,2024-07-18,CUST-0284,Corporate,Alberta,Office Supplies,Notebook,5,48.43,0.05,230.04,131.62,98.42,2024,7,Jul,2024-07,42.78386367588246
ORD-02224,2024-08-31,CUST-0391,Consumer,Manitoba,Electronics,Monitor,1,1286.63,0.0,1286.63,1049.29,237.34,2024,8,Aug,2024-08,18.446639671078707
ORD-02225,2024-11-23,CUST-0597,Corporate,British Columbia,Clothing,Jacket,4,68.77,0.05,261.33,166.34,94.98,2024,11,Nov,2024-11,36.344851337389514
ORD-02226,2025-10-22,CUST-0184,Consumer,British Columbia,Furniture,Desk,2,697.67,0.0,1395.34,1139.85,255.49,2025,10,Oct,2025-10,18.310232631473333
ORD-02227,2023-01-17,CUST-0846,Consumer,Ontario,Furniture,Desk,1,566.49,0.1,509.84,318.32,191.53,2023,1,Jan,2023-01,37.56668758826299
ORD-02228,2024-04-10,CUST-0422,Corporate,British Columbia,Office Supplies,Pens,4,75.31,0.0,301.24,178.39,122.85,2024,4,Apr,2024-04,40.781436728190144
ORD-02229,2025-03-03,CUST-0988,Corporate,Ontario,Office Supplies,Folders,3,28.34,0.0,85.02,51.79,33.23,2025,3,Mar,2025-03,39.08492119501293
ORD-02230,2023-03-10,CUST-0857,Consumer,Manitoba,Office Supplies,Notebook,2,68.97,0.1,124.15,68.89,55.26,2023,3,Mar,2023-03,44.5106725734998
ORD-02231,2023-09-19,CUST-0882,Consumer,Manitoba,Clothing,Sweater,3,144.45,0.0,433.35,338.76,94.59,2023,9,Sep,2023-09,21.8276220145379
ORD-02232,2025-06-16,CUST-0651,Consumer,Alberta,Furniture,Cabinet,5,810.11,0.05,3848.02,2815.05,1032.97,2025,6,Jun,2025-06,26.84419519649066
ORD-02233,2025-10-28,CUST-0654,Consumer,British Columbia,Office Supplies,Pens,4,36.18,0.15,123.01,98.98,24.03,2025,10,Oct,2025-10,19.53499715470287
ORD-02234,2023-11-11,CUST-0656,Consumer,British Columbia,Furniture,Bookshelf,5,347.33,0.15,1476.15,1154.26,321.89,2023,11,Nov,2023-11,21.806049520712662
ORD-02235,2023-06-18,CUST-0339,Consumer,Quebec,Furniture,Lamp,5,383.5,0.0,1917.5,1328.95,588.55,2023,6,Jun,2023-06,30.693611473272487
ORD-02236,2023-11-29,CUST-0398,Small Business,British Columbia,Office Supplies,Stapler,4,87.36,0.1,314.5,207.77,106.73,2023,11,Nov,2023-11,33.93640699523053
ORD-02237,2024-09-06,CUST-0911,Consumer,Ontario,Office Supplies,Printer Paper,3,18.22,0.1,49.19,35.3,13.9,2024,9,Sep,2024-09,28.257775970725756
ORD-02238,2023-11-27,CUST-0469,Corporate,British Columbia,Office Supplies,Pens,2,34.97,0.1,62.95,42.87,20.07,2023,11,Nov,2023-11,31.882446386020654
ORD-02239,2025-05-31,CUST-0735,Consumer,British Columbia,Electronics,Laptop,3,1667.4,0.05,4752.09,3874.22,877.87,2025,5,May,2025-05,18.473345412229143
ORD-02240,2024-03-20,CUST-0295,Consumer,Manitoba,Electronics,Keyboard,5,1253.26,0.15,5326.36,4214.25,1112.11,2024,3,Mar,2024-03,20.879362266163007
ORD-02241,2024-08-08,CUST-0216,Consumer,Manitoba,Electronics,Laptop,2,223.08,0.1,401.54,307.99,93.55,2024,8,Aug,2024-08,23.297803456691735
ORD-02242,2023-08-29,CUST-0832,Consumer,Alberta,Electronics,Keyboard,5,1767.91,0.1,7955.6,5154.94,2800.66,2023,8,Aug,2023-08,35.20363014731761
ORD-02243,2024-10-12,CUST-0282,Corporate,British Columbia,Electronics,Keyboard,4,342.2,0.0,1368.8,883.97,484.83,2024,10,Oct,2024-10,35.42007597895967
ORD-02244,2024-12-27,CUST-0911,Consumer,Quebec,Furniture,Cabinet,5,802.6,0.2,3210.4,1999.02,1211.38,2024,12,Dec,2024-12,37.732992773486174
ORD-02245,2025-06-01,CUST-0426,Consumer,British Columbia,Electronics,Keyboard,2,1624.71,0.15,2762.01,1786.51,975.5,2025,6,Jun,2025-06,35.31848183026129
ORD-02246,2025-06-30,CUST-0066,Consumer,British Columbia,Electronics,Laptop,4,528.37,0.0,2113.48,1601.55,511.93,2025,6,Jun,2025-06,24.22213600317959
ORD-02247,2024-06-06,CUST-0512,Consumer,Manitoba,Office Supplies,Folders,3,73.75,0.2,177.0,134.28,42.72,2024,6,Jun,2024-06,24.135593220338983
ORD-02248,2025-07-28,CUST-0392,Corporate,British Columbia,Office Supplies,Stapler,3,23.83,0.1,64.34,40.05,24.29,2025,7,Jul,2025-07,37.75256450108797
ORD-02249,2024-11-14,CUST-0976,Consumer,Ontario,Electronics,Keyboard,5,1005.73,0.15,4274.35,3353.3,921.06,2024,11,Nov,2024-11,21.548539544024234
ORD-02250,2024-07-01,CUST-0334,Small Business,Manitoba,Clothing,Shoes,4,192.5,0.15,654.5,478.15,176.35,2024,7,Jul,2024-07,26.944232238349887
ORD-02251,2024-10-23,CUST-0405,Consumer,British Columbia,Clothing,Jacket,1,205.74,0.0,205.74,140.52,65.22,2024,10,Oct,2024-10,31.70020414114902
ORD-02252,2024-11-02,CUST-0269,Consumer,Ontario,Electronics,Mouse,4,117.19,0.1,421.88,253.05,168.83,2024,11,Nov,2024-11,40.01848866976392
ORD-02253,2025-09-20,CUST-0394,Consumer,British Columbia,Office Supplies,Notebook,3,78.34,0.1,211.52,129.49,82.03,2025,9,Sep,2025-09,38.78120272314675
ORD-02254,2025-09-11,CUST-0867,Consumer,Quebec,Electronics,Laptop,3,1616.32,0.2,3879.17,2761.0,1118.17,2025,9,Sep,2025-09,28.824980601520426
ORD-02255,2023-06-17,CUST-0443,Corporate,Quebec,Furniture,Desk,4,339.4,0.0,1357.6,801.63,555.97,2023,6,Jun,2023-06,40.952416028285214
ORD-02256,2025-05-11,CUST-0528,Consumer,Alberta,Office Supplies,Notebook,2,13.44,0.1,24.19,14.72,9.47,2025,5,May,2025-05,39.148408433236874
ORD-02257,2025-05-22,CUST-0296,Consumer,Alberta,Electronics,Headphones,1,1799.09,0.15,1529.23,965.21,564.02,2025,5,May,2025-05,36.88261412606344
ORD-02258,2024-02-14,CUST-0253,Consumer,Ontario,Office Supplies,Stapler,3,95.69,0.05,272.72,204.78,67.93,2024,2,Feb,2024-02,24.908330888823702
ORD-02259,2024-03-15,CUST-0078,Consumer,Manitoba,Clothing,Sweater,2,183.26,0.0,366.52,213.05,153.47,2024,3,Mar,2024-03,41.87220342682528
ORD-02260,2025-04-03,CUST-0403,Corporate,Alberta,Furniture,Lamp,3,527.14,0.0,1581.42,1070.22,511.2,2025,4,Apr,2025-04,32.32537845733581
ORD-02261,2023-07-18,CUST-0869,Corporate,Quebec,Electronics,Mouse,3,1422.81,0.0,4268.43,3038.66,1229.77,2023,7,Jul,2023-07,28.81082740023849
ORD-02262,2025-05-09,CUST-0596,Corporate,British Columbia,Electronics,Headphones,4,922.68,0.2,2952.58,2379.54,573.04,2025,5,May,2025-05,19.408110872525043
ORD-02263,2023-04-24,CUST-0675,Consumer,Ontario,Furniture,Office Chair,1,854.44,0.0,854.44,678.9,175.54,2023,4,Apr,2023-04,20.54445016619072
ORD-02264,2025-06-21,CUST-0978,Small Business,Manitoba,Office Supplies,Printer Paper,1,106.71,0.15,90.7,65.86,24.85,2025,6,Jun,2025-06,27.398015435501655
ORD-02265,2023-12-06,CUST-0170,Consumer,Quebec,Electronics,Mouse,3,1072.72,0.15,2735.44,2205.18,530.26,2023,12,Dec,2023-12,19.384815605533294
ORD-02266,2023-11-07,CUST-0945,Small Business,Ontario,Clothing,Sweater,5,159.52,0.1,717.84,497.2,220.64,2023,11,Nov,2023-11,30.73665440766744
ORD-02267,2025-08-09,CUST-0438,Small Business,Manitoba,Electronics,Laptop,2,1503.25,0.05,2856.18,2269.16,587.02,2025,8,Aug,2025-08,20.55262623504121
ORD-02268,2024-04-06,CUST-0931,Corporate,Quebec,Office Supplies,Folders,1,97.54,0.15,82.91,60.31,22.6,2024,4,Apr,2024-04,27.25847304305874
ORD-02269,2024-12-25,CUST-0547,Small Business,British Columbia,Electronics,Monitor,2,906.41,0.1,1631.54,1004.63,626.91,2024,12,Dec,2024-12,38.42443335744144
ORD-02270,2023-08-20,CUST-0688,Small Business,British Columbia,Electronics,Keyboard,5,1764.35,0.1,7939.58,5894.52,2045.05,2023,8,Aug,2023-08,25.757659725073616
ORD-02271,2025-03-23,CUST-0569,Corporate,Manitoba,Office Supplies,Folders,4,47.18,0.1,169.85,111.59,58.26,2025,3,Mar,2025-03,34.30085369443627
ORD-02272,2025-11-11,CUST-0904,Corporate,Alberta,Electronics,Monitor,3,713.41,0.0,2140.23,1306.9,833.33,2025,11,Nov,2025-11,38.93646944487275
ORD-02273,2023-12-23,CUST-0761,Consumer,Ontario,Clothing,T-Shirt,3,217.61,0.0,652.83,398.35,254.48,2023,12,Dec,2023-12,38.98105172862766
ORD-02274,2025-03-11,CUST-0042,Small Business,British Columbia,Electronics,Headphones,3,691.37,0.15,1762.99,1335.98,427.01,2025,3,Mar,2025-03,24.220784008984737
ORD-02275,2025-02-21,CUST-0665,Corporate,British Columbia,Furniture,Bookshelf,3,464.39,0.1,1253.85,871.31,382.54,2025,2,Feb,2025-02,30.509231566774336
ORD-02276,2023-09-04,CUST-0684,Consumer,Quebec,Electronics,Keyboard,2,193.75,0.0,387.5,249.27,138.23,2023,9,Sep,2023-09,35.67225806451613
ORD-02277,2024-08-04,CUST-0258,Small Business,Alberta,Furniture,Desk,5,572.76,0.0,2863.8,2241.87,621.93,2024,8,Aug,2024-08,21.71694950764718
ORD-02278,2025-01-04,CUST-0501,Corporate,Quebec,Furniture,Cabinet,3,207.77,0.0,623.31,407.87,215.44,2025,1,Jan,2025-01,34.563860679276765
ORD-02279,2023-10-30,CUST-0964,Consumer,Quebec,Office Supplies,Pens,3,40.35,0.15,102.89,73.93,28.97,2023,10,Oct,2023-10,28.156283409466422
ORD-02280,2025-07-05,CUST-0383,Consumer,Ontario,Electronics,Monitor,5,1103.85,0.0,5519.25,3826.29,1692.96,2025,7,Jul,2025-07,30.67373284413643
ORD-02281,2024-11-21,CUST-0934,Consumer,Manitoba,Electronics,Mouse,4,623.31,0.1,2243.92,1388.33,855.58,2024,11,Nov,2024-11,38.12881029626725
ORD-02282,2023-05-03,CUST-0632,Consumer,Ontario,Furniture,Desk,1,785.9,0.2,628.72,452.4,176.32,2023,5,May,2023-05,28.044280442804425
ORD-02283,2023-08-22,CUST-0077,Consumer,Alberta,Furniture,Lamp,4,328.87,0.15,1118.16,814.69,303.47,2023,8,Aug,2023-08,27.140123059311726
ORD-02284,2024-08-27,CUST-0270,Small Business,Ontario,Electronics,Headphones,5,227.68,0.15,967.64,539.33,428.31,2024,8,Aug,2024-08,44.263362407506925
ORD-02285,2023-09-02,CUST-0270,Corporate,Manitoba,Clothing,Jacket,4,70.4,0.15,239.36,148.2,91.16,2023,9,Sep,2023-09,38.084893048128336
ORD-02286,2024-06-07,CUST-0408,Consumer,British Columbia,Clothing,T-Shirt,1,229.66,0.0,229.66,170.26,59.4,2024,6,Jun,2024-06,25.864321170425846
ORD-02287,2024-09-14,CUST-0533,Consumer,Quebec,Clothing,Sweater,4,247.29,0.0,989.16,706.84,282.32,2024,9,Sep,2024-09,28.541388652998506
ORD-02288,2025-04-07,CUST-0604,Consumer,Ontario,Furniture,Office Chair,2,758.21,0.0,1516.42,1040.0,476.42,2025,4,Apr,2025-04,31.417417338204455
ORD-02289,2023-04-18,CUST-0742,Consumer,Manitoba,Office Supplies,Notebook,1,118.26,0.05,112.35,73.38,38.96,2023,4,Apr,2023-04,34.67734757454384
ORD-02290,2024-10-20,CUST-0183,Corporate,Manitoba,Furniture,Cabinet,1,695.25,0.1,625.72,381.06,244.67,2024,10,Oct,2024-10,39.1021543182254
ORD-02291,2025-11-19,CUST-0801,Small Business,Quebec,Furniture,Desk,5,346.47,0.15,1472.5,964.2,508.3,2025,11,Nov,2025-11,34.5195246179966
ORD-02292,2025-06-12,CUST-0850,Consumer,Alberta,Clothing,Jacket,2,34.48,0.05,65.51,38.03,27.49,2025,6,Jun,2025-06,41.96305907495038
ORD-02293,2025-10-26,CUST-0484,Consumer,Alberta,Electronics,Laptop,2,1097.19,0.15,1865.22,1083.45,781.77,2025,10,Oct,2025-10,41.9130183034709
ORD-02294,2024-07-23,CUST-0743,Small Business,Alberta,Clothing,Jeans,1,236.31,0.2,189.05,110.81,78.24,2024,7,Jul,2024-07,41.38587675218196
ORD-02295,2024-01-19,CUST-0352,Small Business,Ontario,Electronics,Keyboard,2,769.57,0.05,1462.18,974.72,487.46,2024,1,Jan,2024-01,33.33789273550452
ORD-02296,2025-10-19,CUST-0793,Consumer,Alberta,Furniture,Desk,3,855.77,0.0,2567.31,1662.35,904.96,2025,10,Oct,2025-10,35.249346592347635
ORD-02297,2023-09-27,CUST-0212,Small Business,Alberta,Clothing,Jeans,3,30.67,0.0,92.01,57.37,34.64,2023,9,Sep,2023-09,37.648081730246716
ORD-02298,2025-04-19,CUST-0623,Corporate,Quebec,Electronics,Keyboard,5,1134.72,0.15,4822.56,2927.27,1895.29,2025,4,Apr,2025-04,39.300496002123346
ORD-02299,2024-04-28,CUST-0494,Consumer,British Columbia,Office Supplies,Notebook,3,86.23,0.0,258.69,188.15,70.54,2024,4,Apr,2024-04,27.26815880010824
ORD-02300,2023-02-02,CUST-0104,Consumer,Quebec,Electronics,Headphones,2,799.41,0.1,1438.94,1004.29,434.65,2023,2,Feb,2023-02,30.20626294355567
ORD-02301,2024-03-23,CUST-0249,Corporate,Quebec,Electronics,Laptop,5,200.55,0.05,952.61,741.37,211.24,2024,3,Mar,2024-03,22.17486694449985
ORD-02302,2024-02-04,CUST-0840,Corporate,Quebec,Furniture,Lamp,4,190.96,0.05,725.65,462.45,263.2,2024,2,Feb,2024-02,36.270929511472474
ORD-02303,2023-04-08,CUST-0792,Small Business,Quebec,Electronics,Laptop,4,496.81,0.05,1887.88,1508.25,379.63,2023,4,Apr,2023-04,20.108799288090342
ORD-02304,2024-04-30,CUST-0234,Consumer,Quebec,Office Supplies,Notebook,1,76.62,0.05,72.79,46.35,26.44,2024,4,Apr,2024-04,36.32367083390575
ORD-02305,2023-12-12,CUST-0049,Consumer,Ontario,Furniture,Lamp,4,103.93,0.1,374.15,279.78,94.36,2023,12,Dec,2023-12,25.219831618334894
ORD-02306,2024-10-12,CUST-0896,Corporate,Quebec,Electronics,Laptop,4,388.38,0.05,1475.84,1133.14,342.7,2024,10,Oct,2024-10,23.220674327840417
ORD-02307,2024-01-03,CUST-0836,Consumer,Alberta,Office Supplies,Folders,4,95.56,0.15,324.9,221.13,103.78,2024,1,Jan,2024-01,31.942136041859037
ORD-02308,2024-06-04,CUST-0839,Small Business,Alberta,Clothing,Shoes,5,210.95,0.15,896.54,682.7,213.84,2024,6,Jun,2024-06,23.851696522185293
ORD-02309,2024-11-20,CUST-0272,Corporate,Quebec,Furniture,Cabinet,2,139.18,0.05,264.44,175.88,88.56,2024,11,Nov,2024-11,33.48963848131902
ORD-02310,2024-09-09,CUST-0316,Small Business,Ontario,Clothing,Shoes,5,77.73,0.05,369.22,250.03,119.18,2024,9,Sep,2024-09,32.27885813336222
ORD-02311,2023-02-16,CUST-0651,Consumer,British Columbia,Electronics,Mouse,3,1257.11,0.05,3582.76,2251.24,1331.52,2023,2,Feb,2023-02,37.1646440174614
ORD-02312,2023-09-13,CUST-0885,Consumer,Alberta,Office Supplies,Notebook,4,66.18,0.05,251.48,155.02,96.46,2023,9,Sep,2023-09,38.356926992206134
ORD-02313,2024-09-21,CUST-0037,Consumer,Quebec,Furniture,Bookshelf,4,110.28,0.1,397.01,294.2,102.81,2024,9,Sep,2024-09,25.896073146772125
ORD-02314,2023-01-07,CUST-0097,Consumer,Quebec,Clothing,Jeans,3,27.89,0.1,75.3,55.32,19.98,2023,1,Jan,2023-01,26.53386454183267
ORD-02315,2023-08-21,CUST-0586,Corporate,Quebec,Electronics,Headphones,3,1399.0,0.1,3777.3,2437.72,1339.58,2023,8,Aug,2023-08,35.46395573557832
ORD-02316,2025-01-05,CUST-0745,Consumer,Ontario,Electronics,Monitor,4,555.5,0.1,1999.8,1467.39,532.41,2025,1,Jan,2025-01,26.623162316231625
ORD-02317,2025-02-28,CUST-0553,Consumer,Alberta,Electronics,Headphones,4,57.99,0.05,220.36,161.91,58.46,2025,2,Feb,2025-02,26.529315665275004
ORD-02318,2024-04-19,CUST-0824,Consumer,Ontario,Clothing,Sweater,1,178.8,0.0,178.8,120.17,58.63,2024,4,Apr,2024-04,32.79082774049217
ORD-02319,2024-01-03,CUST-0345,Consumer,British Columbia,Electronics,Keyboard,2,944.64,0.15,1605.89,955.57,650.32,2024,1,Jan,2024-01,40.49592437838208
ORD-02320,2025-04-13,CUST-0137,Consumer,British Columbia,Clothing,Shoes,1,219.45,0.0,219.45,177.82,41.63,2025,4,Apr,2025-04,18.970152654363183
ORD-02321,2025-03-29,CUST-0338,Corporate,Ontario,Electronics,Headphones,5,292.96,0.05,1391.56,953.47,438.09,2025,3,Mar,2025-03,31.481933944637674
ORD-02322,2025-12-18,CUST-0319,Consumer,Alberta,Electronics,Laptop,5,553.46,0.0,2767.3,1975.61,791.69,2025,12,Dec,2025-12,28.608752213348755
ORD-02323,2024-06-04,CUST-0459,Corporate,Manitoba,Office Supplies,Printer Paper,1,112.34,0.2,89.87,72.46,17.41,2024,6,Jun,2024-06,19.372426838767108
ORD-02324,2024-06-04,CUST-0140,Consumer,Manitoba,Office Supplies,Pens,2,62.88,0.0,125.76,82.45,43.31,2024,6,Jun,2024-06,34.43861323155216
ORD-02325,2025-07-03,CUST-0618,Corporate,Manitoba,Clothing,Sweater,5,96.86,0.0,484.3,281.94,202.36,2025,7,Jul,2025-07,41.78401817055544
ORD-02326,2023-02-04,CUST-0969,Corporate,Manitoba,Electronics,Keyboard,5,955.9,0.05,4540.52,2752.61,1787.91,2023,2,Feb,2023-02,39.376767418709754
ORD-02327,2023-10-23,CUST-0934,Consumer,Manitoba,Furniture,Office Chair,1,690.2,0.0,690.2,402.52,287.68,2023,10,Oct,2023-10,41.68067226890756
ORD-02328,2023-12-28,CUST-0635,Corporate,Alberta,Clothing,Jacket,5,125.8,0.05,597.55,341.19,256.36,2023,12,Dec,2023-12,42.9018492176387
ORD-02329,2025-06-18,CUST-0072,Corporate,British Columbia,Electronics,Laptop,2,255.46,0.0,510.92,314.55,196.37,2025,6,Jun,2025-06,38.43458858529711
ORD-02330,2023-07-19,CUST-0740,Corporate,Alberta,Office Supplies,Pens,5,63.54,0.1,285.93,170.04,115.89,2023,7,Jul,2023-07,40.5308991711258
ORD-02331,2023-09-11,CUST-0678,Small Business,British Columbia,Clothing,Shoes,4,164.2,0.05,623.96,390.49,233.47,2023,9,Sep,2023-09,37.417462657862686
ORD-02332,2024-09-15,CUST-0253,Small Business,British Columbia,Electronics,Laptop,5,1433.3,0.2,5733.2,4324.86,1408.34,2024,9,Sep,2024-09,24.56464103816368
ORD-02333,2024-02-17,CUST-0634,Consumer,British Columbia,Electronics,Keyboard,5,1008.66,0.0,5043.3,3511.54,1531.76,2024,2,Feb,2024-02,30.372176947633495
ORD-02334,2024-10-06,CUST-0295,Consumer,Alberta,Furniture,Cabinet,5,447.43,0.0,2237.15,1808.87,428.28,2024,10,Oct,2024-10,19.14400017879892
ORD-02335,2025-05-03,CUST-0202,Consumer,Alberta,Furniture,Desk,2,512.32,0.05,973.41,785.33,188.07,2025,5,May,2025-05,19.320738434986286
ORD-02336,2024-09-12,CUST-0758,Corporate,British Columbia,Furniture,Cabinet,2,81.23,0.0,162.46,127.4,35.06,2024,9,Sep,2024-09,21.58069678690139
ORD-02337,2024-06-27,CUST-0077,Consumer,Manitoba,Office Supplies,Notebook,5,40.85,0.0,204.25,159.01,45.24,2024,6,Jun,2024-06,22.14932680538556
ORD-02338,2025-01-20,CUST-0769,Corporate,Ontario,Electronics,Laptop,2,355.15,0.0,710.3,501.29,209.01,2025,1,Jan,2025-01,29.425594819090527
ORD-02339,2023-12-19,CUST-0566,Consumer,Alberta,Electronics,Mouse,2,656.48,0.15,1116.02,722.37,393.65,2023,12,Dec,2023-12,35.27266536441999
ORD-02340,2024-03-08,CUST-0072,Consumer,Manitoba,Electronics,Headphones,4,217.18,0.0,868.72,675.44,193.28,2024,3,Mar,2024-03,22.24882585873469
ORD-02341,2023-05-01,CUST-0317,Consumer,Alberta,Office Supplies,Stapler,2,107.82,0.15,183.29,134.9,48.39,2023,5,May,2023-05,26.40078564024224
ORD-02342,2025-04-04,CUST-0272,Corporate,Quebec,Office Supplies,Folders,5,35.42,0.1,159.39,101.23,58.16,2025,4,Apr,2025-04,36.48911474998432
ORD-02343,2023-05-21,CUST-0536,Consumer,Alberta,Electronics,Keyboard,3,998.68,0.1,2696.44,2075.41,621.02,2023,5,May,2023-05,23.031107682722403
ORD-02344,2023-11-18,CUST-0212,Corporate,Quebec,Office Supplies,Notebook,1,98.69,0.1,88.82,48.92,39.9,2023,11,Nov,2023-11,44.92231479396532
ORD-02345,2023-08-07,CUST-0918,Corporate,Quebec,Electronics,Headphones,2,1227.08,0.0,2454.16,1426.1,1028.06,2023,8,Aug,2023-08,41.890504286599075
ORD-02346,2023-12-05,CUST-0785,Corporate,British Columbia,Electronics,Monitor,3,1427.85,0.1,3855.19,3154.41,700.79,2023,12,Dec,2023-12,18.177832999151793
ORD-02347,2024-03-09,CUST-0610,Consumer,Manitoba,Office Supplies,Notebook,5,51.64,0.0,258.2,179.23,78.97,2024,3,Mar,2024-03,30.584817970565453
ORD-02348,2024-05-26,CUST-0770,Consumer,Alberta,Electronics,Monitor,4,1719.15,0.2,5501.28,3227.04,2274.24,2024,5,May,2024-05,41.34019719047203
ORD-02349,2024-07-22,CUST-0327,Consumer,Alberta,Office Supplies,Pens,5,116.49,0.2,465.96,310.51,155.45,2024,7,Jul,2024-07,33.36123272383896
ORD-02350,2023-07-15,CUST-0270,Consumer,Ontario,Office Supplies,Printer Paper,4,92.46,0.05,351.35,284.25,67.1,2023,7,Jul,2023-07,19.09776576063754
ORD-02351,2025-07-03,CUST-0725,Consumer,Quebec,Electronics,Laptop,5,936.87,0.1,4215.92,2397.81,1818.11,2025,7,Jul,2025-07,43.12486954211654
ORD-02352,2024-03-22,CUST-0054,Consumer,Alberta,Furniture,Bookshelf,4,848.85,0.0,3395.4,2443.57,951.83,2024,3,Mar,2024-03,28.03292690110149
ORD-02353,2023-04-04,CUST-0542,Consumer,Alberta,Furniture,Lamp,3,62.61,0.05,178.44,138.26,40.18,2023,4,Apr,2023-04,22.517372786370768
ORD-02354,2025-05-26,CUST-0509,Consumer,Manitoba,Electronics,Laptop,4,465.91,0.1,1677.28,1293.36,383.92,2025,5,May,2025-05,22.88944004578842
ORD-02355,2023-03-08,CUST-0908,Consumer,British Columbia,Furniture,Office Chair,1,845.23,0.1,760.71,497.1,263.6,2023,3,Mar,2023-03,34.651838414113136
ORD-02356,2024-04-03,CUST-0973,Small Business,Manitoba,Clothing,Sweater,1,23.84,0.1,21.46,15.8,5.66,2024,4,Apr,2024-04,26.37465051258155
ORD-02357,2023-05-23,CUST-0033,Consumer,Manitoba,Clothing,Shoes,3,169.05,0.0,507.15,332.82,174.33,2023,5,May,2023-05,34.37444543034606
ORD-02358,2025-09-21,CUST-0907,Consumer,Manitoba,Clothing,T-Shirt,1,136.58,0.0,136.58,78.99,57.59,2025,9,Sep,2025-09,42.16576365500073
ORD-02359,2025-04-03,CUST-0878,Consumer,Manitoba,Clothing,Sweater,5,193.1,0.15,820.68,566.01,254.66,2025,4,Apr,2025-04,31.030365063118392
ORD-02360,2024-07-21,CUST-0219,Consumer,Quebec,Furniture,Bookshelf,1,879.03,0.0,879.03,504.12,374.91,2024,7,Jul,2024-07,42.65042148732125
ORD-02361,2025-11-15,CUST-0932,Consumer,Ontario,Office Supplies,Notebook,4,50.66,0.0,202.64,116.28,86.36,2025,11,Nov,2025-11,42.617449664429536
ORD-02362,2023-05-12,CUST-0355,Small Business,Alberta,Clothing,T-Shirt,4,229.2,0.0,916.8,721.3,195.5,2023,5,May,2023-05,21.324171029668413
ORD-02363,2025-03-19,CUST-0183,Corporate,Manitoba,Electronics,Keyboard,5,1028.89,0.05,4887.23,2775.41,2111.82,2025,3,Mar,2025-03,43.21098045314013
ORD-02364,2025-03-11,CUST-0466,Consumer,Alberta,Electronics,Mouse,2,1001.2,0.0,2002.4,1427.2,575.2,2025,3,Mar,2025-03,28.725529364762288
ORD-02365,2025-08-21,CUST-0463,Consumer,Quebec,Electronics,Headphones,1,301.45,0.0,301.45,213.98,87.47,2025,8,Aug,2025-08,29.016420633604245
ORD-02366,2023-04-27,CUST-0357,Consumer,Manitoba,Furniture,Cabinet,5,229.99,0.0,1149.95,803.72,346.23,2023,4,Apr,2023-04,30.10826557676421
ORD-02367,2025-01-08,CUST-0401,Corporate,Alberta,Electronics,Keyboard,1,486.31,0.15,413.36,235.38,177.99,2025,1,Jan,2025-01,43.0593187536288
ORD-02368,2025-11-12,CUST-0227,Corporate,Manitoba,Electronics,Laptop,4,1299.75,0.1,4679.1,3235.77,1443.33,2025,11,Nov,2025-11,30.846316599346025
ORD-02369,2024-10-08,CUST-0826,Consumer,Ontario,Furniture,Lamp,1,760.09,0.1,684.08,433.32,250.76,2024,10,Oct,2024-10,36.656531399836275
ORD-02370,2025-07-26,CUST-0416,Consumer,British Columbia,Furniture,Desk,5,482.04,0.2,1928.16,1310.68,617.48,2025,7,Jul,2025-07,32.02431333499295
ORD-02371,2023-10-21,CUST-0175,Consumer,Quebec,Clothing,T-Shirt,1,53.36,0.0,53.36,37.1,16.26,2023,10,Oct,2023-10,30.47226386806597
ORD-02372,2023-05-21,CUST-0488,Corporate,Quebec,Clothing,Shoes,4,119.82,0.15,407.39,259.24,148.15,2023,5,May,2023-05,36.365644713910505
ORD-02373,2024-08-19,CUST-0581,Consumer,Manitoba,Office Supplies,Folders,5,51.48,0.0,257.4,190.93,66.47,2024,8,Aug,2024-08,25.823620823620825
ORD-02374,2023-11-29,CUST-0681,Consumer,British Columbia,Electronics,Mouse,5,1403.84,0.0,7019.2,5101.86,1917.34,2023,11,Nov,2023-11,27.31564850695236
ORD-02375,2025-08-24,CUST-0904,Small Business,Manitoba,Office Supplies,Pens,1,74.46,0.0,74.46,42.41,32.05,2025,8,Aug,2025-08,43.04324469513833
ORD-02376,2025-08-12,CUST-0209,Corporate,Alberta,Electronics,Monitor,5,378.26,0.0,1891.3,1099.72,791.58,2025,8,Aug,2025-08,41.85375138793423
ORD-02377,2025-09-12,CUST-0840,Corporate,Alberta,Electronics,Mouse,2,1339.28,0.1,2410.7,1363.95,1046.75,2025,9,Sep,2025-09,43.420998050358826
ORD-02378,2024-09-13,CUST-0271,Consumer,Alberta,Electronics,Keyboard,1,1024.68,0.0,1024.68,711.66,313.02,2024,9,Sep,2024-09,30.54807354491158
ORD-02379,2023-11-23,CUST-0060,Consumer,Ontario,Electronics,Laptop,5,1061.5,0.05,5042.12,3865.46,1176.67,2023,11,Nov,2023-11,23.33681070660754
ORD-02380,2025-03-21,CUST-0980,Small Business,British Columbia,Furniture,Bookshelf,3,463.33,0.0,1389.99,1062.28,327.71,2025,3,Mar,2025-03,23.57642860740005
ORD-02381,2024-04-16,CUST-0644,Consumer,Quebec,Furniture,Bookshelf,5,329.86,0.15,1401.91,923.26,478.65,2024,4,Apr,2024-04,34.142705309185324
ORD-02382,2025-07-24,CUST-0403,Corporate,British Columbia,Office Supplies,Stapler,3,9.51,0.1,25.68,18.31,7.37,2025,7,Jul,2025-07,28.6993769470405
ORD-02383,2023-06-26,CUST-0108,Corporate,British Columbia,Furniture,Office Chair,5,647.57,0.0,3237.85,1811.36,1426.49,2023,6,Jun,2023-06,44.05670429451642
ORD-02384,2025-09-07,CUST-0383,Consumer,Manitoba,Office Supplies,Notebook,1,119.63,0.0,119.63,68.31,51.32,2025,9,Sep,2025-09,42.89893839337959
ORD-02385,2025-07-18,CUST-0584,Consumer,Alberta,Furniture,Cabinet,2,233.31,0.15,396.63,301.21,95.42,2025,7,Jul,2025-07,24.05768600458866
ORD-02386,2024-11-22,CUST-0132,Corporate,British Columbia,Furniture,Cabinet,4,666.73,0.15,2266.88,1556.06,710.82,2024,11,Nov,2024-11,31.356754658385093
ORD-02387,2025-04-19,CUST-0802,Consumer,Manitoba,Clothing,T-Shirt,3,228.69,0.05,651.77,360.53,291.24,2025,4,Apr,2025-04,44.68447458459273
ORD-02388,2025-03-05,CUST-0787,Consumer,British Columbia,Furniture,Lamp,1,737.4,0.15,626.79,467.03,159.76,2025,3,Mar,2025-03,25.488600647744857
ORD-02389,2024-01-12,CUST-0001,Consumer,Quebec,Electronics,Headphones,5,1066.54,0.0,5332.7,2992.79,2339.91,2024,1,Jan,2024-01,43.87852307461511
ORD-02390,2023-01-03,CUST-0751,Small Business,Alberta,Office Supplies,Folders,2,98.14,0.05,186.47,120.95,65.52,2023,1,Jan,2023-01,35.13701935968252
ORD-02391,2025-07-29,CUST-0849,Consumer,Manitoba,Clothing,Shoes,4,215.75,0.0,863.0,635.48,227.52,2025,7,Jul,2025-07,26.363847045191196
ORD-02392,2024-03-25,CUST-0428,Consumer,Manitoba,Office Supplies,Printer Paper,3,55.34,0.0,166.02,125.67,40.35,2024,3,Mar,2024-03,24.304300686664256
ORD-02393,2024-01-06,CUST-0809,Consumer,Manitoba,Electronics,Mouse,5,738.92,0.15,3140.41,2386.36,754.05,2024,1,Jan,2024-01,24.011195990332475
ORD-02394,2024-01-12,CUST-0651,Consumer,Quebec,Clothing,T-Shirt,2,126.78,0.15,215.53,138.21,77.32,2024,1,Jan,2024-01,35.8743562381107
ORD-02395,2024-06-06,CUST-0430,Small Business,Quebec,Electronics,Keyboard,1,339.64,0.05,322.66,262.77,59.89,2024,6,Jun,2024-06,18.561333911857684
ORD-02396,2024-12-18,CUST-0580,Corporate,Quebec,Office Supplies,Notebook,4,85.38,0.15,290.29,205.26,85.03,2024,12,Dec,2024-12,29.291398256915496
ORD-02397,2024-05-21,CUST-0854,Consumer,Manitoba,Electronics,Keyboard,5,1077.12,0.0,5385.6,3656.56,1729.04,2024,5,May,2024-05,32.10487225193107
ORD-02398,2024-01-11,CUST-0218,Consumer,British Columbia,Electronics,Monitor,5,1105.06,0.15,4696.5,3567.73,1128.77,2024,1,Jan,2024-01,24.034280847439582
ORD-02399,2025-10-12,CUST-0627,Consumer,Manitoba,Electronics,Keyboard,3,582.79,0.0,1748.37,1238.18,510.19,2025,10,Oct,2025-10,29.180894204316022
ORD-02400,2024-09-13,CUST-0580,Corporate,Ontario,Furniture,Office Chair,3,728.57,0.0,2185.71,1264.29,921.42,2024,9,Sep,2024-09,42.15655324814362
ORD-02401,2023-10-29,CUST-0328,Consumer,Ontario,Office Supplies,Printer Paper,2,60.99,0.1,109.78,82.74,27.04,2023,10,Oct,2023-10,24.631080342503186
ORD-02402,2025-03-01,CUST-0797,Corporate,Manitoba,Furniture,Cabinet,5,342.0,0.1,1539.0,1038.26,500.74,2025,3,Mar,2025-03,32.536712150747235
ORD-02403,2024-10-27,CUST-0016,Corporate,Manitoba,Clothing,Jacket,5,183.03,0.05,869.39,532.25,337.14,2024,10,Oct,2024-10,38.77891395116116
ORD-02404,2023-11-12,CUST-0030,Consumer,Alberta,Office Supplies,Folders,3,7.57,0.1,20.44,14.29,6.15,2023,11,Nov,2023-11,30.0880626223092
ORD-02405,2024-12-25,CUST-0013,Consumer,Alberta,Office Supplies,Stapler,2,70.13,0.0,140.26,102.95,37.31,2024,12,Dec,2024-12,26.600598887779842
ORD-02406,2023-04-27,CUST-0280,Corporate,Alberta,Office Supplies,Folders,2,51.75,0.0,103.5,84.07,19.43,2023,4,Apr,2023-04,18.77294685990338
ORD-02407,2024-03-01,CUST-0697,Consumer,Ontario,Electronics,Monitor,2,1601.59,0.05,3043.02,2309.2,733.83,2024,3,Mar,2024-03,24.11518820119487
ORD-02408,2024-04-01,CUST-0598,Corporate,Alberta,Electronics,Mouse,1,155.38,0.0,155.38,123.86,31.52,2024,4,Apr,2024-04,20.28575106191273
ORD-02409,2025-01-08,CUST-0834,Consumer,British Columbia,Clothing,Shoes,5,150.02,0.1,675.09,422.64,252.45,2025,1,Jan,2025-01,37.39501399813358
ORD-02410,2025-02-06,CUST-0804,Corporate,Manitoba,Office Supplies,Printer Paper,1,17.61,0.15,14.97,11.6,3.37,2025,2,Feb,2025-02,22.511690046760187
ORD-02411,2023-08-09,CUST-0276,Consumer,Manitoba,Electronics,Mouse,5,1576.0,0.1,7092.0,4081.22,3010.78,2023,8,Aug,2023-08,42.4531866892273
ORD-02412,2024-05-11,CUST-0024,Corporate,Ontario,Office Supplies,Printer Paper,5,89.33,0.0,446.65,354.3,92.35,2024,5,May,2024-05,20.676144632262396
ORD-02413,2023-10-14,CUST-0877,Consumer,Ontario,Electronics,Laptop,4,697.34,0.0,2789.36,2092.73,696.63,2023,10,Oct,2023-10,24.97454613244615
ORD-02414,2024-06-18,CUST-0745,Consumer,Alberta,Electronics,Monitor,4,317.76,0.0,1271.04,771.49,499.55,2024,6,Jun,2024-06,39.302460976837864
ORD-02415,2025-09-30,CUST-0555,Consumer,Alberta,Clothing,T-Shirt,3,102.63,0.2,246.31,174.41,71.91,2025,9,Sep,2025-09,29.19491697454427
ORD-02416,2025-11-18,CUST-0270,Consumer,Ontario,Clothing,Jacket,5,152.57,0.05,724.71,495.72,228.99,2025,11,Nov,2025-11,31.59746657283603
ORD-02417,2023-02-22,CUST-0532,Consumer,British Columbia,Furniture,Desk,3,669.45,0.0,2008.35,1172.29,836.06,2023,2,Feb,2023-02,41.62919809794109
ORD-02418,2023-09-30,CUST-0898,Small Business,Quebec,Office Supplies,Folders,1,12.85,0.1,11.56,8.42,3.14,2023,9,Sep,2023-09,27.162629757785467
ORD-02419,2023-12-26,CUST-0988,Corporate,Manitoba,Clothing,Sweater,4,104.31,0.1,375.52,241.47,134.05,2023,12,Dec,2023-12,35.697166595654025
ORD-02420,2025-02-23,CUST-0720,Consumer,Manitoba,Office Supplies,Folders,2,41.61,0.0,83.22,51.9,31.32,2025,2,Feb,2025-02,37.63518385003605
ORD-02421,2023-05-06,CUST-0952,Corporate,British Columbia,Office Supplies,Notebook,5,107.88,0.15,458.49,282.59,175.9,2023,5,May,2023-05,38.36506794041309
ORD-02422,2025-03-04,CUST-0030,Consumer,British Columbia,Office Supplies,Stapler,1,88.86,0.1,79.97,49.64,30.34,2025,3,Mar,2025-03,37.939227210203825
ORD-02423,2025-06-18,CUST-0737,Corporate,British Columbia,Electronics,Headphones,1,1494.1,0.0,1494.1,1021.22,472.88,2025,6,Jun,2025-06,31.649822635700424
ORD-02424,2023-02-26,CUST-0681,Small Business,Ontario,Furniture,Lamp,2,100.49,0.0,200.98,115.7,85.28,2023,2,Feb,2023-02,42.432082794307895
ORD-02425,2025-09-10,CUST-0677,Consumer,British Columbia,Electronics,Mouse,5,1175.02,0.0,5875.1,4781.12,1093.98,2025,9,Sep,2025-09,18.620619223502576
ORD-02426,2023-07-27,CUST-0092,Consumer,Manitoba,Office Supplies,Pens,3,74.28,0.1,200.56,153.54,47.02,2023,7,Jul,2023-07,23.444355803749502
ORD-02427,2023-05-23,CUST-0156,Corporate,Alberta,Clothing,Shoes,1,187.72,0.05,178.33,99.96,78.37,2023,5,May,2023-05,43.94661582459485
ORD-02428,2023-02-08,CUST-0816,Corporate,Ontario,Electronics,Mouse,4,1481.42,0.15,5036.83,3978.17,1058.66,2023,2,Feb,2023-02,21.01837862306252
ORD-02429,2025-02-03,CUST-0487,Small Business,Ontario,Furniture,Lamp,2,704.57,0.0,1409.14,821.78,587.36,2025,2,Feb,2025-02,41.68216075052869
ORD-02430,2024-10-08,CUST-0791,Corporate,Manitoba,Office Supplies,Stapler,3,113.83,0.0,341.49,196.43,145.06,2024,10,Oct,2024-10,42.478549884330434
ORD-02431,2024-07-25,CUST-0807,Corporate,Ontario,Clothing,Sweater,2,183.01,0.0,366.02,298.15,67.87,2024,7,Jul,2024-07,18.542702584558224
ORD-02432,2023-09-18,CUST-0274,Corporate,Alberta,Electronics,Laptop,4,1712.08,0.05,6505.9,5108.07,1397.83,2023,9,Sep,2023-09,21.485574632256874
ORD-02433,2025-08-03,CUST-0772,Consumer,Ontario,Clothing,Shoes,2,33.0,0.15,56.1,39.61,16.49,2025,8,Aug,2025-08,29.393939393939387
ORD-02434,2023-06-03,CUST-0357,Consumer,Alberta,Furniture,Bookshelf,2,862.96,0.1,1553.33,1004.3,549.03,2023,6,Jun,2023-06,35.345354818357976
ORD-02435,2024-04-05,CUST-0549,Consumer,British Columbia,Office Supplies,Stapler,5,43.76,0.15,185.98,102.72,83.26,2024,4,Apr,2024-04,44.76825465103775
ORD-02436,2025-12-17,CUST-0246,Corporate,Alberta,Furniture,Desk,3,63.38,0.05,180.63,106.79,73.84,2025,12,Dec,2025-12,40.87914521397332
ORD-02437,2023-03-15,CUST-0896,Consumer,Manitoba,Office Supplies,Notebook,3,100.3,0.0,300.9,216.51,84.39,2023,3,Mar,2023-03,28.045862412761718
ORD-02438,2025-02-06,CUST-0932,Consumer,Quebec,Office Supplies,Pens,4,36.15,0.2,115.68,69.2,46.48,2025,2,Feb,2025-02,40.179806362378976
ORD-02439,2025-03-14,CUST-0101,Consumer,British Columbia,Clothing,Jacket,5,134.34,0.0,671.7,440.4,231.3,2025,3,Mar,2025-03,34.43501563197856
ORD-02440,2024-09-07,CUST-0222,Consumer,Ontario,Electronics,Monitor,1,1134.55,0.05,1077.82,850.09,227.73,2024,9,Sep,2024-09,21.128759904251172
ORD-02441,2025-09-19,CUST-0754,Small Business,Alberta,Office Supplies,Stapler,5,91.28,0.1,410.76,257.03,153.73,2025,9,Sep,2025-09,37.42574739507255
ORD-02442,2023-08-13,CUST-0796,Small Business,Alberta,Office Supplies,Notebook,4,66.57,0.1,239.65,175.08,64.58,2023,8,Aug,2023-08,26.947631963279782
ORD-02443,2023-08-13,CUST-0380,Consumer,Ontario,Electronics,Mouse,5,980.67,0.1,4413.01,3403.86,1009.16,2023,8,Aug,2023-08,22.867838504784714
ORD-02444,2025-02-22,CUST-0198,Consumer,Quebec,Electronics,Mouse,5,239.14,0.0,1195.7,957.78,237.92,2025,2,Feb,2025-02,19.89796771765493
ORD-02445,2023-10-08,CUST-0512,Small Business,Manitoba,Office Supplies,Pens,5,91.85,0.0,459.25,297.84,161.41,2023,10,Oct,2023-10,35.146434403919436
ORD-02446,2025-01-19,CUST-0665,Consumer,Manitoba,Electronics,Mouse,5,856.64,0.1,3854.88,2538.08,1316.8,2025,1,Jan,2025-01,34.15929938156311
ORD-02447,2023-12-07,CUST-0936,Consumer,Manitoba,Electronics,Keyboard,5,905.52,0.05,4301.22,2998.33,1302.89,2023,12,Dec,2023-12,30.291173202021753
ORD-02448,2024-06-14,CUST-0316,Small Business,Alberta,Office Supplies,Folders,5,63.17,0.15,268.47,164.67,103.8,2024,6,Jun,2024-06,38.66353782545535
ORD-02449,2024-12-28,CUST-0742,Corporate,Quebec,Office Supplies,Notebook,4,67.94,0.1,244.58,172.17,72.42,2024,12,Dec,2024-12,29.609943576743802
ORD-02450,2023-05-10,CUST-0489,Consumer,British Columbia,Electronics,Headphones,5,733.54,0.15,3117.54,2058.92,1058.63,2023,5,May,2023-05,33.957222681986444
ORD-02451,2023-11-15,CUST-0338,Consumer,Ontario,Electronics,Laptop,1,120.31,0.15,102.26,61.65,40.61,2023,11,Nov,2023-11,39.71249755525132
ORD-02452,2025-12-24,CUST-0209,Consumer,Alberta,Clothing,Sweater,5,34.55,0.05,164.11,130.13,33.98,2025,12,Dec,2025-12,20.705624276399973
ORD-02453,2024-05-27,CUST-0638,Corporate,Alberta,Clothing,Jacket,4,198.18,0.05,753.08,486.73,266.35,2024,5,May,2024-05,35.368088383704254
ORD-02454,2025-03-04,CUST-0929,Small Business,British Columbia,Office Supplies,Folders,5,64.86,0.1,291.87,224.2,67.67,2025,3,Mar,2025-03,23.184979614211805
ORD-02455,2025-12-21,CUST-0362,Consumer,Alberta,Office Supplies,Stapler,1,69.19,0.05,65.73,51.6,14.13,2025,12,Dec,2025-12,21.49703331811958
ORD-02456,2025-08-17,CUST-0134,Corporate,British Columbia,Electronics,Laptop,4,864.53,0.0,3458.12,2523.99,934.13,2025,8,Aug,2025-08,27.012654274576935
ORD-02457,2025-07-10,CUST-0917,Consumer,Ontario,Office Supplies,Folders,2,58.51,0.0,117.02,84.51,32.51,2025,7,Jul,2025-07,27.781575799008717
ORD-02458,2025-12-25,CUST-0820,Consumer,Alberta,Electronics,Mouse,3,1302.94,0.1,3517.94,2549.21,968.73,2025,12,Dec,2025-12,27.536853954302803
ORD-02459,2025-03-09,CUST-0608,Consumer,Ontario,Electronics,Monitor,5,39.71,0.15,168.77,106.97,61.8,2025,3,Mar,2025-03,36.617882325057764
ORD-02460,2024-04-15,CUST-0018,Consumer,British Columbia,Electronics,Mouse,1,469.02,0.15,398.67,224.81,173.86,2024,4,Apr,2024-04,43.6100032608423
ORD-02461,2023-04-03,CUST-0469,Corporate,Manitoba,Electronics,Monitor,4,752.07,0.15,2557.04,1559.77,997.27,2023,4,Apr,2023-04,39.0009542283265
ORD-02462,2024-07-29,CUST-0181,Consumer,Manitoba,Office Supplies,Folders,5,103.26,0.0,516.3,320.22,196.08,2024,7,Jul,2024-07,37.9779198140616
ORD-02463,2025-12-11,CUST-0987,Consumer,Manitoba,Electronics,Mouse,1,1573.91,0.2,1259.13,824.61,434.52,2025,12,Dec,2025-12,34.50954230301875
ORD-02464,2024-11-20,CUST-0526,Consumer,Alberta,Electronics,Mouse,1,1101.72,0.2,881.38,608.76,272.62,2024,11,Nov,2024-11,30.931039960062627
ORD-02465,2023-09-16,CUST-0716,Consumer,Manitoba,Furniture,Office Chair,2,204.98,0.1,368.96,278.46,90.5,2023,9,Sep,2023-09,24.528404163052908
ORD-02466,2025-07-28,CUST-0032,Consumer,Ontario,Office Supplies,Notebook,4,53.85,0.1,193.86,147.26,46.6,2025,7,Jul,2025-07,24.037965542143812
ORD-02467,2024-11-18,CUST-0035,Consumer,Ontario,Furniture,Lamp,3,862.3,0.15,2198.86,1316.54,882.32,2024,11,Nov,2024-11,40.12624723720473
ORD-02468,2025-05-10,CUST-0617,Consumer,Manitoba,Furniture,Lamp,4,165.36,0.0,661.44,381.97,279.47,2025,5,May,2025-05,42.25175374939526
ORD-02469,2023-08-29,CUST-0356,Consumer,Manitoba,Furniture,Bookshelf,2,641.18,0.0,1282.36,789.05,493.31,2023,8,Aug,2023-08,38.468916684862286
ORD-02470,2025-11-09,CUST-0561,Consumer,Manitoba,Electronics,Keyboard,1,131.65,0.05,125.07,93.48,31.59,2025,11,Nov,2025-11,25.257855600863515
ORD-02471,2023-03-30,CUST-0835,Consumer,Ontario,Clothing,Jacket,3,203.02,0.0,609.06,483.44,125.62,2023,3,Mar,2023-03,20.625225757725023
ORD-02472,2023-07-07,CUST-0029,Consumer,Manitoba,Clothing,Jeans,5,230.07,0.05,1092.83,627.4,465.43,2023,7,Jul,2023-07,42.589423789610464
ORD-02473,2024-09-17,CUST-0718,Consumer,Ontario,Electronics,Laptop,5,647.3,0.05,3074.68,1757.28,1317.39,2024,9,Sep,2024-09,42.846410032914
ORD-02474,2023-04-16,CUST-0449,Small Business,Quebec,Furniture,Office Chair,1,778.25,0.2,622.6,440.32,182.28,2023,4,Apr,2023-04,29.27722454224221
ORD-02475,2023-08-19,CUST-0322,Corporate,Manitoba,Electronics,Headphones,2,1774.38,0.1,3193.88,2586.14,607.75,2023,8,Aug,2023-08,19.028579658597067
ORD-02476,2025-08-12,CUST-0097,Corporate,Quebec,Clothing,Shoes,1,165.61,0.2,132.49,97.31,35.18,2025,8,Aug,2025-08,26.552947392256016
ORD-02477,2024-05-01,CUST-0268,Small Business,Alberta,Electronics,Monitor,1,1168.77,0.0,1168.77,943.52,225.25,2024,5,May,2024-05,19.272397477690223
ORD-02478,2023-12-17,CUST-0465,Small Business,British Columbia,Electronics,Headphones,1,1659.88,0.05,1576.89,995.9,580.99,2023,12,Dec,2023-12,36.84404111891128
ORD-02479,2024-06-26,CUST-0876,Consumer,Manitoba,Furniture,Cabinet,4,255.33,0.1,919.19,689.7,229.49,2024,6,Jun,2024-06,24.966546633449013
ORD-02480,2024-02-27,CUST-0476,Consumer,Ontario,Office Supplies,Pens,3,77.46,0.05,220.76,151.23,69.54,2024,2,Feb,2024-02,31.500271788367463
ORD-02481,2024-11-12,CUST-0880,Consumer,British Columbia,Electronics,Mouse,1,101.16,0.1,91.04,50.23,40.81,2024,11,Nov,2024-11,44.826449912126535
ORD-02482,2023-03-14,CUST-0419,Consumer,Alberta,Electronics,Laptop,2,774.59,0.1,1394.26,1030.66,363.6,2023,3,Mar,2023-03,26.07834980563166
ORD-02483,2025-03-27,CUST-0573,Small Business,Quebec,Office Supplies,Notebook,4,101.51,0.1,365.44,268.21,97.23,2025,3,Mar,2025-03,26.60628283712785
ORD-02484,2023-03-07,CUST-0832,Consumer,Alberta,Furniture,Office Chair,2,381.84,0.1,687.31,559.34,127.97,2023,3,Mar,2023-03,18.6189637863555
ORD-02485,2025-02-01,CUST-0836,Consumer,British Columbia,Electronics,Mouse,2,322.4,0.05,612.56,374.6,237.96,2025,2,Feb,2025-02,38.846806843411265
ORD-02486,2024-03-29,CUST-0557,Consumer,Ontario,Electronics,Monitor,2,844.65,0.2,1351.44,899.15,452.29,2024,3,Mar,2024-03,33.46726454744569
ORD-02487,2023-02-21,CUST-0445,Small Business,British Columbia,Furniture,Cabinet,2,192.76,0.0,385.52,294.16,91.36,2023,2,Feb,2023-02,23.69786262710106
ORD-02488,2024-08-12,CUST-0021,Small Business,Quebec,Electronics,Monitor,2,41.12,0.0,82.24,53.64,28.6,2024,8,Aug,2024-08,34.77626459143969
ORD-02489,2024-07-26,CUST-0985,Corporate,British Columbia,Furniture,Cabinet,3,66.79,0.05,190.35,121.43,68.92,2024,7,Jul,2024-07,36.20698712897295
ORD-02490,2023-08-16,CUST-0582,Consumer,Ontario,Clothing,Jacket,2,128.94,0.0,257.88,206.98,50.9,2023,8,Aug,2023-08,19.73786257173879
ORD-02491,2025-09-29,CUST-0656,Consumer,British Columbia,Office Supplies,Pens,4,87.67,0.0,350.68,245.78,104.9,2025,9,Sep,2025-09,29.91331128093989
ORD-02492,2023-12-28,CUST-0717,Consumer,Alberta,Electronics,Laptop,3,1548.75,0.05,4413.94,3206.05,1207.89,2023,12,Dec,2023-12,27.365347059543176
ORD-02493,2024-04-18,CUST-0258,Consumer,Ontario,Clothing,Shoes,2,204.59,0.2,327.34,260.89,66.46,2024,4,Apr,2024-04,20.30304881774302
ORD-02494,2024-10-10,CUST-0910,Consumer,Alberta,Clothing,T-Shirt,1,197.83,0.0,197.83,110.09,87.74,2024,10,Oct,2024-10,44.35121063539402
ORD-02495,2025-05-19,CUST-0275,Consumer,British Columbia,Furniture,Bookshelf,2,388.18,0.0,776.36,514.4,261.96,2025,5,May,2025-05,33.742078417229116
ORD-02496,2023-10-01,CUST-0893,Consumer,British Columbia,Electronics,Monitor,2,253.94,0.2,406.3,279.29,127.01,2023,10,Oct,2023-10,31.260152596603497
ORD-02497,2024-12-17,CUST-0344,Corporate,Manitoba,Office Supplies,Notebook,5,14.0,0.15,59.5,40.04,19.46,2024,12,Dec,2024-12,32.70588235294118
ORD-02498,2023-05-15,CUST-0109,Consumer,Quebec,Furniture,Cabinet,3,897.78,0.0,2693.34,1514.81,1178.53,2023,5,May,2023-05,43.757193670312695
ORD-02499,2025-07-21,CUST-0554,Small Business,Manitoba,Electronics,Mouse,5,241.09,0.0,1205.45,753.89,451.56,2025,7,Jul,2025-07,37.45986975818159
ORD-02500,2024-04-02,CUST-0780,Consumer,Ontario,Furniture,Lamp,2,53.42,0.0,106.84,81.24,25.6,2024,4,Apr,2024-04,23.961063272182702
ORD-02501,2024-11-02,CUST-0745,Corporate,Alberta,Furniture,Cabinet,1,841.13,0.15,714.96,530.44,184.52,2024,11,Nov,2024-11,25.80843683562717
ORD-02502,2024-03-14,CUST-0387,Consumer,Ontario,Electronics,Headphones,2,722.55,0.0,1445.1,1051.74,393.36,2024,3,Mar,2024-03,27.220261573593525
ORD-02503,2025-02-15,CUST-0570,Consumer,British Columbia,Furniture,Office Chair,4,569.57,0.0,2278.28,1767.21,511.07,2025,2,Feb,2025-02,22.432273469459414
ORD-02504,2023-08-31,CUST-0052,Consumer,Alberta,Furniture,Lamp,5,541.33,0.0,2706.65,2058.17,648.48,2023,8,Aug,2023-08,23.95876821901613
ORD-02505,2024-06-12,CUST-0116,Consumer,Alberta,Clothing,Jacket,2,32.29,0.1,58.12,41.03,17.09,2024,6,Jun,2024-06,29.40467997247075
ORD-02506,2024-07-12,CUST-0344,Corporate,Manitoba,Office Supplies,Pens,4,6.59,0.05,25.04,17.33,7.72,2024,7,Jul,2024-07,30.830670926517573
ORD-02507,2025-07-07,CUST-0850,Corporate,Quebec,Electronics,Mouse,1,394.68,0.15,335.48,200.47,135.01,2025,7,Jul,2025-07,40.243829736496956
ORD-02508,2023-04-06,CUST-0269,Consumer,Manitoba,Office Supplies,Folders,4,14.78,0.05,56.16,40.56,15.61,2023,4,Apr,2023-04,27.79558404558405
ORD-02509,2024-04-15,CUST-0204,Consumer,Manitoba,Electronics,Headphones,5,1799.15,0.0,8995.75,5064.28,3931.47,2024,4,Apr,2024-04,43.70363782897479
ORD-02510,2025-12-16,CUST-0841,Corporate,Ontario,Clothing,Shoes,3,57.08,0.05,162.68,125.36,37.32,2025,12,Dec,2025-12,22.940742562085074
ORD-02511,2025-12-05,CUST-0620,Corporate,Ontario,Furniture,Desk,3,848.99,0.15,2164.92,1609.13,555.79,2025,12,Dec,2025-12,25.67254217245903
ORD-02512,2025-05-19,CUST-0419,Small Business,Quebec,Electronics,Laptop,4,944.0,0.05,3587.2,2515.19,1072.01,2025,5,May,2025-05,29.884310883140053
ORD-02513,2025-03-08,CUST-0589,Consumer,Alberta,Clothing,Sweater,4,213.24,0.1,767.66,599.41,168.26,2025,3,Mar,2025-03,21.918557694812808
ORD-02514,2025-10-11,CUST-0067,Corporate,Ontario,Electronics,Laptop,2,259.82,0.1,467.68,298.3,169.38,2025,10,Oct,2025-10,36.21707150188163
ORD-02515,2024-02-14,CUST-0935,Consumer,Ontario,Clothing,Jeans,4,95.74,0.05,363.81,234.2,129.62,2024,2,Feb,2024-02,35.628487397267804
ORD-02516,2025-01-26,CUST-0575,Consumer,Manitoba,Office Supplies,Notebook,5,77.23,0.05,366.84,299.33,67.51,2025,1,Jan,2025-01,18.40311852578781
ORD-02517,2023-05-14,CUST-0961,Consumer,British Columbia,Electronics,Monitor,1,865.37,0.0,865.37,624.66,240.71,2023,5,May,2023-05,27.81584755653651
ORD-02518,2025-10-09,CUST-0673,Small Business,Alberta,Furniture,Lamp,3,757.98,0.0,2273.94,1511.15,762.79,2025,10,Oct,2025-10,33.54486046245723
ORD-02519,2023-04-01,CUST-0933,Consumer,Alberta,Furniture,Bookshelf,2,827.3,0.05,1571.87,1138.93,432.94,2023,4,Apr,2023-04,27.54299019639029
ORD-02520,2023-11-26,CUST-0077,Small Business,Ontario,Electronics,Monitor,2,337.9,0.15,574.43,332.48,241.95,2023,11,Nov,2023-11,42.120014623191686
ORD-02521,2023-08-13,CUST-0330,Consumer,Manitoba,Electronics,Monitor,2,223.85,0.05,425.32,302.8,122.51,2023,8,Aug,2023-08,28.80419448885545
ORD-02522,2024-09-08,CUST-0342,Consumer,Manitoba,Clothing,Jacket,3,184.09,0.0,552.27,435.55,116.72,2024,9,Sep,2024-09,21.134589965053326
ORD-02523,2023-12-05,CUST-0973,Consumer,Ontario,Furniture,Cabinet,5,359.41,0.0,1797.05,1108.26,688.79,2023,12,Dec,2023-12,38.32892796527642
ORD-02524,2025-08-16,CUST-0796,Corporate,Manitoba,Clothing,Jeans,2,229.78,0.0,459.56,328.01,131.55,2025,8,Aug,2025-08,28.625206719470803
ORD-02525,2023-05-18,CUST-0794,Small Business,British Columbia,Furniture,Cabinet,3,778.01,0.05,2217.33,1752.55,464.78,2023,5,May,2023-05,20.961246183472916
ORD-02526,2023-12-05,CUST-0869,Corporate,Alberta,Electronics,Laptop,3,984.76,0.05,2806.57,1640.76,1165.8,2023,12,Dec,2023-12,41.538247754376336
ORD-02527,2023-06-21,CUST-0903,Small Business,Manitoba,Electronics,Laptop,1,60.57,0.0,60.57,47.86,12.71,2023,6,Jun,2023-06,20.983985471355457
ORD-02528,2024-09-13,CUST-0328,Consumer,Ontario,Clothing,Shoes,3,44.73,0.0,134.19,89.37,44.82,2024,9,Sep,2024-09,33.400402414486926
ORD-02529,2025-07-28,CUST-0863,Consumer,Ontario,Office Supplies,Pens,2,59.75,0.05,113.52,63.03,50.49,2025,7,Jul,2025-07,44.47674418604651
ORD-02530,2025-09-10,CUST-0501,Consumer,Ontario,Electronics,Monitor,4,568.33,0.1,2045.99,1513.42,532.57,2025,9,Sep,2025-09,26.029941495315228
ORD-02531,2023-10-30,CUST-0182,Corporate,Alberta,Office Supplies,Printer Paper,4,91.24,0.0,364.96,288.47,76.49,2023,10,Oct,2023-10,20.958461201227532
ORD-02532,2025-06-02,CUST-0279,Small Business,Quebec,Office Supplies,Pens,1,112.87,0.1,101.58,59.96,41.63,2025,6,Jun,2025-06,40.98247686552472
ORD-02533,2023-08-21,CUST-0090,Small Business,British Columbia,Office Supplies,Pens,5,43.97,0.0,219.85,177.91,41.94,2023,8,Aug,2023-08,19.07664316579486
ORD-02534,2025-05-27,CUST-0933,Consumer,Quebec,Electronics,Mouse,3,1216.78,0.1,3285.31,1973.01,1312.29,2025,5,May,2025-05,39.944175739884514
ORD-02535,2025-09-08,CUST-0500,Corporate,Manitoba,Clothing,T-Shirt,4,236.42,0.0,945.68,606.94,338.74,2025,9,Sep,2025-09,35.81972760341765
ORD-02536,2024-10-15,CUST-0740,Consumer,Quebec,Clothing,T-Shirt,5,180.67,0.15,767.85,624.59,143.26,2024,10,Oct,2024-10,18.65728983525428
ORD-02537,2023-09-22,CUST-0665,Consumer,Ontario,Electronics,Laptop,5,471.92,0.1,2123.64,1313.75,809.89,2023,9,Sep,2023-09,38.13687819027707
ORD-02538,2023-10-15,CUST-0563,Consumer,Quebec,Electronics,Keyboard,2,727.78,0.05,1382.78,1127.5,255.28,2023,10,Oct,2023-10,18.461360447793577
ORD-02539,2023-03-28,CUST-0512,Consumer,Manitoba,Office Supplies,Stapler,2,93.82,0.1,168.88,121.39,47.49,2023,3,Mar,2023-03,28.120558976788253
ORD-02540,2024-04-19,CUST-0334,Consumer,British Columbia,Electronics,Laptop,1,371.34,0.1,334.21,252.45,81.75,2024,4,Apr,2024-04,24.460668441997548
ORD-02541,2023-01-30,CUST-0939,Small Business,Ontario,Office Supplies,Folders,4,66.16,0.1,238.18,189.92,48.26,2023,1,Jan,2023-01,20.26198673272315
ORD-02542,2024-01-08,CUST-0748,Consumer,Quebec,Electronics,Headphones,1,1609.25,0.0,1609.25,1231.51,377.74,2024,1,Jan,2024-01,23.473046450209726
ORD-02543,2023-01-20,CUST-0254,Consumer,Manitoba,Office Supplies,Notebook,2,98.62,0.15,167.65,115.98,51.68,2023,1,Jan,2023-01,30.826125857441095
ORD-02544,2024-05-24,CUST-0917,Consumer,British Columbia,Clothing,Shoes,3,223.69,0.0,671.07,536.47,134.6,2024,5,May,2024-05,20.05752007987244
ORD-02545,2023-03-02,CUST-0828,Small Business,Manitoba,Office Supplies,Pens,3,118.19,0.05,336.84,224.41,112.43,2023,3,Mar,2023-03,33.37786486165539
ORD-02546,2023-05-05,CUST-0300,Consumer,Quebec,Office Supplies,Pens,3,64.53,0.0,193.59,146.21,47.38,2023,5,May,2023-05,24.47440466966269
ORD-02547,2024-10-25,CUST-0306,Consumer,Quebec,Office Supplies,Pens,5,31.58,0.05,150.0,122.85,27.16,2024,10,Oct,2024-10,18.10666666666667
ORD-02548,2024-01-15,CUST-0161,Corporate,Ontario,Electronics,Monitor,5,1316.07,0.0,6580.35,4436.22,2144.13,2024,1,Jan,2024-01,32.58382912762999
ORD-02549,2024-06-29,CUST-0025,Consumer,Quebec,Electronics,Headphones,1,1496.07,0.0,1496.07,856.11,639.96,2024,6,Jun,2024-06,42.77607331207765
ORD-02550,2023-04-21,CUST-0942,Corporate,Alberta,Office Supplies,Folders,4,70.21,0.0,280.84,220.8,60.04,2023,4,Apr,2023-04,21.378720979917393
ORD-02551,2023-05-19,CUST-0460,Consumer,Ontario,Furniture,Lamp,3,73.92,0.1,199.58,119.67,79.91,2023,5,May,2023-05,40.03908207235193
ORD-02552,2024-09-09,CUST-0141,Consumer,Ontario,Furniture,Cabinet,2,352.77,0.1,634.99,372.23,262.76,2024,9,Sep,2024-09,41.38017921542072
ORD-02553,2024-04-24,CUST-0261,Consumer,Manitoba,Office Supplies,Pens,1,29.28,0.05,27.82,18.01,9.81,2024,4,Apr,2024-04,35.26240115025162
ORD-02554,2024-10-04,CUST-0200,Consumer,British Columbia,Office Supplies,Folders,1,113.1,0.05,107.44,74.09,33.36,2024,10,Oct,2024-10,31.04988830975428
ORD-02555,2025-01-07,CUST-0163,Consumer,Quebec,Electronics,Headphones,5,386.31,0.0,1931.55,1395.95,535.6,2025,1,Jan,2025-01,27.729025911832466
ORD-02556,2023-09-02,CUST-0878,Consumer,British Columbia,Electronics,Keyboard,3,1394.21,0.2,3346.1,2545.76,800.35,2023,9,Sep,2023-09,23.91889064881504
ORD-02557,2023-08-01,CUST-0697,Small Business,Ontario,Office Supplies,Folders,3,37.12,0.05,105.79,74.58,31.21,2023,8,Aug,2023-08,29.50184327441157
ORD-02558,2023-11-10,CUST-0486,Small Business,Quebec,Furniture,Desk,3,436.33,0.15,1112.64,817.54,295.1,2023,11,Nov,2023-11,26.522505033074488
ORD-02559,2025-09-16,CUST-0233,Consumer,Ontario,Clothing,Sweater,2,225.95,0.2,361.52,237.53,123.99,2025,9,Sep,2025-09,34.29685771188316
ORD-02560,2024-07-29,CUST-0313,Consumer,British Columbia,Office Supplies,Pens,2,72.52,0.05,137.79,83.08,54.71,2024,7,Jul,2024-07,39.70534871906525
ORD-02561,2025-09-09,CUST-0598,Small Business,British Columbia,Clothing,Jacket,4,76.38,0.0,305.52,210.3,95.22,2025,9,Sep,2025-09,31.16653574234093
ORD-02562,2023-12-09,CUST-0173,Consumer,British Columbia,Furniture,Lamp,2,301.42,0.0,602.84,345.48,257.36,2023,12,Dec,2023-12,42.69126136288236
ORD-02563,2024-05-17,CUST-0669,Consumer,Quebec,Furniture,Bookshelf,4,443.42,0.1,1596.31,889.85,706.46,2024,5,May,2024-05,44.255814973282135
ORD-02564,2023-09-18,CUST-0933,Consumer,Alberta,Clothing,Jacket,1,198.83,0.1,178.95,121.29,57.66,2023,9,Sep,2023-09,32.22129086336965
ORD-02565,2023-07-10,CUST-0032,Corporate,Ontario,Furniture,Lamp,4,873.25,0.15,2969.05,2272.45,696.6,2023,7,Jul,2023-07,23.462050150721613
ORD-02566,2024-10-10,CUST-0056,Small Business,British Columbia,Clothing,Shoes,3,96.64,0.2,231.94,182.91,49.02,2024,10,Oct,2024-10,21.13477623523325
ORD-02567,2025-11-16,CUST-0037,Consumer,Quebec,Furniture,Desk,4,581.33,0.05,2209.05,1453.8,755.26,2025,11,Nov,2025-11,34.18935741608383
ORD-02568,2023-01-10,CUST-0506,Consumer,Alberta,Clothing,Sweater,4,122.8,0.05,466.64,287.41,179.23,2023,1,Jan,2023-01,38.40862334990571
ORD-02569,2023-01-17,CUST-0321,Corporate,Alberta,Furniture,Desk,4,272.55,0.2,872.16,641.17,230.99,2023,1,Jan,2023-01,26.484819299211154
ORD-02570,2025-01-23,CUST-0788,Consumer,Alberta,Furniture,Bookshelf,4,434.1,0.0,1736.4,998.05,738.35,2025,1,Jan,2025-01,42.521884358442755
ORD-02571,2025-09-02,CUST-0768,Corporate,Manitoba,Office Supplies,Pens,1,76.15,0.05,72.34,45.47,26.88,2025,9,Sep,2025-09,37.15786563450373
ORD-02572,2025-02-04,CUST-0213,Consumer,British Columbia,Electronics,Keyboard,5,201.84,0.05,958.74,696.46,262.28,2025,2,Feb,2025-02,27.35673905334084
ORD-02573,2023-08-13,CUST-0345,Small Business,Ontario,Clothing,Shoes,5,23.86,0.1,107.37,80.75,26.62,2023,8,Aug,2023-08,24.792772655304088
ORD-02574,2024-08-12,CUST-0400,Consumer,Ontario,Electronics,Laptop,4,1340.06,0.1,4824.22,3026.96,1797.26,2024,8,Aug,2024-08,37.254934476454224
ORD-02575,2025-08-02,CUST-0432,Corporate,Manitoba,Electronics,Laptop,2,371.39,0.0,742.78,449.78,293.0,2025,8,Aug,2025-08,39.44640404965131
ORD-02576,2023-05-28,CUST-0741,Consumer,Quebec,Clothing,Jeans,2,215.36,0.05,409.18,286.73,122.46,2023,5,May,2023-05,29.9281489808886
ORD-02577,2023-12-09,CUST-0535,Consumer,Quebec,Clothing,Jacket,5,198.26,0.05,941.73,660.01,281.72,2023,12,Dec,2023-12,29.915156148789997
ORD-02578,2025-07-11,CUST-0535,Consumer,British Columbia,Electronics,Keyboard,4,592.1,0.0,2368.4,1652.35,716.05,2025,7,Jul,2025-07,30.233490964364123
ORD-02579,2024-12-01,CUST-0994,Consumer,Ontario,Electronics,Laptop,4,1529.53,0.1,5506.31,3358.02,2148.29,2024,12,Dec,2024-12,39.01505727065857
ORD-02580,2024-06-14,CUST-0532,Small Business,British Columbia,Office Supplies,Stapler,1,60.9,0.2,48.72,29.94,18.78,2024,6,Jun,2024-06,38.546798029556655
ORD-02581,2023-11-24,CUST-0842,Consumer,Quebec,Electronics,Headphones,5,1317.69,0.15,5600.18,3268.43,2331.75,2023,11,Nov,2023-11,41.637054523247464
ORD-02582,2023-09-14,CUST-0871,Small Business,Alberta,Clothing,Jeans,2,177.32,0.1,319.18,185.31,133.87,2023,9,Sep,2023-09,41.94185099317
ORD-02583,2023-10-11,CUST-0309,Corporate,British Columbia,Office Supplies,Stapler,5,68.11,0.1,306.5,239.58,66.92,2023,10,Oct,2023-10,21.833605220228385
ORD-02584,2023-04-29,CUST-0828,Corporate,Quebec,Clothing,Jacket,5,244.4,0.05,1160.9,865.3,295.6,2023,4,Apr,2023-04,25.4630028426221
ORD-02585,2024-01-29,CUST-0506,Corporate,Manitoba,Electronics,Mouse,5,937.85,0.05,4454.79,3247.84,1206.95,2024,1,Jan,2024-01,27.09330855102036
ORD-02586,2023-10-07,CUST-0749,Consumer,Alberta,Furniture,Desk,3,542.61,0.0,1627.83,1245.8,382.03,2023,10,Oct,2023-10,23.468666875533685
ORD-02587,2025-04-29,CUST-0171,Consumer,Manitoba,Furniture,Desk,3,781.67,0.15,1993.26,1262.46,730.8,2025,4,Apr,2025-04,36.66355618434123
ORD-02588,2024-06-11,CUST-0637,Consumer,British Columbia,Furniture,Office Chair,4,260.33,0.05,989.25,601.48,387.77,2024,6,Jun,2024-06,39.19838261309072
ORD-02589,2023-12-31,CUST-0264,Corporate,Alberta,Clothing,Jeans,3,241.22,0.15,615.11,345.85,269.26,2023,12,Dec,2023-12,43.77428427435743
ORD-02590,2025-01-26,CUST-0646,Corporate,Quebec,Furniture,Cabinet,1,121.07,0.0,121.07,86.09,34.98,2025,1,Jan,2025-01,28.89237631122491
ORD-02591,2024-08-30,CUST-0690,Consumer,British Columbia,Office Supplies,Stapler,5,101.6,0.0,508.0,293.77,214.23,2024,8,Aug,2024-08,42.17125984251968
ORD-02592,2024-02-20,CUST-0202,Consumer,Manitoba,Office Supplies,Notebook,2,99.29,0.2,158.86,88.69,70.17,2024,2,Feb,2024-02,44.17096814805489
ORD-02593,2024-08-10,CUST-0118,Consumer,Alberta,Electronics,Headphones,1,1383.46,0.0,1383.46,993.0,390.46,2024,8,Aug,2024-08,28.223439781417603
ORD-02594,2023-11-09,CUST-0269,Consumer,Ontario,Furniture,Cabinet,4,302.19,0.05,1148.32,922.67,225.65,2023,11,Nov,2023-11,19.65044586874739
ORD-02595,2023-12-29,CUST-0057,Corporate,British Columbia,Office Supplies,Notebook,2,23.32,0.15,39.64,24.01,15.64,2023,12,Dec,2023-12,39.455095862764885
ORD-02596,2024-11-10,CUST-0745,Small Business,Manitoba,Electronics,Headphones,4,378.62,0.05,1438.76,1087.89,350.87,2024,11,Nov,2024-11,24.386972114876702
ORD-02597,2025-08-13,CUST-0233,Corporate,Alberta,Electronics,Mouse,5,1285.41,0.0,6427.05,4246.9,2180.15,2025,8,Aug,2025-08,33.921472526275664
ORD-02598,2024-08-23,CUST-0937,Consumer,Alberta,Office Supplies,Folders,3,107.36,0.0,322.08,202.92,119.16,2024,8,Aug,2024-08,36.99701937406856
ORD-02599,2024-04-10,CUST-0222,Consumer,Quebec,Furniture,Lamp,3,434.78,0.15,1108.69,877.21,231.48,2024,4,Apr,2024-04,20.878694675698345
ORD-02600,2024-03-18,CUST-0796,Consumer,Quebec,Office Supplies,Pens,3,46.22,0.1,124.79,75.95,48.85,2024,3,Mar,2024-03,39.14576488500681
ORD-02601,2024-12-23,CUST-0603,Corporate,Manitoba,Office Supplies,Printer Paper,5,66.27,0.0,331.35,270.15,61.2,2024,12,Dec,2024-12,18.46989588048891
ORD-02602,2023-05-25,CUST-0428,Corporate,Manitoba,Electronics,Keyboard,1,916.55,0.05,870.72,618.29,252.44,2023,5,May,2023-05,28.99209849320103
ORD-02603,2024-07-19,CUST-0038,Corporate,Quebec,Electronics,Mouse,4,1710.14,0.0,6840.56,4930.85,1909.71,2024,7,Jul,2024-07,27.9174512028255
ORD-02604,2023-06-13,CUST-0756,Consumer,Manitoba,Clothing,T-Shirt,4,188.15,0.05,714.97,567.23,147.74,2023,6,Jun,2023-06,20.663804075695484
ORD-02605,2024-01-03,CUST-0561,Consumer,British Columbia,Furniture,Bookshelf,2,436.29,0.0,872.58,677.34,195.24,2024,1,Jan,2024-01,22.37502578560132
ORD-02606,2024-10-30,CUST-0496,Consumer,Manitoba,Furniture,Bookshelf,5,131.64,0.1,592.38,383.24,209.14,2024,10,Oct,2024-10,35.30504068334515
ORD-02607,2024-05-12,CUST-0888,Consumer,Ontario,Office Supplies,Stapler,4,96.51,0.1,347.44,251.49,95.95,2024,5,May,2024-05,27.61627906976744
ORD-02608,2024-06-07,CUST-0055,Consumer,Ontario,Furniture,Bookshelf,4,127.98,0.2,409.54,254.43,155.1,2024,6,Jun,2024-06,37.871758558382574
ORD-02609,2023-07-31,CUST-0989,Small Business,Quebec,Electronics,Headphones,2,1674.32,0.05,3181.21,1906.42,1274.79,2023,7,Jul,2023-07,40.072488141304724
ORD-02610,2023-06-26,CUST-0461,Consumer,Manitoba,Electronics,Monitor,4,153.02,0.0,612.08,444.58,167.5,2023,6,Jun,2023-06,27.365703829564765
ORD-02611,2025-09-06,CUST-0285,Consumer,Alberta,Electronics,Mouse,5,829.01,0.05,3937.8,2913.14,1024.66,2025,9,Sep,2025-09,26.021128548935955
ORD-02612,2025-05-26,CUST-0883,Consumer,British Columbia,Office Supplies,Stapler,5,25.37,0.0,126.85,97.19,29.66,2025,5,May,2025-05,23.381947181710682
ORD-02613,2024-10-12,CUST-0328,Consumer,British Columbia,Office Supplies,Printer Paper,4,113.74,0.0,454.96,269.29,185.67,2024,10,Oct,2024-10,40.81018111482328
ORD-02614,2023-01-29,CUST-0780,Consumer,Manitoba,Clothing,Jeans,5,232.11,0.1,1044.5,705.04,339.46,2023,1,Jan,2023-01,32.4997606510292
ORD-02615,2023-08-21,CUST-0053,Consumer,Quebec,Electronics,Laptop,3,1211.94,0.0,3635.82,2448.78,1187.04,2023,8,Aug,2023-08,32.64848094790171
ORD-02616,2024-11-06,CUST-0553,Consumer,Quebec,Electronics,Laptop,2,1668.81,0.05,3170.74,2367.61,803.13,2024,11,Nov,2024-11,25.329418369213496
ORD-02617,2023-09-30,CUST-0409,Small Business,Manitoba,Furniture,Lamp,2,844.38,0.0,1688.76,929.69,759.07,2023,9,Sep,2023-09,44.9483644804472
ORD-02618,2025-09-10,CUST-0008,Consumer,Quebec,Electronics,Monitor,4,1322.59,0.1,4761.32,3028.86,1732.47,2025,9,Sep,2025-09,36.386338242336166
ORD-02619,2024-06-15,CUST-0114,Consumer,Manitoba,Electronics,Mouse,5,268.94,0.05,1277.46,820.46,457.0,2024,6,Jun,2024-06,35.77411425798068
ORD-02620,2023-01-18,CUST-0238,Consumer,Ontario,Office Supplies,Folders,2,54.74,0.0,109.48,62.55,46.93,2023,1,Jan,2023-01,42.866276945560834
ORD-02621,2025-01-04,CUST-0531,Consumer,Alberta,Office Supplies,Printer Paper,5,97.45,0.2,389.8,305.76,84.04,2025,1,Jan,2025-01,21.559774243201645
ORD-02622,2023-01-09,CUST-0126,Consumer,Manitoba,Office Supplies,Notebook,5,114.45,0.2,457.8,333.57,124.23,2023,1,Jan,2023-01,27.136304062909566
ORD-02623,2025-08-11,CUST-0663,Small Business,Manitoba,Clothing,Sweater,5,229.77,0.0,1148.85,819.66,329.19,2025,8,Aug,2025-08,28.653871262566916
ORD-02624,2025-03-20,CUST-0572,Consumer,British Columbia,Electronics,Headphones,2,309.9,0.2,495.84,287.63,208.21,2025,3,Mar,2025-03,41.99136818328493
ORD-02625,2025-05-26,CUST-0579,Consumer,Quebec,Clothing,Jeans,1,75.16,0.1,67.64,48.09,19.56,2025,5,May,2025-05,28.917800118273206
ORD-02626,2024-06-12,CUST-0865,Corporate,British Columbia,Office Supplies,Notebook,1,13.36,0.0,13.36,9.55,3.81,2024,6,Jun,2024-06,28.517964071856287
ORD-02627,2023-03-17,CUST-0759,Consumer,Ontario,Electronics,Keyboard,4,252.62,0.2,808.38,535.97,272.42,2023,3,Mar,2023-03,33.69949776095401
ORD-02628,2025-11-13,CUST-0560,Consumer,British Columbia,Electronics,Keyboard,3,1660.02,0.1,4482.05,2468.74,2013.32,2025,11,Nov,2025-11,44.919623832844344
ORD-02629,2025-07-17,CUST-0556,Small Business,British Columbia,Electronics,Keyboard,3,1744.87,0.05,4972.88,3910.89,1061.98,2025,7,Jul,2025-07,21.355431862421774
ORD-02630,2023-09-14,CUST-0326,Corporate,Quebec,Office Supplies,Notebook,1,60.34,0.1,54.31,37.9,16.4,2023,9,Sep,2023-09,30.19701712391824
ORD-02631,2024-10-21,CUST-0021,Consumer,British Columbia,Electronics,Laptop,2,1130.87,0.0,2261.74,1665.07,596.67,2024,10,Oct,2024-10,26.381016385614615
ORD-02632,2025-12-25,CUST-0209,Small Business,British Columbia,Clothing,Jeans,1,44.53,0.05,42.3,31.15,11.15,2025,12,Dec,2025-12,26.359338061465724
ORD-02633,2023-10-07,CUST-0435,Small Business,Alberta,Furniture,Desk,2,488.7,0.05,928.53,524.47,404.06,2023,10,Oct,2023-10,43.51609533348411
ORD-02634,2024-05-22,CUST-0183,Consumer,British Columbia,Office Supplies,Pens,4,23.39,0.0,93.56,59.44,34.12,2024,5,May,2024-05,36.46857631466438
ORD-02635,2023-11-09,CUST-0105,Consumer,Manitoba,Electronics,Headphones,5,540.88,0.0,2704.4,2091.14,613.26,2023,11,Nov,2023-11,22.676379233841146
ORD-02636,2023-02-04,CUST-0019,Consumer,British Columbia,Electronics,Mouse,5,1531.69,0.1,6892.6,4231.73,2660.87,2023,2,Feb,2023-02,38.6047355134492
ORD-02637,2023-10-21,CUST-0241,Consumer,British Columbia,Clothing,T-Shirt,3,131.2,0.0,393.6,273.88,119.72,2023,10,Oct,2023-10,30.416666666666664
ORD-02638,2024-03-21,CUST-0908,Corporate,Ontario,Clothing,Sweater,2,231.97,0.1,417.55,242.19,175.36,2024,3,Mar,2024-03,41.99736558495989
ORD-02639,2024-01-23,CUST-0862,Consumer,British Columbia,Electronics,Keyboard,2,1744.53,0.15,2965.7,2259.13,706.57,2024,1,Jan,2024-01,23.824729406211016
ORD-02640,2024-03-24,CUST-0013,Consumer,Alberta,Office Supplies,Printer Paper,2,24.25,0.0,48.5,33.07,15.43,2024,3,Mar,2024-03,31.814432989690722
ORD-02641,2024-06-09,CUST-0865,Small Business,Quebec,Office Supplies,Notebook,5,110.98,0.1,499.41,294.49,204.92,2024,6,Jun,2024-06,41.03241825353917
ORD-02642,2025-12-18,CUST-0081,Consumer,Ontario,Electronics,Keyboard,4,1274.65,0.1,4588.74,3390.86,1197.88,2025,12,Dec,2025-12,26.10476950099592
ORD-02643,2025-08-22,CUST-0730,Corporate,Quebec,Electronics,Headphones,3,364.49,0.15,929.45,570.51,358.94,2025,8,Aug,2025-08,38.61853784496207
ORD-02644,2025-12-15,CUST-0241,Consumer,British Columbia,Furniture,Bookshelf,3,104.73,0.1,282.77,165.71,117.06,2025,12,Dec,2025-12,41.3976022916151
ORD-02645,2024-09-17,CUST-0551,Corporate,Ontario,Electronics,Mouse,1,1494.74,0.05,1420.0,928.23,491.77,2024,9,Sep,2024-09,34.631690140845066
ORD-02646,2025-03-19,CUST-0632,Consumer,Quebec,Office Supplies,Folders,3,11.47,0.0,34.41,28.0,6.41,2025,3,Mar,2025-03,18.628305725079922
ORD-02647,2023-07-08,CUST-0048,Consumer,Ontario,Electronics,Monitor,4,989.54,0.0,3958.16,2395.13,1563.03,2023,7,Jul,2023-07,39.48880287810498
ORD-02648,2024-02-11,CUST-0340,Consumer,Manitoba,Furniture,Cabinet,3,109.74,0.05,312.76,211.11,101.65,2024,2,Feb,2024-02,32.500959201943985
ORD-02649,2023-08-24,CUST-0106,Corporate,British Columbia,Clothing,Sweater,4,38.27,0.05,145.43,113.99,31.43,2023,8,Aug,2023-08,21.611771986522722
ORD-02650,2023-12-03,CUST-0399,Corporate,Manitoba,Clothing,Sweater,3,229.1,0.05,652.93,422.04,230.9,2023,12,Dec,2023-12,35.36366838711654
ORD-02651,2025-06-01,CUST-0704,Corporate,Alberta,Clothing,Jacket,4,119.12,0.05,452.66,297.07,155.58,2025,6,Jun,2025-06,34.37016745460169
ORD-02652,2023-03-21,CUST-0422,Consumer,Quebec,Electronics,Mouse,4,1327.5,0.15,4513.5,3410.94,1102.56,2023,3,Mar,2023-03,24.428049185776004
ORD-02653,2023-07-16,CUST-0324,Consumer,Quebec,Furniture,Bookshelf,1,806.65,0.05,766.32,465.23,301.09,2023,7,Jul,2023-07,39.290374778160555
ORD-02654,2025-06-19,CUST-0799,Consumer,Quebec,Office Supplies,Folders,4,59.41,0.1,213.88,147.92,65.95,2025,6,Jun,2025-06,30.835047690293628
ORD-02655,2024-07-17,CUST-0655,Consumer,British Columbia,Office Supplies,Stapler,2,119.23,0.1,214.61,118.16,96.46,2024,7,Jul,2024-07,44.946647406924185
ORD-02656,2024-03-09,CUST-0118,Small Business,Ontario,Electronics,Mouse,4,1164.5,0.2,3726.4,2054.15,1672.25,2024,3,Mar,2024-03,44.87575139544869
ORD-02657,2025-05-17,CUST-0930,Consumer,Quebec,Clothing,Shoes,5,225.51,0.05,1071.17,784.64,286.54,2025,5,May,2025-05,26.750189045623014
ORD-02658,2025-11-19,CUST-0441,Consumer,Alberta,Furniture,Office Chair,2,227.81,0.05,432.84,265.07,167.77,2025,11,Nov,2025-11,38.76028093521856
ORD-02659,2024-11-23,CUST-0962,Consumer,British Columbia,Clothing,Jeans,3,205.67,0.0,617.01,450.62,166.39,2024,11,Nov,2024-11,26.967148020291404
ORD-02660,2024-08-01,CUST-0489,Consumer,Ontario,Electronics,Headphones,3,505.04,0.2,1212.1,814.95,397.15,2024,8,Aug,2024-08,32.76544839534692
ORD-02661,2025-05-13,CUST-0500,Consumer,Ontario,Office Supplies,Notebook,2,74.63,0.2,119.41,66.08,53.32,2025,5,May,2025-05,44.652876643497194
ORD-02662,2025-09-14,CUST-0182,Corporate,Ontario,Clothing,Sweater,4,146.84,0.1,528.62,339.27,189.35,2025,9,Sep,2025-09,35.81968143467898
ORD-02663,2024-08-31,CUST-0598,Consumer,Alberta,Electronics,Monitor,2,649.31,0.15,1103.83,888.69,215.14,2024,8,Aug,2024-08,19.490320067401683
ORD-02664,2024-07-16,CUST-0211,Consumer,Manitoba,Furniture,Lamp,5,581.26,0.0,2906.3,1766.39,1139.91,2024,7,Jul,2024-07,39.22203488972233
ORD-02665,2025-03-01,CUST-0118,Consumer,Ontario,Electronics,Headphones,1,442.04,0.0,442.04,348.06,93.98,2025,3,Mar,2025-03,21.260519410008143
ORD-02666,2023-01-07,CUST-0917,Small Business,British Columbia,Office Supplies,Stapler,5,72.59,0.05,344.8,194.17,150.64,2023,1,Jan,2023-01,43.68909512761021
ORD-02667,2023-05-23,CUST-0561,Consumer,British Columbia,Furniture,Desk,5,883.08,0.0,4415.4,2656.96,1758.44,2023,5,May,2023-05,39.825157403632744
ORD-02668,2025-01-02,CUST-0215,Consumer,British Columbia,Office Supplies,Folders,4,82.06,0.2,262.59,155.91,106.68,2025,1,Jan,2025-01,40.6260710613504
ORD-02669,2023-02-02,CUST-0337,Consumer,British Columbia,Furniture,Bookshelf,1,486.93,0.0,486.93,317.43,169.5,2023,2,Feb,2023-02,34.809931612346745
ORD-02670,2024-08-25,CUST-0742,Consumer,Manitoba,Furniture,Office Chair,5,876.35,0.1,3943.58,3137.83,805.74,2024,8,Aug,2024-08,20.431688972963652
ORD-02671,2024-08-14,CUST-0428,Consumer,Alberta,Electronics,Monitor,2,1261.11,0.0,2522.22,1738.19,784.03,2024,8,Aug,2024-08,31.08491725543371
ORD-02672,2025-12-10,CUST-0181,Consumer,British Columbia,Electronics,Mouse,5,1019.6,0.1,4588.2,2934.23,1653.97,2025,12,Dec,2025-12,36.04834139749793
ORD-02673,2024-07-02,CUST-0453,Corporate,British Columbia,Furniture,Lamp,5,385.48,0.05,1831.03,1105.63,725.4,2024,7,Jul,2024-07,39.61704614342747
ORD-02674,2025-07-19,CUST-0570,Consumer,Manitoba,Clothing,T-Shirt,2,189.62,0.1,341.32,200.46,140.86,2025,7,Jul,2025-07,41.2691902027423
ORD-02675,2024-07-10,CUST-0099,Consumer,Manitoba,Office Supplies,Folders,1,115.84,0.05,110.05,68.48,41.56,2024,7,Jul,2024-07,37.76465243071331
ORD-02676,2024-04-30,CUST-0094,Consumer,Manitoba,Furniture,Bookshelf,3,843.19,0.15,2150.13,1312.7,837.43,2024,4,Apr,2024-04,38.94787757019343
ORD-02677,2023-07-11,CUST-0732,Consumer,Manitoba,Electronics,Keyboard,5,578.26,0.0,2891.3,2032.57,858.73,2023,7,Jul,2023-07,29.70048075260263
ORD-02678,2023-01-23,CUST-0954,Corporate,Manitoba,Clothing,Jeans,4,226.01,0.05,858.84,653.9,204.93,2023,1,Jan,2023-01,23.861254715662987
ORD-02679,2023-09-20,CUST-0109,Corporate,British Columbia,Office Supplies,Folders,1,51.87,0.1,46.68,30.85,15.84,2023,9,Sep,2023-09,33.933161953727506
ORD-02680,2023-05-07,CUST-0027,Small Business,British Columbia,Clothing,Shoes,1,224.34,0.1,201.91,156.87,45.04,2023,5,May,2023-05,22.306968451290178
ORD-02681,2025-03-25,CUST-0240,Consumer,Quebec,Electronics,Headphones,4,923.59,0.05,3509.64,2387.94,1121.7,2025,3,Mar,2025-03,31.960542961671283
ORD-02682,2023-10-15,CUST-0185,Consumer,British Columbia,Clothing,Sweater,2,75.01,0.15,127.52,83.46,44.06,2023,10,Oct,2023-10,34.55144291091594
ORD-02683,2023-01-28,CUST-0315,Consumer,Manitoba,Office Supplies,Folders,5,10.86,0.1,48.87,30.0,18.87,2023,1,Jan,2023-01,38.61264579496624
ORD-02684,2024-08-27,CUST-0019,Small Business,British Columbia,Electronics,Keyboard,4,1246.19,0.05,4735.52,3580.12,1155.4,2024,8,Aug,2024-08,24.398587694698787
ORD-02685,2024-12-01,CUST-0579,Consumer,Alberta,Office Supplies,Folders,5,89.38,0.0,446.9,297.62,149.28,2024,12,Dec,2024-12,33.40344596106512
ORD-02686,2025-06-02,CUST-0200,Consumer,Alberta,Furniture,Lamp,3,704.15,0.2,1689.96,1333.41,356.55,2025,6,Jun,2025-06,21.09813250017752
ORD-02687,2025-06-20,CUST-0911,Consumer,Alberta,Furniture,Office Chair,5,737.34,0.0,3686.7,2336.53,1350.17,2025,6,Jun,2025-06,36.62272493015434
ORD-02688,2023-12-17,CUST-0881,Consumer,Manitoba,Office Supplies,Stapler,3,26.75,0.15,68.21,43.07,25.14,2023,12,Dec,2023-12,36.856765870107026
ORD-02689,2025-07-19,CUST-0740,Corporate,Manitoba,Electronics,Headphones,3,1387.26,0.15,3537.51,2685.36,852.15,2025,7,Jul,2025-07,24.088977840345326
ORD-02690,2023-01-19,CUST-0564,Corporate,Ontario,Furniture,Desk,5,544.21,0.0,2721.05,1927.75,793.3,2023,1,Jan,2023-01,29.15418680288859
ORD-02691,2023-01-21,CUST-0568,Corporate,Manitoba,Furniture,Cabinet,3,764.1,0.0,2292.3,1381.36,910.94,2023,1,Jan,2023-01,39.73912664136457
ORD-02692,2024-08-16,CUST-0753,Small Business,Manitoba,Office Supplies,Printer Paper,1,73.15,0.05,69.49,41.73,27.77,2024,8,Aug,2024-08,39.962584544538785
ORD-02693,2024-05-12,CUST-0587,Corporate,Ontario,Electronics,Laptop,3,411.86,0.1,1112.02,805.0,307.02,2024,5,May,2024-05,27.60921566158882
ORD-02694,2023-12-21,CUST-0108,Consumer,Alberta,Office Supplies,Notebook,3,15.46,0.05,44.06,32.55,11.52,2023,12,Dec,2023-12,26.146164321379935
ORD-02695,2023-04-13,CUST-0575,Consumer,British Columbia,Office Supplies,Pens,2,44.2,0.1,79.56,53.4,26.16,2023,4,Apr,2023-04,32.880844645550525
ORD-02696,2025-11-10,CUST-0345,Consumer,Quebec,Clothing,Shoes,5,79.6,0.0,398.0,232.34,165.66,2025,11,Nov,2025-11,41.62311557788945
ORD-02697,2024-05-30,CUST-0689,Small Business,Manitoba,Office Supplies,Printer Paper,2,81.88,0.2,131.01,103.89,27.11,2024,5,May,2024-05,20.6930768643615
ORD-02698,2023-07-07,CUST-0351,Consumer,British Columbia,Clothing,Sweater,3,178.95,0.0,536.85,304.16,232.69,2023,7,Jul,2023-07,43.343578280711554
ORD-02699,2023-02-25,CUST-0346,Consumer,Ontario,Electronics,Keyboard,5,340.25,0.05,1616.19,959.25,656.93,2023,2,Feb,2023-02,40.64682989005005
ORD-02700,2024-05-11,CUST-0550,Consumer,Quebec,Electronics,Laptop,1,1011.51,0.05,960.93,659.7,301.24,2024,5,May,2024-05,31.34879751907007
ORD-02701,2024-04-22,CUST-0538,Consumer,Ontario,Furniture,Desk,1,657.65,0.0,657.65,506.82,150.83,2024,4,Apr,2024-04,22.934691705314382
ORD-02702,2024-11-14,CUST-0662,Corporate,Ontario,Clothing,T-Shirt,5,90.91,0.05,431.82,270.41,161.41,2024,11,Nov,2024-11,37.37900050947154
ORD-02703,2023-11-07,CUST-0863,Corporate,Alberta,Electronics,Mouse,3,1619.96,0.15,4130.9,2888.08,1242.82,2023,11,Nov,2023-11,30.085937689123437
ORD-02704,2025-08-21,CUST-0566,Consumer,Quebec,Furniture,Bookshelf,3,720.08,0.05,2052.23,1331.19,721.04,2025,8,Aug,2025-08,35.1344634860615
ORD-02705,2025-09-11,CUST-0831,Corporate,Alberta,Electronics,Laptop,1,840.9,0.0,840.9,561.12,279.78,2025,9,Sep,2025-09,33.2714948269711
ORD-02706,2023-01-15,CUST-0369,Corporate,Alberta,Electronics,Mouse,2,413.85,0.05,786.32,549.78,236.54,2023,1,Jan,2023-01,30.08190049852477
ORD-02707,2024-11-16,CUST-0057,Consumer,Ontario,Clothing,Jeans,5,69.11,0.0,345.55,222.55,123.0,2024,11,Nov,2024-11,35.59542757922153
ORD-02708,2023-12-23,CUST-0320,Consumer,Alberta,Furniture,Cabinet,3,568.12,0.0,1704.36,1079.62,624.74,2023,12,Dec,2023-12,36.65540144101011
ORD-02709,2025-10-20,CUST-0583,Corporate,Quebec,Furniture,Bookshelf,1,144.17,0.05,136.96,89.3,47.66,2025,10,Oct,2025-10,34.79848130841121
ORD-02710,2023-01-21,CUST-0328,Consumer,Ontario,Electronics,Mouse,2,1656.17,0.05,3146.72,2252.07,894.65,2023,1,Jan,2023-01,28.431191844206033
ORD-02711,2025-08-29,CUST-0882,Consumer,British Columbia,Office Supplies,Stapler,5,6.35,0.0,31.75,19.38,12.37,2025,8,Aug,2025-08,38.960629921259844
ORD-02712,2023-08-12,CUST-0883,Small Business,Manitoba,Electronics,Laptop,2,727.77,0.1,1309.99,967.86,342.13,2023,8,Aug,2023-08,26.116993259490528
ORD-02713,2025-12-27,CUST-0373,Consumer,British Columbia,Office Supplies,Stapler,5,115.69,0.0,578.45,368.49,209.96,2025,12,Dec,2025-12,36.29700060506526
ORD-02714,2024-01-05,CUST-0962,Consumer,British Columbia,Electronics,Laptop,4,137.42,0.0,549.68,333.11,216.57,2024,1,Jan,2024-01,39.39928685780818
ORD-02715,2025-03-26,CUST-0398,Consumer,Manitoba,Furniture,Bookshelf,1,121.68,0.0,121.68,83.75,37.93,2025,3,Mar,2025-03,31.171926364234054
ORD-02716,2025-11-08,CUST-0299,Corporate,British Columbia,Clothing,Jeans,5,33.42,0.0,167.1,105.23,61.87,2025,11,Nov,2025-11,37.025733093955715
ORD-02717,2023-12-28,CUST-0586,Corporate,Alberta,Clothing,Jacket,5,192.49,0.1,866.2,496.99,369.22,2023,12,Dec,2023-12,42.625259755252834
ORD-02718,2023-07-14,CUST-0137,Consumer,Quebec,Clothing,Sweater,2,242.51,0.05,460.77,351.06,109.71,2023,7,Jul,2023-07,23.810143889576143
ORD-02719,2024-08-15,CUST-0343,Consumer,Ontario,Electronics,Mouse,5,1137.02,0.1,5116.59,4173.67,942.92,2024,8,Aug,2024-08,18.428680038854
ORD-02720,2024-01-23,CUST-0590,Corporate,Manitoba,Electronics,Headphones,2,837.54,0.0,1675.08,921.39,753.69,2024,1,Jan,2024-01,44.99426893043915
ORD-02721,2025-04-18,CUST-0892,Corporate,Manitoba,Office Supplies,Notebook,5,111.3,0.2,445.2,276.57,168.63,2025,4,Apr,2025-04,37.87735849056604
ORD-02722,2023-02-20,CUST-0438,Corporate,British Columbia,Electronics,Keyboard,2,600.57,0.15,1020.97,713.74,307.23,2023,2,Feb,2023-02,30.09197136056887
ORD-02723,2023-05-01,CUST-0517,Consumer,Manitoba,Clothing,Sweater,1,242.12,0.05,230.01,183.39,46.63,2023,5,May,2023-05,20.273031607321425
ORD-02724,2024-01-18,CUST-0998,Consumer,Quebec,Office Supplies,Folders,3,23.33,0.0,69.99,47.62,22.37,2024,1,Jan,2024-01,31.96170881554508
ORD-02725,2024-12-04,CUST-0953,Corporate,Manitoba,Furniture,Bookshelf,3,411.29,0.1,1110.48,788.5,321.98,2024,12,Dec,2024-12,28.994668971976083
ORD-02726,2023-11-10,CUST-0857,Small Business,Quebec,Clothing,T-Shirt,3,71.81,0.0,215.43,176.42,39.01,2023,11,Nov,2023-11,18.107970106299028
ORD-02727,2025-10-30,CUST-0721,Consumer,Manitoba,Electronics,Mouse,5,463.66,0.1,2086.47,1576.44,510.03,2025,10,Oct,2025-10,24.444636155803824
ORD-02728,2025-05-01,CUST-0497,Small Business,Ontario,Electronics,Headphones,3,1717.19,0.0,5151.57,4078.43,1073.14,2025,5,May,2025-05,20.831319384187736
ORD-02729,2025-01-21,CUST-0043,Consumer,Alberta,Office Supplies,Stapler,1,64.68,0.15,54.98,44.48,10.49,2025,1,Jan,2025-01,19.07966533284831
ORD-02730,2023-08-19,CUST-0777,Consumer,British Columbia,Furniture,Bookshelf,3,869.84,0.1,2348.57,1574.45,774.12,2023,8,Aug,2023-08,32.961333918086325
ORD-02731,2025-06-29,CUST-0968,Corporate,Manitoba,Electronics,Mouse,2,1519.7,0.1,2735.46,2027.08,708.38,2025,6,Jun,2025-06,25.896192962061228
ORD-02732,2023-05-29,CUST-0051,Consumer,Quebec,Furniture,Office Chair,2,601.09,0.0,1202.18,970.45,231.73,2023,5,May,2023-05,19.275815601656987
ORD-02733,2024-08-14,CUST-0568,Corporate,Alberta,Clothing,Shoes,4,205.31,0.2,656.99,471.21,185.78,2024,8,Aug,2024-08,28.277447145314238
ORD-02734,2025-05-19,CUST-0879,Small Business,Alberta,Clothing,Sweater,2,101.86,0.15,173.16,122.04,51.12,2025,5,May,2025-05,29.521829521829524
ORD-02735,2024-02-16,CUST-0793,Consumer,Alberta,Office Supplies,Folders,3,97.51,0.15,248.65,174.3,74.35,2024,2,Feb,2024-02,29.90146792680474
ORD-02736,2025-02-18,CUST-0453,Consumer,Ontario,Electronics,Monitor,4,740.61,0.0,2962.44,1942.4,1020.04,2025,2,Feb,2025-02,34.43242732342258
ORD-02737,2023-08-29,CUST-0146,Corporate,British Columbia,Furniture,Bookshelf,3,272.22,0.05,775.83,537.31,238.51,2023,8,Aug,2023-08,30.742559581351582
ORD-02738,2023-02-04,CUST-0645,Small Business,Ontario,Clothing,T-Shirt,2,113.13,0.15,192.32,138.89,53.43,2023,2,Feb,2023-02,27.781821963394343
ORD-02739,2023-01-30,CUST-0834,Corporate,Ontario,Office Supplies,Stapler,1,54.43,0.05,51.71,28.85,22.86,2023,1,Jan,2023-01,44.20808354283504
ORD-02740,2024-10-12,CUST-0005,Small Business,British Columbia,Electronics,Keyboard,2,1298.94,0.05,2467.99,1373.71,1094.28,2024,10,Oct,2024-10,44.338915473725585
ORD-02741,2023-04-01,CUST-0424,Consumer,Quebec,Clothing,Jeans,5,212.01,0.0,1060.05,750.27,309.78,2023,4,Apr,2023-04,29.223149851422104
ORD-02742,2025-04-29,CUST-0206,Corporate,Manitoba,Furniture,Desk,5,95.11,0.0,475.55,315.02,160.53,2025,4,Apr,2025-04,33.756702765219224
ORD-02743,2023-11-29,CUST-0038,Consumer,Quebec,Office Supplies,Folders,5,59.9,0.0,299.5,172.39,127.11,2023,11,Nov,2023-11,42.440734557595995
ORD-02744,2024-04-19,CUST-0364,Consumer,Quebec,Electronics,Headphones,4,1066.53,0.1,3839.51,2539.12,1300.39,2024,4,Apr,2024-04,33.86864469684934
ORD-02745,2023-06-21,CUST-0918,Corporate,Ontario,Clothing,Sweater,1,100.45,0.1,90.4,73.88,16.52,2023,6,Jun,2023-06,18.27433628318584
ORD-02746,2024-03-05,CUST-0912,Consumer,Quebec,Electronics,Monitor,1,214.15,0.15,182.03,134.64,47.38,2024,3,Mar,2024-03,26.028676591770587
ORD-02747,2025-05-02,CUST-0200,Small Business,Alberta,Electronics,Headphones,4,1709.03,0.1,6152.51,4400.25,1752.26,2025,5,May,2025-05,28.480408808762604
ORD-02748,2024-01-23,CUST-0530,Corporate,British Columbia,Office Supplies,Folders,5,10.21,0.0,51.05,38.7,12.35,2024,1,Jan,2024-01,24.191968658178258
ORD-02749,2023-02-11,CUST-0475,Small Business,Ontario,Electronics,Keyboard,4,339.87,0.05,1291.51,791.13,500.37,2023,2,Feb,2023-02,38.743021734249055
ORD-02750,2023-06-04,CUST-0238,Consumer,Alberta,Electronics,Monitor,5,1439.08,0.15,6116.09,4568.21,1547.88,2023,6,Jun,2023-06,25.308326071068283
ORD-02751,2023-09-14,CUST-0342,Consumer,Ontario,Electronics,Headphones,5,647.54,0.1,2913.93,1813.93,1100.0,2023,9,Sep,2023-09,37.74970572388493
ORD-02752,2023-01-27,CUST-0215,Consumer,Ontario,Clothing,Sweater,4,184.95,0.1,665.82,531.75,134.07,2023,1,Jan,2023-01,20.136072812471838
ORD-02753,2023-12-04,CUST-0228,Consumer,Manitoba,Office Supplies,Printer Paper,1,66.02,0.0,66.02,41.89,24.13,2023,12,Dec,2023-12,36.5495304453196
ORD-02754,2023-06-06,CUST-0755,Consumer,Ontario,Electronics,Laptop,3,1280.43,0.1,3457.16,1925.59,1531.57,2023,6,Jun,2023-06,44.30139189392449
ORD-02755,2024-05-01,CUST-0152,Consumer,Ontario,Furniture,Bookshelf,4,816.41,0.0,3265.64,1918.12,1347.52,2024,5,May,2024-05,41.263580798863316
ORD-02756,2023-09-16,CUST-0459,Consumer,British Columbia,Clothing,Jeans,1,114.33,0.2,91.46,66.39,25.08,2023,9,Sep,2023-09,27.421823748086595
ORD-02757,2025-08-25,CUST-0234,Small Business,Quebec,Office Supplies,Notebook,3,69.86,0.0,209.58,118.24,91.34,2025,8,Aug,2025-08,43.582402901040176
ORD-02758,2024-08-25,CUST-0513,Consumer,Ontario,Office Supplies,Notebook,1,26.79,0.0,26.79,15.46,11.33,2024,8,Aug,2024-08,42.291899962672645
ORD-02759,2024-07-18,CUST-0697,Consumer,British Columbia,Electronics,Keyboard,3,1515.07,0.0,4545.21,3072.92,1472.29,2024,7,Jul,2024-07,32.392122696201056
ORD-02760,2024-06-29,CUST-0789,Consumer,Ontario,Electronics,Keyboard,1,1176.22,0.0,1176.22,705.0,471.22,2024,6,Jun,2024-06,40.06223325568346
ORD-02761,2025-12-08,CUST-0115,Small Business,British Columbia,Office Supplies,Printer Paper,2,56.74,0.05,107.81,63.95,43.86,2025,12,Dec,2025-12,40.682682496985436
ORD-02762,2024-06-01,CUST-0586,Corporate,Ontario,Furniture,Desk,2,92.39,0.1,166.3,133.7,32.6,2024,6,Jun,2024-06,19.603126879134095
ORD-02763,2024-08-22,CUST-0174,Small Business,Quebec,Electronics,Headphones,5,1247.98,0.05,5927.9,4436.93,1490.98,2024,8,Aug,2024-08,25.15190877039086
ORD-02764,2024-09-18,CUST-0911,Small Business,Quebec,Electronics,Headphones,3,1471.88,0.05,4194.86,2921.89,1272.97,2024,9,Sep,2024-09,30.34594718298108
ORD-02765,2023-11-10,CUST-0726,Small Business,Quebec,Clothing,Sweater,2,226.02,0.05,429.44,303.76,125.68,2023,11,Nov,2023-11,29.26602086438152
ORD-02766,2025-08-29,CUST-0126,Corporate,Ontario,Office Supplies,Stapler,1,93.28,0.15,79.29,51.17,28.12,2025,8,Aug,2025-08,35.4647496531719
ORD-02767,2025-09-28,CUST-0676,Small Business,Alberta,Clothing,T-Shirt,2,243.0,0.0,486.0,279.97,206.03,2025,9,Sep,2025-09,42.39300411522634
ORD-02768,2024-04-26,CUST-0865,Corporate,Alberta,Furniture,Cabinet,2,882.56,0.0,1765.12,1203.46,561.66,2024,4,Apr,2024-04,31.81993292240754
ORD-02769,2025-12-18,CUST-0482,Consumer,Alberta,Office Supplies,Pens,5,77.29,0.2,309.16,249.09,60.07,2025,12,Dec,2025-12,19.43006857290723
ORD-02770,2024-01-03,CUST-0519,Consumer,Ontario,Electronics,Mouse,2,850.6,0.1,1531.08,852.07,679.01,2024,1,Jan,2024-01,44.34843378530188
ORD-02771,2023-07-25,CUST-0289,Consumer,Manitoba,Electronics,Monitor,5,870.65,0.1,3917.92,2923.96,993.96,2023,7,Jul,2023-07,25.369583860824115
ORD-02772,2023-01-11,CUST-0335,Consumer,Alberta,Clothing,Jacket,4,115.41,0.0,461.64,272.93,188.71,2023,1,Jan,2023-01,40.8781734685036
ORD-02773,2024-01-31,CUST-0463,Small Business,Manitoba,Electronics,Headphones,4,1650.28,0.05,6271.06,3689.29,2581.77,2024,1,Jan,2024-01,41.16959493291405
ORD-02774,2025-01-13,CUST-0627,Corporate,Quebec,Office Supplies,Folders,2,117.68,0.0,235.36,133.67,101.69,2025,1,Jan,2025-01,43.206152277362335
ORD-02775,2023-02-27,CUST-0754,Consumer,Alberta,Office Supplies,Folders,5,74.86,0.0,374.3,210.1,164.2,2023,2,Feb,2023-02,43.868554635319256
ORD-02776,2024-08-06,CUST-0523,Consumer,Alberta,Office Supplies,Printer Paper,4,119.13,0.0,476.52,353.78,122.74,2024,8,Aug,2024-08,25.757575757575758
ORD-02777,2025-05-21,CUST-0861,Small Business,Manitoba,Office Supplies,Stapler,5,90.79,0.0,453.95,261.97,191.98,2025,5,May,2025-05,42.29100121158717
ORD-02778,2023-02-13,CUST-0946,Corporate,Quebec,Electronics,Keyboard,1,944.3,0.1,849.87,531.1,318.77,2023,2,Feb,2023-02,37.50808947250756
ORD-02779,2025-02-22,CUST-0733,Consumer,Ontario,Clothing,T-Shirt,3,60.88,0.05,173.51,138.03,35.48,2025,2,Feb,2025-02,20.448389141836206
ORD-02780,2023-12-23,CUST-0582,Consumer,Manitoba,Electronics,Keyboard,4,1030.29,0.0,4121.16,3309.69,811.47,2023,12,Dec,2023-12,19.690329907113533
ORD-02781,2024-05-26,CUST-0670,Small Business,British Columbia,Furniture,Bookshelf,3,133.22,0.05,379.68,227.8,151.87,2024,5,May,2024-05,39.999473240623686
ORD-02782,2024-03-22,CUST-0865,Consumer,British Columbia,Clothing,Sweater,2,83.32,0.2,133.31,85.74,47.57,2024,3,Mar,2024-03,35.68374465531468
ORD-02783,2024-05-19,CUST-0410,Small Business,Manitoba,Clothing,T-Shirt,1,51.64,0.0,51.64,37.0,14.64,2024,5,May,2024-05,28.350116189000772
ORD-02784,2023-08-05,CUST-0118,Consumer,Manitoba,Clothing,T-Shirt,4,154.3,0.15,524.62,343.28,181.34,2023,8,Aug,2023-08,34.5659715603675
ORD-02785,2025-08-30,CUST-0266,Consumer,Quebec,Furniture,Desk,1,362.47,0.0,362.47,281.8,80.67,2025,8,Aug,2025-08,22.255634949099235
ORD-02786,2024-08-13,CUST-0873,Corporate,Quebec,Office Supplies,Printer Paper,3,66.23,0.2,158.95,103.32,55.63,2024,8,Aug,2024-08,34.99842717835798
ORD-02787,2023-10-15,CUST-0317,Small Business,Ontario,Clothing,T-Shirt,3,159.71,0.0,479.13,384.3,94.83,2023,10,Oct,2023-10,19.79212322334231
ORD-02788,2024-11-16,CUST-0743,Small Business,Ontario,Electronics,Keyboard,5,1178.66,0.0,5893.3,4763.23,1130.07,2024,11,Nov,2024-11,19.175504386337025
ORD-02789,2025-01-28,CUST-0461,Consumer,Ontario,Furniture,Office Chair,3,762.33,0.1,2058.29,1571.46,486.83,2025,1,Jan,2025-01,23.652157859193796
ORD-02790,2025-04-09,CUST-0347,Small Business,Manitoba,Electronics,Laptop,1,1632.22,0.15,1387.39,772.52,614.87,2025,4,Apr,2025-04,44.318468491195695
ORD-02791,2023-12-01,CUST-0423,Corporate,Quebec,Furniture,Lamp,2,383.37,0.15,651.73,397.73,254.0,2023,12,Dec,2023-12,38.97319442100256
ORD-02792,2025-02-06,CUST-0132,Consumer,Quebec,Electronics,Monitor,4,1513.89,0.05,5752.78,4673.25,1079.53,2025,2,Feb,2025-02,18.76536213795765
ORD-02793,2025-07-28,CUST-0660,Small Business,Manitoba,Electronics,Mouse,4,1254.19,0.0,5016.76,3792.49,1224.27,2025,7,Jul,2025-07,24.403599135697142
ORD-02794,2025-11-21,CUST-0403,Consumer,British Columbia,Furniture,Desk,1,870.92,0.1,783.83,473.57,310.26,2025,11,Nov,2025-11,39.5825625454499
ORD-02795,2024-12-04,CUST-0753,Consumer,Manitoba,Electronics,Laptop,5,642.45,0.05,3051.64,2266.74,784.9,2024,12,Dec,2024-12,25.72059613846981
ORD-02796,2023-02-27,CUST-0151,Consumer,Quebec,Office Supplies,Folders,2,39.38,0.05,74.82,44.2,30.62,2023,2,Feb,2023-02,40.9248863940123
ORD-02797,2025-09-16,CUST-0223,Consumer,Ontario,Electronics,Headphones,1,1394.62,0.0,1394.62,868.22,526.4,2025,9,Sep,2025-09,37.7450488305058
ORD-02798,2024-03-28,CUST-0350,Corporate,Manitoba,Furniture,Lamp,3,188.13,0.0,564.39,421.91,142.48,2024,3,Mar,2024-03,25.24495472988536
ORD-02799,2025-04-25,CUST-0522,Consumer,Manitoba,Clothing,Sweater,3,166.25,0.05,473.81,380.16,93.65,2025,4,Apr,2025-04,19.76530676853591
ORD-02800,2024-04-02,CUST-0571,Consumer,British Columbia,Office Supplies,Pens,1,45.42,0.0,45.42,32.15,13.27,2024,4,Apr,2024-04,29.216204315279608
ORD-02801,2024-09-03,CUST-0624,Consumer,Ontario,Clothing,Jacket,3,216.38,0.0,649.14,440.36,208.78,2024,9,Sep,2024-09,32.1625535323659
ORD-02802,2023-07-16,CUST-0846,Small Business,Manitoba,Clothing,Jacket,2,89.42,0.1,160.96,90.05,70.9,2023,7,Jul,2023-07,44.04821073558649
ORD-02803,2023-04-22,CUST-0498,Corporate,Ontario,Furniture,Bookshelf,1,510.05,0.0,510.05,311.2,198.85,2023,4,Apr,2023-04,38.98637388491324
ORD-02804,2024-06-28,CUST-0377,Consumer,Manitoba,Electronics,Monitor,1,1610.7,0.0,1610.7,1264.05,346.65,2024,6,Jun,2024-06,21.521698640342706
ORD-02805,2023-03-09,CUST-0316,Consumer,Quebec,Furniture,Cabinet,2,52.76,0.2,84.42,66.98,17.44,2023,3,Mar,2023-03,20.658611703387823
ORD-02806,2024-06-29,CUST-0101,Consumer,British Columbia,Clothing,Jacket,3,207.5,0.1,560.25,323.82,236.43,2024,6,Jun,2024-06,42.200803212851405
ORD-02807,2023-10-23,CUST-0344,Corporate,Alberta,Electronics,Mouse,3,1040.2,0.0,3120.6,2435.54,685.06,2023,10,Oct,2023-10,21.95282958405435
ORD-02808,2024-01-24,CUST-0431,Consumer,British Columbia,Furniture,Office Chair,3,99.08,0.2,237.79,137.54,100.25,2024,1,Jan,2024-01,42.15904789940704
ORD-02809,2024-09-24,CUST-0487,Corporate,Alberta,Furniture,Office Chair,1,160.15,0.0,160.15,125.13,35.02,2024,9,Sep,2024-09,21.866999687792696
ORD-02810,2025-08-30,CUST-0984,Corporate,British Columbia,Clothing,Shoes,3,37.41,0.1,101.01,59.49,41.52,2025,8,Aug,2025-08,41.10484110484111
ORD-02811,2024-07-23,CUST-0401,Consumer,Alberta,Office Supplies,Printer Paper,5,46.04,0.0,230.2,176.22,53.98,2024,7,Jul,2024-07,23.449174630755863
ORD-02812,2023-11-26,CUST-0158,Corporate,Quebec,Furniture,Office Chair,1,703.76,0.1,633.38,412.12,221.27,2023,11,Nov,2023-11,34.93479427831634
ORD-02813,2024-06-01,CUST-0413,Corporate,Alberta,Clothing,Sweater,3,36.53,0.0,109.59,84.25,25.34,2024,6,Jun,2024-06,23.122547677707818
ORD-02814,2025-03-17,CUST-0056,Corporate,Ontario,Electronics,Mouse,5,1576.68,0.05,7489.23,4157.49,3331.74,2025,3,Mar,2025-03,44.48708345183684
ORD-02815,2025-07-10,CUST-0974,Corporate,Quebec,Office Supplies,Folders,1,83.49,0.05,79.32,49.37,29.95,2025,7,Jul,2025-07,37.75844679778114
ORD-02816,2024-04-19,CUST-0095,Small Business,British Columbia,Furniture,Desk,5,151.48,0.15,643.79,450.03,193.76,2024,4,Apr,2024-04,30.096770686093294
ORD-02817,2025-12-07,CUST-0964,Consumer,Manitoba,Clothing,Shoes,3,105.96,0.0,317.88,256.22,61.66,2025,12,Dec,2025-12,19.3972568264754
ORD-02818,2025-03-05,CUST-0671,Corporate,Alberta,Electronics,Mouse,2,1213.19,0.15,2062.42,1576.95,485.47,2025,3,Mar,2025-03,23.538852416093718
ORD-02819,2024-08-26,CUST-0279,Consumer,Quebec,Furniture,Bookshelf,2,545.09,0.1,981.16,600.08,381.08,2024,8,Aug,2024-08,38.839740715071954
ORD-02820,2023-09-06,CUST-0599,Consumer,Alberta,Electronics,Mouse,2,1511.86,0.15,2570.16,1500.66,1069.51,2023,9,Sep,2023-09,41.6125844305413
ORD-02821,2024-11-14,CUST-0525,Consumer,Quebec,Office Supplies,Notebook,2,81.24,0.0,162.48,125.62,36.86,2024,11,Nov,2024-11,22.685869030034468
ORD-02822,2023-08-14,CUST-0760,Consumer,Quebec,Furniture,Office Chair,4,828.42,0.1,2982.31,2383.71,598.6,2023,8,Aug,2023-08,20.071689395133305
ORD-02823,2023-07-21,CUST-0204,Consumer,Ontario,Electronics,Keyboard,3,1740.2,0.2,4176.48,2954.46,1222.02,2023,7,Jul,2023-07,29.25956786576256
ORD-02824,2023-07-01,CUST-0722,Consumer,Quebec,Furniture,Desk,5,620.29,0.1,2791.3,1639.42,1151.89,2023,7,Jul,2023-07,41.26715150646652
ORD-02825,2023-02-11,CUST-0410,Consumer,Manitoba,Clothing,T-Shirt,5,201.61,0.1,907.25,607.62,299.62,2023,2,Feb,2023-02,33.02507577845136
ORD-02826,2024-12-06,CUST-0540,Small Business,British Columbia,Electronics,Mouse,2,217.6,0.05,413.44,305.34,108.1,2024,12,Dec,2024-12,26.146478328173373
ORD-02827,2024-05-30,CUST-0294,Consumer,Alberta,Office Supplies,Printer Paper,1,18.49,0.1,16.64,11.52,5.12,2024,5,May,2024-05,30.76923076923077
ORD-02828,2023-02-08,CUST-0525,Consumer,Manitoba,Electronics,Mouse,2,1159.93,0.15,1971.88,1233.33,738.55,2023,2,Feb,2023-02,37.45410471225429
ORD-02829,2023-09-05,CUST-0170,Corporate,Quebec,Electronics,Monitor,5,1425.61,0.15,6058.84,3659.13,2399.71,2023,9,Sep,2023-09,39.60675640881753
ORD-02830,2023-09-02,CUST-0416,Consumer,British Columbia,Clothing,Jacket,2,35.25,0.0,70.5,42.45,28.05,2023,9,Sep,2023-09,39.787234042553195
ORD-02831,2025-08-05,CUST-0623,Corporate,Ontario,Furniture,Lamp,3,322.08,0.1,869.62,701.48,168.13,2025,8,Aug,2025-08,19.33373197488558
ORD-02832,2024-03-01,CUST-0753,Consumer,Manitoba,Electronics,Laptop,3,1571.9,0.1,4244.13,2949.99,1294.14,2024,3,Mar,2024-03,30.492468421089836
ORD-02833,2023-11-10,CUST-0439,Small Business,Alberta,Electronics,Mouse,1,1388.03,0.0,1388.03,773.5,614.53,2023,11,Nov,2023-11,44.27353875636694
ORD-02834,2025-04-16,CUST-0634,Consumer,Ontario,Office Supplies,Notebook,2,107.98,0.05,205.16,118.92,86.24,2025,4,Apr,2025-04,42.035484499902516
ORD-02835,2024-06-19,CUST-0623,Consumer,Manitoba,Clothing,Jacket,1,32.12,0.0,32.12,19.17,12.95,2024,6,Jun,2024-06,40.317559153175594
ORD-02836,2023-08-24,CUST-0570,Small Business,Quebec,Office Supplies,Folders,5,105.48,0.15,448.29,340.18,108.11,2023,8,Aug,2023-08,24.11608556960896
ORD-02837,2023-03-02,CUST-0480,Small Business,Alberta,Electronics,Mouse,4,293.37,0.0,1173.48,835.72,337.76,2023,3,Mar,2023-03,28.782765790639804
ORD-02838,2024-11-21,CUST-0983,Small Business,British Columbia,Furniture,Bookshelf,4,152.25,0.1,548.1,326.35,221.75,2024,11,Nov,2024-11,40.45794563035942
ORD-02839,2023-05-04,CUST-0855,Consumer,Manitoba,Electronics,Headphones,5,1214.27,0.05,5767.78,4486.72,1281.07,2023,5,May,2023-05,22.2107986088235
ORD-02840,2023-11-25,CUST-0098,Consumer,Ontario,Electronics,Headphones,1,178.37,0.1,160.53,106.24,54.29,2023,11,Nov,2023-11,33.81922382109263
ORD-02841,2023-07-16,CUST-0402,Consumer,British Columbia,Clothing,Sweater,4,209.54,0.0,838.16,496.69,341.47,2023,7,Jul,2023-07,40.74043142120837
ORD-02842,2025-12-27,CUST-0603,Corporate,Quebec,Clothing,T-Shirt,2,49.84,0.2,79.74,61.26,18.49,2025,12,Dec,2025-12,23.187860546777024
ORD-02843,2024-01-07,CUST-0347,Consumer,British Columbia,Electronics,Mouse,5,902.02,0.05,4284.6,3138.38,1146.21,2024,1,Jan,2024-01,26.75185548242543
ORD-02844,2023-05-20,CUST-0528,Consumer,Quebec,Clothing,Jacket,1,72.27,0.0,72.27,59.13,13.14,2023,5,May,2023-05,18.181818181818183
ORD-02845,2025-11-27,CUST-0513,Consumer,Alberta,Office Supplies,Notebook,5,91.19,0.0,455.95,253.54,202.41,2025,11,Nov,2025-11,44.393025551047266
ORD-02846,2025-05-04,CUST-0038,Consumer,Manitoba,Electronics,Headphones,2,707.18,0.0,1414.36,919.84,494.52,2025,5,May,2025-05,34.96422410136034
ORD-02847,2023-04-15,CUST-0503,Corporate,Quebec,Clothing,Jacket,2,93.96,0.0,187.92,141.51,46.41,2023,4,Apr,2023-04,24.696679438058748
ORD-02848,2024-08-22,CUST-0599,Consumer,Manitoba,Clothing,Sweater,4,63.38,0.15,215.49,147.46,68.03,2024,8,Aug,2024-08,31.569910436679194
ORD-02849,2025-07-28,CUST-0135,Consumer,Quebec,Office Supplies,Pens,3,113.52,0.1,306.5,191.78,114.72,2025,7,Jul,2025-07,37.42903752039152
ORD-02850,2024-02-01,CUST-0242,Consumer,Alberta,Office Supplies,Stapler,5,24.32,0.0,121.6,74.84,46.76,2024,2,Feb,2024-02,38.453947368421055
ORD-02851,2023-07-20,CUST-0951,Small Business,Alberta,Electronics,Monitor,2,1041.91,0.0,2083.82,1533.19,550.63,2023,7,Jul,2023-07,26.42406733786987
ORD-02852,2024-01-01,CUST-0871,Consumer,British Columbia,Clothing,Shoes,1,157.66,0.05,149.78,88.71,61.06,2024,1,Jan,2024-01,40.766457470957405
ORD-02853,2025-08-14,CUST-0283,Consumer,Quebec,Electronics,Laptop,5,369.3,0.2,1477.2,1197.18,280.02,2025,8,Aug,2025-08,18.95613322502031
ORD-02854,2024-08-30,CUST-0379,Consumer,Ontario,Furniture,Cabinet,5,240.45,0.05,1142.14,798.58,343.56,2024,8,Aug,2024-08,30.080375435585825
ORD-02855,2025-09-02,CUST-0083,Consumer,Alberta,Electronics,Laptop,5,1270.61,0.05,6035.4,3655.93,2379.47,2025,9,Sep,2025-09,39.425224508731816
ORD-02856,2023-03-15,CUST-0724,Consumer,Quebec,Office Supplies,Folders,1,50.33,0.0,50.33,38.78,11.55,2023,3,Mar,2023-03,22.94853963838665
ORD-02857,2025-07-13,CUST-0371,Consumer,British Columbia,Electronics,Laptop,1,1534.15,0.0,1534.15,945.53,588.62,2025,7,Jul,2025-07,38.36782583189388
ORD-02858,2025-08-12,CUST-0563,Consumer,Quebec,Furniture,Cabinet,2,747.33,0.1,1345.19,1073.95,271.25,2025,8,Aug,2025-08,20.16443773741999
ORD-02859,2023-12-22,CUST-0688,Consumer,Manitoba,Electronics,Keyboard,2,288.04,0.05,547.28,384.55,162.73,2023,12,Dec,2023-12,29.734322467475515
ORD-02860,2024-07-14,CUST-0926,Small Business,Manitoba,Electronics,Headphones,4,182.65,0.2,584.48,398.22,186.26,2024,7,Jul,2024-07,31.867643033123453
ORD-02861,2023-02-16,CUST-0277,Consumer,British Columbia,Office Supplies,Pens,3,97.98,0.1,264.55,194.26,70.29,2023,2,Feb,2023-02,26.569646569646572
ORD-02862,2024-12-03,CUST-0375,Consumer,British Columbia,Furniture,Office Chair,4,627.09,0.1,2257.52,1746.22,511.31,2024,12,Dec,2024-12,22.649190261880296
ORD-02863,2023-04-23,CUST-0216,Corporate,British Columbia,Office Supplies,Stapler,1,30.37,0.1,27.33,17.87,9.46,2023,4,Apr,2023-04,34.613977314306624
ORD-02864,2023-06-08,CUST-0385,Consumer,Alberta,Office Supplies,Stapler,2,38.95,0.05,74.0,44.09,29.91,2023,6,Jun,2023-06,40.41891891891892
ORD-02865,2024-02-01,CUST-0975,Corporate,Manitoba,Office Supplies,Notebook,4,118.36,0.2,378.75,275.82,102.93,2024,2,Feb,2024-02,27.17623762376238
ORD-02866,2024-02-23,CUST-0916,Corporate,Quebec,Furniture,Cabinet,2,186.92,0.05,355.15,257.82,97.33,2024,2,Feb,2024-02,27.405321695058426
ORD-02867,2024-09-06,CUST-0477,Small Business,Quebec,Electronics,Keyboard,2,616.45,0.1,1109.61,639.49,470.12,2024,9,Sep,2024-09,42.368039220987555
ORD-02868,2025-02-12,CUST-0849,Corporate,Alberta,Furniture,Cabinet,4,865.49,0.05,3288.86,2381.43,907.43,2025,2,Feb,2025-02,27.591019380575638
ORD-02869,2024-10-03,CUST-0114,Corporate,British Columbia,Furniture,Office Chair,4,492.57,0.05,1871.77,1359.84,511.93,2024,10,Oct,2024-10,27.35004834995753
ORD-02870,2025-01-18,CUST-0616,Consumer,British Columbia,Electronics,Headphones,1,405.4,0.0,405.4,324.13,81.27,2025,1,Jan,2025-01,20.04686729156389
ORD-02871,2025-01-16,CUST-0595,Corporate,Quebec,Clothing,Shoes,1,85.8,0.0,85.8,48.47,37.33,2025,1,Jan,2025-01,43.50815850815851
ORD-02872,2024-05-30,CUST-0325,Consumer,Quebec,Electronics,Laptop,1,815.36,0.15,693.06,558.23,134.83,2024,5,May,2024-05,19.45430410065507
ORD-02873,2023-10-23,CUST-0263,Consumer,Alberta,Furniture,Bookshelf,5,876.55,0.05,4163.61,3396.04,767.57,2023,10,Oct,2023-10,18.4352040657026
ORD-02874,2024-05-18,CUST-0450,Small Business,Ontario,Office Supplies,Printer Paper,3,51.61,0.0,154.83,92.89,61.94,2024,5,May,2024-05,40.005166957308006
ORD-02875,2024-05-14,CUST-0609,Corporate,British Columbia,Office Supplies,Folders,4,109.6,0.05,416.48,299.72,116.76,2024,5,May,2024-05,28.034959661928543
ORD-02876,2023-12-27,CUST-0756,Consumer,Alberta,Office Supplies,Notebook,5,40.7,0.05,193.32,151.09,42.23,2023,12,Dec,2023-12,21.84460997310159
ORD-02877,2024-02-08,CUST-0404,Consumer,British Columbia,Electronics,Mouse,5,584.19,0.0,2920.95,1953.44,967.51,2024,2,Feb,2024-02,33.123127749533545
ORD-02878,2025-09-26,CUST-0281,Corporate,British Columbia,Electronics,Laptop,3,847.07,0.0,2541.21,1697.92,843.29,2025,9,Sep,2025-09,33.184585295981044
ORD-02879,2024-08-15,CUST-0436,Consumer,Manitoba,Furniture,Lamp,4,60.19,0.1,216.68,135.3,81.38,2024,8,Aug,2024-08,37.55768875761491
ORD-02880,2023-10-10,CUST-0032,Consumer,Quebec,Clothing,Shoes,5,57.8,0.0,289.0,217.07,71.93,2023,10,Oct,2023-10,24.889273356401386
ORD-02881,2023-05-06,CUST-0594,Consumer,Manitoba,Office Supplies,Pens,1,26.32,0.05,25.0,17.03,7.97,2023,5,May,2023-05,31.879999999999995
ORD-02882,2025-01-11,CUST-0699,Consumer,Alberta,Electronics,Laptop,1,71.35,0.15,60.65,35.35,25.3,2025,1,Jan,2025-01,41.71475680131905
ORD-02883,2024-04-25,CUST-0082,Corporate,British Columbia,Office Supplies,Printer Paper,5,78.67,0.1,354.02,242.52,111.49,2024,4,Apr,2024-04,31.492571041184114
ORD-02884,2024-06-24,CUST-0049,Consumer,Quebec,Office Supplies,Pens,2,22.92,0.0,45.84,36.03,9.81,2024,6,Jun,2024-06,21.40052356020942
ORD-02885,2023-05-27,CUST-0918,Corporate,British Columbia,Clothing,T-Shirt,1,136.51,0.1,122.86,81.68,41.18,2023,5,May,2023-05,33.51782516685658
ORD-02886,2025-11-14,CUST-0929,Small Business,Quebec,Clothing,Sweater,3,93.28,0.0,279.84,191.88,87.96,2025,11,Nov,2025-11,31.432246998284736
ORD-02887,2023-12-02,CUST-0450,Consumer,Manitoba,Office Supplies,Notebook,2,46.35,0.0,92.7,51.51,41.19,2023,12,Dec,2023-12,44.4336569579288
ORD-02888,2024-03-15,CUST-0518,Small Business,Manitoba,Office Supplies,Stapler,2,117.66,0.0,235.32,171.99,63.33,2024,3,Mar,2024-03,26.912289648138703
ORD-02889,2024-07-26,CUST-0283,Consumer,Manitoba,Furniture,Bookshelf,5,127.16,0.1,572.22,322.87,249.35,2024,7,Jul,2024-07,43.57589738212575
ORD-02890,2024-08-23,CUST-0731,Corporate,British Columbia,Office Supplies,Folders,3,11.17,0.0,33.51,27.02,6.49,2024,8,Aug,2024-08,19.367353028946585
ORD-02891,2024-10-22,CUST-0875,Consumer,Manitoba,Clothing,Jeans,1,41.76,0.15,35.5,21.99,13.5,2024,10,Oct,2024-10,38.028169014084504
ORD-02892,2024-05-09,CUST-0886,Consumer,Alberta,Electronics,Headphones,5,1091.13,0.15,4637.3,2796.93,1840.38,2024,5,May,2024-05,39.68645548055981
ORD-02893,2024-12-16,CUST-0427,Consumer,Alberta,Furniture,Lamp,1,174.58,0.15,148.39,109.83,38.57,2024,12,Dec,2024-12,25.992317541613318
ORD-02894,2024-07-26,CUST-0475,Small Business,Alberta,Clothing,Jeans,3,245.88,0.0,737.64,473.18,264.46,2024,7,Jul,2024-07,35.852177213817036
ORD-02895,2023-03-11,CUST-0148,Consumer,Alberta,Furniture,Lamp,4,475.71,0.0,1902.84,1277.75,625.09,2023,3,Mar,2023-03,32.85037102436358
ORD-02896,2024-09-09,CUST-0287,Small Business,Alberta,Furniture,Desk,4,875.69,0.15,2977.35,2176.84,800.51,2024,9,Sep,2024-09,26.886660956891195
ORD-02897,2024-01-14,CUST-0062,Consumer,Quebec,Electronics,Headphones,2,1131.13,0.0,2262.26,1840.32,421.94,2024,1,Jan,2024-01,18.651260244180595
ORD-02898,2024-02-16,CUST-0020,Consumer,British Columbia,Furniture,Bookshelf,3,290.93,0.0,872.79,659.78,213.01,2024,2,Feb,2024-02,24.40564167783774
ORD-02899,2024-01-22,CUST-0303,Corporate,Manitoba,Office Supplies,Folders,5,118.92,0.0,594.6,373.18,221.42,2024,1,Jan,2024-01,37.238479650185
ORD-02900,2025-06-01,CUST-0829,Small Business,British Columbia,Office Supplies,Printer Paper,5,47.93,0.05,227.67,184.52,43.14,2025,6,Jun,2025-06,18.94847806035051
ORD-02901,2025-05-12,CUST-0678,Consumer,British Columbia,Clothing,Sweater,5,186.96,0.15,794.58,551.3,243.28,2025,5,May,2025-05,30.617433109315613
ORD-02902,2025-06-17,CUST-0191,Consumer,British Columbia,Clothing,Jeans,1,248.38,0.05,235.96,135.6,100.36,2025,6,Jun,2025-06,42.532632649601624
ORD-02903,2025-04-21,CUST-0691,Small Business,British Columbia,Clothing,Sweater,4,195.96,0.0,783.84,472.71,311.13,2025,4,Apr,2025-04,39.69304960195958
ORD-02904,2024-02-21,CUST-0175,Corporate,British Columbia,Electronics,Headphones,3,515.43,0.0,1546.29,947.63,598.66,2024,2,Feb,2024-02,38.71589417250322
ORD-02905,2023-04-27,CUST-0637,Small Business,Ontario,Electronics,Mouse,3,49.64,0.1,134.03,104.56,29.47,2023,4,Apr,2023-04,21.987614713123925
ORD-02906,2025-03-06,CUST-0876,Consumer,Quebec,Office Supplies,Printer Paper,4,75.21,0.0,300.84,226.36,74.48,2025,3,Mar,2025-03,24.75734609759341
ORD-02907,2024-02-01,CUST-0168,Consumer,British Columbia,Office Supplies,Printer Paper,2,25.25,0.2,40.4,24.76,15.64,2024,2,Feb,2024-02,38.71287128712871
ORD-02908,2025-01-13,CUST-0678,Consumer,Quebec,Electronics,Monitor,4,1099.72,0.05,4178.94,3231.01,947.92,2025,1,Jan,2025-01,22.68326417704011
ORD-02909,2023-08-07,CUST-0107,Corporate,Ontario,Furniture,Desk,5,224.64,0.1,1010.88,751.26,259.62,2023,8,Aug,2023-08,25.682573599240264
ORD-02910,2024-04-18,CUST-0185,Small Business,Ontario,Clothing,T-Shirt,4,134.38,0.05,510.64,376.75,133.9,2024,4,Apr,2024-04,26.221995926680247
ORD-02911,2025-07-19,CUST-0091,Small Business,Manitoba,Clothing,T-Shirt,4,240.48,0.0,961.92,769.53,192.39,2025,7,Jul,2025-07,20.00062375249501
ORD-02912,2023-12-27,CUST-0240,Corporate,Alberta,Furniture,Lamp,4,650.67,0.0,2602.68,1878.98,723.7,2023,12,Dec,2023-12,27.80595386294128
ORD-02913,2025-09-20,CUST-0256,Consumer,British Columbia,Electronics,Headphones,3,1598.55,0.15,4076.3,2612.14,1464.17,2025,9,Sep,2025-09,35.919093295390425
ORD-02914,2024-10-23,CUST-0477,Consumer,Quebec,Electronics,Mouse,4,1665.57,0.0,6662.28,4553.78,2108.5,2024,10,Oct,2024-10,31.648324597585216
ORD-02915,2024-02-05,CUST-0363,Consumer,Ontario,Electronics,Monitor,1,570.61,0.0,570.61,343.82,226.79,2024,2,Feb,2024-02,39.745184977480235
ORD-02916,2024-04-19,CUST-0178,Consumer,Alberta,Furniture,Desk,2,694.77,0.1,1250.59,796.61,453.97,2024,4,Apr,2024-04,36.30046617996307
ORD-02917,2024-10-01,CUST-0773,Consumer,Alberta,Clothing,Shoes,2,196.28,0.15,333.68,258.39,75.29,2024,10,Oct,2024-10,22.563533924718293
ORD-02918,2025-08-29,CUST-0528,Small Business,British Columbia,Furniture,Office Chair,2,397.28,0.05,754.83,504.82,250.01,2025,8,Aug,2025-08,33.12136507557993
ORD-02919,2023-02-22,CUST-0193,Corporate,Alberta,Office Supplies,Folders,3,108.61,0.05,309.54,240.04,69.5,2023,2,Feb,2023-02,22.45267170640305
ORD-02920,2023-05-02,CUST-0029,Consumer,Alberta,Clothing,Shoes,1,73.23,0.0,73.23,59.67,13.56,2023,5,May,2023-05,18.517001229004507
ORD-02921,2024-07-20,CUST-0107,Consumer,Ontario,Furniture,Bookshelf,4,803.47,0.0,3213.88,2401.48,812.4,2024,7,Jul,2024-07,25.277857293987328
ORD-02922,2025-11-07,CUST-0700,Small Business,Quebec,Electronics,Laptop,4,1776.76,0.05,6751.69,5068.32,1683.37,2025,11,Nov,2025-11,24.932572437419374
ORD-02923,2025-07-16,CUST-0331,Consumer,Alberta,Electronics,Mouse,5,292.1,0.1,1314.45,826.37,488.08,2025,7,Jul,2025-07,37.13188025409867
ORD-02924,2024-08-19,CUST-0382,Small Business,British Columbia,Electronics,Headphones,3,1409.18,0.15,3593.41,2342.26,1251.15,2024,8,Aug,2024-08,34.81790277201878
ORD-02925,2023-05-11,CUST-0961,Consumer,Quebec,Electronics,Laptop,4,1797.15,0.05,6829.17,3890.02,2939.15,2023,5,May,2023-05,43.03817301370445
ORD-02926,2024-05-10,CUST-0436,Consumer,Alberta,Electronics,Monitor,5,782.61,0.05,3717.4,2225.04,1492.36,2024,5,May,2024-05,40.145262818098665
ORD-02927,2025-08-23,CUST-0499,Small Business,Alberta,Office Supplies,Folders,4,34.43,0.0,137.72,106.66,31.06,2025,8,Aug,2025-08,22.553006099331977
ORD-02928,2024-05-09,CUST-0019,Consumer,Ontario,Clothing,Jeans,3,215.34,0.15,549.12,411.06,138.06,2024,5,May,2024-05,25.142045454545453
ORD-02929,2025-04-15,CUST-0399,Consumer,British Columbia,Furniture,Cabinet,2,537.0,0.0,1074.0,682.85,391.15,2025,4,Apr,2025-04,36.41992551210428
ORD-02930,2025-01-07,CUST-0404,Consumer,Alberta,Clothing,Shoes,2,154.72,0.05,293.97,189.15,104.82,2025,1,Jan,2025-01,35.65669966323093
ORD-02931,2024-06-16,CUST-0315,Consumer,Manitoba,Office Supplies,Stapler,3,69.78,0.05,198.87,153.23,45.64,2024,6,Jun,2024-06,22.949665610700457
ORD-02932,2024-03-14,CUST-0740,Consumer,Ontario,Clothing,Sweater,1,23.83,0.15,20.26,15.49,4.76,2024,3,Mar,2024-03,23.494570582428427
ORD-02933,2025-12-31,CUST-0534,Corporate,British Columbia,Clothing,Sweater,1,241.08,0.15,204.92,146.49,58.42,2025,12,Dec,2025-12,28.508686316611364
ORD-02934,2024-01-02,CUST-0810,Consumer,British Columbia,Furniture,Cabinet,4,697.57,0.1,2511.25,1708.37,802.88,2024,1,Jan,2024-01,31.971329019412643
ORD-02935,2023-01-03,CUST-0934,Consumer,Quebec,Furniture,Cabinet,1,362.93,0.15,308.49,170.89,137.6,2023,1,Jan,2023-01,44.60436318843398
ORD-02936,2025-04-27,CUST-0214,Corporate,Manitoba,Electronics,Monitor,4,290.92,0.05,1105.5,900.78,204.72,2025,4,Apr,2025-04,18.51831750339213
ORD-02937,2023-11-14,CUST-0208,Consumer,Alberta,Clothing,T-Shirt,4,156.21,0.1,562.36,356.21,206.15,2023,11,Nov,2023-11,36.65801266092894
ORD-02938,2024-02-13,CUST-0077,Corporate,Alberta,Furniture,Desk,1,787.61,0.15,669.47,463.47,206.0,2024,2,Feb,2024-02,30.770609586687975
ORD-02939,2025-03-27,CUST-0836,Consumer,Alberta,Office Supplies,Pens,4,34.05,0.0,136.2,84.13,52.07,2025,3,Mar,2025-03,38.23054331864905
ORD-02940,2023-07-27,CUST-0165,Consumer,Manitoba,Electronics,Mouse,1,1004.08,0.2,803.26,634.28,168.98,2023,7,Jul,2023-07,21.036775141299206
ORD-02941,2024-09-14,CUST-0318,Consumer,Quebec,Clothing,Sweater,1,36.23,0.0,36.23,29.35,6.88,2024,9,Sep,2024-09,18.989787468948386
ORD-02942,2025-08-21,CUST-0372,Consumer,Quebec,Office Supplies,Pens,3,103.62,0.0,310.86,233.13,77.73,2025,8,Aug,2025-08,25.004825323296657
ORD-02943,2025-11-17,CUST-0801,Consumer,Quebec,Clothing,Jacket,5,121.05,0.2,484.2,320.71,163.49,2025,11,Nov,2025-11,33.764973151590254
ORD-02944,2023-07-19,CUST-0304,Small Business,Ontario,Office Supplies,Pens,5,7.45,0.05,35.39,23.43,11.95,2023,7,Jul,2023-07,33.76660073467081
ORD-02945,2024-12-01,CUST-0997,Corporate,Manitoba,Electronics,Keyboard,2,1015.59,0.05,1929.62,1559.67,369.95,2024,12,Dec,2024-12,19.172168613509395
ORD-02946,2024-07-21,CUST-0686,Consumer,Quebec,Electronics,Headphones,2,738.63,0.0,1477.26,1057.71,419.55,2024,7,Jul,2024-07,28.400552373989683
ORD-02947,2024-04-11,CUST-0688,Small Business,British Columbia,Office Supplies,Stapler,1,37.27,0.1,33.54,25.93,7.61,2024,4,Apr,2024-04,22.68932617769827
ORD-02948,2024-02-04,CUST-0077,Small Business,British Columbia,Electronics,Mouse,4,1318.21,0.0,5272.84,3816.72,1456.12,2024,2,Feb,2024-02,27.615478565630664
ORD-02949,2024-09-16,CUST-0293,Corporate,Alberta,Electronics,Mouse,5,333.23,0.2,1332.92,942.75,390.17,2024,9,Sep,2024-09,29.271824265522312
ORD-02950,2025-01-16,CUST-0759,Corporate,Alberta,Furniture,Cabinet,1,333.11,0.0,333.11,193.93,139.18,2025,1,Jan,2025-01,41.78199393593708
ORD-02951,2025-07-03,CUST-0978,Consumer,Manitoba,Office Supplies,Notebook,3,89.25,0.0,267.75,202.14,65.61,2025,7,Jul,2025-07,24.50420168067227
ORD-02952,2023-12-17,CUST-0850,Corporate,British Columbia,Electronics,Headphones,4,201.26,0.05,764.79,523.09,241.69,2023,12,Dec,2023-12,31.60213914930896
ORD-02953,2025-12-26,CUST-0420,Consumer,Alberta,Electronics,Mouse,4,856.46,0.15,2911.96,1780.01,1131.95,2025,12,Dec,2025-12,38.87244330279262
ORD-02954,2024-01-12,CUST-0115,Consumer,Alberta,Electronics,Keyboard,5,106.84,0.2,427.36,302.22,125.14,2024,1,Jan,2024-01,29.28210408086859
ORD-02955,2025-06-25,CUST-0451,Small Business,Manitoba,Electronics,Keyboard,4,1286.3,0.1,4630.68,3475.72,1154.96,2025,6,Jun,2025-06,24.94147727763525
ORD-02956,2024-03-23,CUST-0011,Corporate,Ontario,Office Supplies,Notebook,4,113.98,0.0,455.92,354.01,101.91,2024,3,Mar,2024-03,22.352605720301806
ORD-02957,2025-07-11,CUST-0997,Small Business,Manitoba,Office Supplies,Pens,2,89.19,0.0,178.38,105.25,73.13,2025,7,Jul,2025-07,40.99674851440744
ORD-02958,2025-11-22,CUST-0647,Corporate,Alberta,Electronics,Keyboard,5,1360.27,0.1,6121.22,3614.78,2506.44,2025,11,Nov,2025-11,40.94673937548397
ORD-02959,2024-03-09,CUST-0826,Corporate,Quebec,Electronics,Mouse,3,1275.25,0.0,3825.75,2118.15,1707.6,2024,3,Mar,2024-03,44.63438541462458
ORD-02960,2023-03-19,CUST-0855,Consumer,British Columbia,Furniture,Desk,2,592.67,0.05,1126.07,820.95,305.12,2023,3,Mar,2023-03,27.096006464962212
ORD-02961,2025-11-15,CUST-0217,Consumer,Manitoba,Clothing,Jeans,2,94.76,0.0,189.52,146.09,43.43,2025,11,Nov,2025-11,22.915787252005064
ORD-02962,2023-03-08,CUST-0054,Consumer,British Columbia,Furniture,Cabinet,2,802.87,0.0,1605.74,1214.57,391.17,2023,3,Mar,2023-03,24.360730877975264
ORD-02963,2024-07-08,CUST-0113,Consumer,Manitoba,Electronics,Keyboard,3,378.79,0.0,1136.37,702.58,433.79,2024,7,Jul,2024-07,38.17330622948512
ORD-02964,2023-10-17,CUST-0023,Consumer,Quebec,Electronics,Mouse,5,872.53,0.0,4362.65,3060.89,1301.76,2023,10,Oct,2023-10,29.83874479960575
ORD-02965,2023-05-31,CUST-0155,Corporate,Ontario,Furniture,Office Chair,2,281.15,0.2,449.84,343.48,106.36,2023,5,May,2023-05,23.643962297705855
ORD-02966,2025-03-12,CUST-0805,Consumer,Alberta,Electronics,Headphones,3,145.25,0.1,392.18,316.61,75.57,2025,3,Mar,2025-03,19.26921311642613
ORD-02967,2023-09-06,CUST-0824,Consumer,Ontario,Furniture,Office Chair,2,615.57,0.0,1231.14,974.65,256.49,2023,9,Sep,2023-09,20.833536397160355
ORD-02968,2023-07-17,CUST-0410,Consumer,Ontario,Electronics,Laptop,1,557.99,0.0,557.99,368.87,189.12,2023,7,Jul,2023-07,33.89308052115629
ORD-02969,2023-05-01,CUST-0430,Consumer,Alberta,Electronics,Keyboard,5,1313.96,0.0,6569.8,4015.46,2554.34,2023,5,May,2023-05,38.88002678924777
ORD-02970,2024-09-11,CUST-0076,Small Business,Manitoba,Office Supplies,Printer Paper,4,118.67,0.1,427.21,257.27,169.94,2024,9,Sep,2024-09,39.77903138971467
ORD-02971,2025-10-27,CUST-0220,Consumer,Quebec,Clothing,T-Shirt,4,63.84,0.0,255.36,186.89,68.47,2025,10,Oct,2025-10,26.81312656641604
ORD-02972,2025-08-16,CUST-0693,Consumer,Ontario,Electronics,Headphones,3,1412.85,0.05,4026.62,2583.28,1443.34,2025,8,Aug,2025-08,35.84495184546841
ORD-02973,2025-05-02,CUST-0890,Consumer,Alberta,Furniture,Lamp,2,705.56,0.05,1340.56,777.48,563.08,2025,5,May,2025-05,42.00334188697261
ORD-02974,2024-09-29,CUST-0593,Consumer,Manitoba,Clothing,Shoes,4,127.62,0.1,459.43,355.81,103.62,2024,9,Sep,2024-09,22.554034346908125
ORD-02975,2025-12-19,CUST-0763,Small Business,British Columbia,Clothing,Jeans,1,164.1,0.1,147.69,96.8,50.89,2025,12,Dec,2025-12,34.45730922879003
ORD-02976,2023-07-16,CUST-0792,Corporate,Manitoba,Furniture,Lamp,4,78.38,0.2,250.82,144.82,105.99,2023,7,Jul,2023-07,42.25739574196635
ORD-02977,2025-05-07,CUST-0666,Corporate,British Columbia,Furniture,Office Chair,3,143.44,0.0,430.32,274.53,155.79,2025,5,May,2025-05,36.20329057445622
ORD-02978,2024-02-04,CUST-0803,Consumer,Alberta,Office Supplies,Notebook,5,117.61,0.0,588.05,440.26,147.79,2024,2,Feb,2024-02,25.1322166482442
ORD-02979,2023-03-11,CUST-0734,Corporate,Alberta,Electronics,Keyboard,2,792.69,0.0,1585.38,904.66,680.72,2023,3,Mar,2023-03,42.937339943735886
ORD-02980,2024-08-21,CUST-0155,Consumer,Quebec,Office Supplies,Notebook,3,42.52,0.1,114.8,83.06,31.74,2024,8,Aug,2024-08,27.64808362369338
ORD-02981,2024-09-16,CUST-0669,Consumer,Alberta,Furniture,Office Chair,5,335.13,0.1,1508.08,1072.73,435.35,2024,9,Sep,2024-09,28.867831945254895
ORD-02982,2023-09-04,CUST-0496,Consumer,Manitoba,Electronics,Headphones,2,1603.81,0.05,3047.24,2137.15,910.09,2023,9,Sep,2023-09,29.866042714062562
ORD-02983,2024-02-02,CUST-0311,Consumer,British Columbia,Electronics,Headphones,5,787.71,0.05,3741.62,2858.2,883.42,2024,2,Feb,2024-02,23.610628551269237
ORD-02984,2024-05-21,CUST-0021,Consumer,Ontario,Electronics,Headphones,3,1582.82,0.1,4273.61,2422.16,1851.45,2024,5,May,2024-05,43.322858192488326
ORD-02985,2023-01-27,CUST-0395,Consumer,Ontario,Clothing,Jacket,3,232.45,0.05,662.48,398.99,263.49,2023,1,Jan,2023-01,39.77327617437508
ORD-02986,2025-10-11,CUST-0603,Consumer,Manitoba,Electronics,Headphones,5,960.14,0.0,4800.7,3850.89,949.81,2025,10,Oct,2025-10,19.78482304663903
ORD-02987,2025-01-28,CUST-0725,Consumer,Manitoba,Electronics,Laptop,5,1294.26,0.1,5824.17,3377.74,2446.43,2025,1,Jan,2025-01,42.00478351421747
ORD-02988,2024-04-07,CUST-0887,Consumer,Quebec,Electronics,Mouse,3,1798.48,0.0,5395.44,3361.95,2033.49,2024,4,Apr,2024-04,37.68904852986967
ORD-02989,2023-12-04,CUST-0836,Consumer,Manitoba,Office Supplies,Notebook,4,43.21,0.15,146.91,86.61,60.3,2023,12,Dec,2023-12,41.045538084541555
ORD-02990,2024-06-25,CUST-0872,Corporate,Alberta,Electronics,Laptop,3,1085.35,0.05,3093.25,1837.07,1256.18,2024,6,Jun,2024-06,40.61036127050836
ORD-02991,2023-09-13,CUST-0976,Corporate,Quebec,Furniture,Desk,5,556.98,0.1,2506.41,1636.69,869.72,2023,9,Sep,2023-09,34.69982963681122
ORD-02992,2025-12-04,CUST-0517,Corporate,Ontario,Furniture,Lamp,4,669.35,0.1,2409.66,1574.01,835.65,2025,12,Dec,2025-12,34.67916635541944
ORD-02993,2025-02-10,CUST-0941,Corporate,British Columbia,Electronics,Mouse,4,1738.81,0.0,6955.24,4940.53,2014.71,2025,2,Feb,2025-02,28.966793381680578
ORD-02994,2025-09-29,CUST-0342,Consumer,British Columbia,Office Supplies,Printer Paper,5,21.99,0.0,109.95,61.28,48.67,2025,9,Sep,2025-09,44.265575261482496
ORD-02995,2025-03-28,CUST-0407,Consumer,Quebec,Electronics,Laptop,3,1644.38,0.05,4686.48,3660.69,1025.79,2025,3,Mar,2025-03,21.888282890356944
ORD-02996,2023-07-26,CUST-0669,Corporate,Manitoba,Furniture,Office Chair,2,374.16,0.0,748.32,544.19,204.13,2023,7,Jul,2023-07,27.27843703228565
ORD-02997,2024-09-21,CUST-0696,Consumer,Quebec,Clothing,Shoes,5,127.5,0.05,605.62,449.67,155.95,2024,9,Sep,2024-09,25.750470592120468
ORD-02998,2025-01-13,CUST-0610,Corporate,Manitoba,Furniture,Cabinet,5,886.44,0.1,3988.98,2594.61,1394.37,2025,1,Jan,2025-01,34.95555254726772
ORD-02999,2025-10-15,CUST-0202,Corporate,Manitoba,Office Supplies,Pens,5,104.51,0.1,470.3,369.48,100.82,2025,10,Oct,2025-10,21.437380395492237
ORD-03000,2025-11-19,CUST-0431,Consumer,Alberta,Furniture,Desk,4,312.68,0.0,1250.72,990.95,259.77,2025,11,Nov,2025-11,20.769636689266978
ORD-03001,2023-01-28,CUST-0266,Consumer,Quebec,Clothing,Sweater,5,105.66,0.05,501.88,342.39,159.5,2023,1,Jan,2023-01,31.78050530007173
ORD-03002,2023-04-17,CUST-0101,Corporate,Ontario,Electronics,Mouse,4,1203.98,0.2,3852.74,2229.58,1623.16,2023,4,Apr,2023-04,42.13001655964327
ORD-03003,2024-07-19,CUST-0604,Consumer,Ontario,Office Supplies,Printer Paper,2,30.37,0.05,57.7,46.05,11.66,2024,7,Jul,2024-07,20.20797227036395
ORD-03004,2024-12-19,CUST-0900,Consumer,Alberta,Clothing,Sweater,5,44.12,0.0,220.6,139.06,81.54,2024,12,Dec,2024-12,36.96282864913872
ORD-03005,2023-07-31,CUST-0938,Corporate,Alberta,Office Supplies,Pens,2,82.62,0.2,132.19,81.4,50.79,2023,7,Jul,2023-07,38.421968378848625
ORD-03006,2025-10-27,CUST-0409,Consumer,Manitoba,Clothing,Sweater,3,112.88,0.05,321.71,245.62,76.08,2025,10,Oct,2025-10,23.6486276460166
ORD-03007,2024-07-24,CUST-0876,Corporate,Ontario,Electronics,Monitor,3,140.02,0.1,378.05,304.08,73.98,2024,7,Jul,2024-07,19.568840100515807
ORD-03008,2025-12-31,CUST-0416,Consumer,Alberta,Office Supplies,Notebook,4,62.41,0.2,199.71,157.57,42.14,2025,12,Dec,2025-12,21.100595864002802
ORD-03009,2023-09-06,CUST-0346,Small Business,British Columbia,Electronics,Laptop,2,521.03,0.1,937.85,635.73,302.13,2023,9,Sep,2023-09,32.215173002079226
ORD-03010,2024-10-08,CUST-0296,Corporate,Alberta,Electronics,Mouse,4,1343.63,0.15,4568.34,3188.25,1380.09,2024,10,Oct,2024-10,30.209879299701857
ORD-03011,2025-12-25,CUST-0096,Corporate,Manitoba,Office Supplies,Folders,4,90.28,0.0,361.12,202.77,158.35,2025,12,Dec,2025-12,43.849689853788206
ORD-03012,2024-06-23,CUST-0021,Consumer,Ontario,Electronics,Keyboard,5,1383.61,0.0,6918.05,5461.44,1456.61,2024,6,Jun,2024-06,21.055210644618064
ORD-03013,2024-10-25,CUST-0006,Small Business,Manitoba,Furniture,Cabinet,2,96.41,0.0,192.82,140.39,52.43,2024,10,Oct,2024-10,27.191162742454107
ORD-03014,2023-06-09,CUST-0930,Consumer,Quebec,Electronics,Laptop,4,1455.14,0.05,5529.53,3295.25,2234.28,2023,6,Jun,2023-06,40.40632748172088
ORD-03015,2024-08-24,CUST-0722,Consumer,Alberta,Office Supplies,Printer Paper,4,27.62,0.05,104.96,83.77,21.19,2024,8,Aug,2024-08,20.18864329268293
ORD-03016,2025-10-28,CUST-0883,Consumer,Quebec,Furniture,Bookshelf,3,509.8,0.2,1223.52,843.96,379.56,2025,10,Oct,2025-10,31.021969399764615
ORD-03017,2025-11-11,CUST-0330,Consumer,Alberta,Furniture,Office Chair,3,240.0,0.15,612.0,439.99,172.01,2025,11,Nov,2025-11,28.106209150326794
ORD-03018,2024-01-29,CUST-0465,Corporate,Manitoba,Furniture,Cabinet,2,530.6,0.0,1061.2,663.83,397.37,2024,1,Jan,2024-01,37.44534489257445
ORD-03019,2023-02-26,CUST-0282,Consumer,Quebec,Office Supplies,Pens,3,84.5,0.2,202.8,121.17,81.63,2023,2,Feb,2023-02,40.251479289940825
ORD-03020,2025-04-15,CUST-0226,Corporate,Ontario,Clothing,Jacket,5,170.25,0.05,808.69,563.06,245.63,2025,4,Apr,2025-04,30.373814440638565
ORD-03021,2024-03-27,CUST-0851,Consumer,Ontario,Furniture,Bookshelf,5,480.6,0.15,2042.55,1330.38,712.17,2024,3,Mar,2024-03,34.866710729235514
ORD-03022,2025-12-01,CUST-0447,Corporate,Ontario,Furniture,Lamp,3,342.18,0.15,872.56,518.63,353.93,2025,12,Dec,2025-12,40.562253598606404
ORD-03023,2024-07-03,CUST-0051,Consumer,British Columbia,Clothing,Sweater,1,235.68,0.15,200.33,155.39,44.94,2024,7,Jul,2024-07,22.432985573803222
ORD-03024,2025-07-28,CUST-0707,Consumer,Alberta,Furniture,Office Chair,3,771.97,0.05,2200.11,1637.18,562.93,2025,7,Jul,2025-07,25.586447950329756
ORD-03025,2024-12-28,CUST-0744,Consumer,Alberta,Electronics,Mouse,1,580.11,0.15,493.09,274.19,218.9,2024,12,Dec,2024-12,44.39351842462837
ORD-03026,2023-07-29,CUST-0414,Corporate,British Columbia,Furniture,Lamp,2,209.04,0.0,418.08,318.14,99.94,2023,7,Jul,2023-07,23.90451588212782
ORD-03027,2023-07-21,CUST-0198,Consumer,Quebec,Clothing,Jacket,5,244.3,0.05,1160.42,657.04,503.39,2023,7,Jul,2023-07,43.379983109563774
ORD-03028,2025-12-25,CUST-0106,Consumer,Quebec,Electronics,Mouse,5,100.78,0.1,453.51,303.54,149.97,2025,12,Dec,2025-12,33.068730568234436
ORD-03029,2023-04-25,CUST-0178,Small Business,Manitoba,Electronics,Laptop,3,1072.66,0.0,3217.98,1893.19,1324.79,2023,4,Apr,2023-04,41.16837270585895
ORD-03030,2025-05-10,CUST-0287,Corporate,Ontario,Clothing,Jacket,5,226.26,0.05,1074.73,859.73,215.0,2025,5,May,2025-05,20.005024517785863
ORD-03031,2023-08-27,CUST-0532,Consumer,Alberta,Clothing,Jeans,3,30.12,0.0,90.36,70.14,20.22,2023,8,Aug,2023-08,22.377158034528552
ORD-03032,2025-10-11,CUST-0415,Consumer,Manitoba,Furniture,Office Chair,2,631.36,0.1,1136.45,689.43,447.02,2025,10,Oct,2025-10,39.33477055743763
ORD-03033,2025-09-22,CUST-0254,Corporate,Ontario,Electronics,Keyboard,2,1305.09,0.0,2610.18,1435.77,1174.41,2025,9,Sep,2025-09,44.99344872767396
ORD-03034,2024-11-28,CUST-0525,Consumer,Ontario,Electronics,Monitor,2,1067.92,0.05,2029.05,1224.45,804.6,2024,11,Nov,2024-11,39.654025282767805
ORD-03035,2025-12-04,CUST-0285,Consumer,Quebec,Electronics,Headphones,5,817.62,0.1,3679.29,2153.15,1526.14,2025,12,Dec,2025-12,41.479198432306234
ORD-03036,2024-05-02,CUST-0167,Consumer,Quebec,Electronics,Mouse,4,457.14,0.05,1737.13,1188.87,548.26,2024,5,May,2024-05,31.56125333164472
ORD-03037,2025-05-17,CUST-0624,Corporate,British Columbia,Electronics,Laptop,1,826.13,0.15,702.21,452.62,249.59,2025,5,May,2025-05,35.5434983836744
ORD-03038,2024-09-19,CUST-0750,Corporate,British Columbia,Furniture,Cabinet,1,416.29,0.1,374.66,262.13,112.53,2024,9,Sep,2024-09,30.035231943628887
ORD-03039,2025-01-26,CUST-0665,Corporate,Ontario,Clothing,Jeans,1,128.36,0.1,115.52,83.7,31.83,2025,1,Jan,2025-01,27.553670360110804
ORD-03040,2025-04-02,CUST-0481,Consumer,Alberta,Furniture,Office Chair,2,738.14,0.15,1254.84,754.68,500.16,2025,4,Apr,2025-04,39.858468011858086
ORD-03041,2023-07-06,CUST-0496,Consumer,Alberta,Electronics,Laptop,1,715.2,0.05,679.44,520.89,158.55,2023,7,Jul,2023-07,23.33539385376192
ORD-03042,2024-12-29,CUST-0967,Consumer,Quebec,Electronics,Headphones,4,1763.23,0.15,5994.98,4064.87,1930.11,2024,12,Dec,2024-12,32.19543684883019
ORD-03043,2023-06-17,CUST-0431,Consumer,Ontario,Electronics,Keyboard,3,1517.57,0.1,4097.44,2338.87,1758.57,2023,6,Jun,2023-06,42.91874926783553
ORD-03044,2023-11-02,CUST-0553,Consumer,British Columbia,Clothing,Jeans,4,149.31,0.1,537.52,406.8,130.71,2023,11,Nov,2023-11,24.31723470754577
ORD-03045,2024-12-24,CUST-0239,Small Business,Alberta,Electronics,Laptop,4,304.16,0.05,1155.81,893.26,262.55,2024,12,Dec,2024-12,22.715671260847373
ORD-03046,2024-06-25,CUST-0291,Small Business,Quebec,Furniture,Bookshelf,5,349.33,0.15,1484.65,838.86,645.79,2024,6,Jun,2024-06,43.497794092883844
ORD-03047,2023-08-14,CUST-0661,Consumer,Quebec,Office Supplies,Folders,3,65.15,0.05,185.68,149.25,36.42,2023,8,Aug,2023-08,19.614390348987506
ORD-03048,2025-06-19,CUST-0459,Corporate,British Columbia,Office Supplies,Stapler,4,8.31,0.0,33.24,23.5,9.74,2025,6,Jun,2025-06,29.302045728038507
ORD-03049,2023-11-21,CUST-0248,Small Business,Manitoba,Furniture,Bookshelf,3,557.5,0.05,1588.88,1026.18,562.69,2023,11,Nov,2023-11,35.414254065757014
ORD-03050,2025-03-31,CUST-0344,Consumer,Alberta,Furniture,Office Chair,3,693.29,0.1,1871.88,1496.61,375.27,2025,3,Mar,2025-03,20.047759471761008
ORD-03051,2023-09-16,CUST-0508,Small Business,Ontario,Office Supplies,Folders,5,74.83,0.15,318.03,209.3,108.72,2023,9,Sep,2023-09,34.18545420243373
ORD-03052,2024-03-31,CUST-0438,Small Business,Quebec,Office Supplies,Folders,4,109.21,0.15,371.31,245.11,126.2,2024,3,Mar,2024-03,33.987773019848646
ORD-03053,2023-02-02,CUST-0359,Consumer,Quebec,Office Supplies,Stapler,1,18.35,0.05,17.43,12.74,4.69,2023,2,Feb,2023-02,26.907630522088354
ORD-03054,2025-08-16,CUST-0990,Small Business,Alberta,Electronics,Keyboard,5,1741.96,0.0,8709.8,6051.36,2658.44,2025,8,Aug,2025-08,30.52240005511034
ORD-03055,2023-01-24,CUST-0903,Consumer,British Columbia,Electronics,Mouse,3,1632.06,0.0,4896.18,3859.67,1036.51,2023,1,Jan,2023-01,21.169769085286898
ORD-03056,2025-07-14,CUST-0988,Consumer,Manitoba,Furniture,Office Chair,4,296.38,0.1,1066.97,693.21,373.76,2025,7,Jul,2025-07,35.030038332849095
ORD-03057,2023-10-12,CUST-0927,Corporate,Ontario,Office Supplies,Pens,2,88.15,0.1,158.67,88.12,70.55,2023,10,Oct,2023-10,44.46335161026029
ORD-03058,2023-05-21,CUST-0702,Small Business,Alberta,Electronics,Laptop,3,1120.49,0.0,3361.47,2245.4,1116.07,2023,5,May,2023-05,33.201843241201026
ORD-03059,2024-01-28,CUST-0342,Corporate,Quebec,Electronics,Mouse,5,930.23,0.1,4186.04,2460.06,1725.97,2024,1,Jan,2024-01,41.231569693552856
ORD-03060,2023-09-12,CUST-0034,Consumer,Ontario,Clothing,Jacket,3,84.21,0.0,252.63,174.18,78.45,2023,9,Sep,2023-09,31.053319083244276
ORD-03061,2025-09-26,CUST-0426,Consumer,Quebec,Electronics,Laptop,2,1667.85,0.15,2835.34,2055.08,780.26,2025,9,Sep,2025-09,27.519098238659208
ORD-03062,2025-08-05,CUST-0705,Small Business,Alberta,Furniture,Bookshelf,2,521.23,0.1,938.21,520.44,417.77,2025,8,Aug,2025-08,44.5284104837936
ORD-03063,2024-09-29,CUST-0921,Consumer,Alberta,Office Supplies,Notebook,1,118.77,0.1,106.89,64.38,42.51,2024,9,Sep,2024-09,39.76985686219478
ORD-03064,2025-02-19,CUST-0657,Consumer,Ontario,Office Supplies,Printer Paper,5,81.07,0.1,364.82,282.05,82.77,2025,2,Feb,2025-02,22.687900882627048
ORD-03065,2025-12-01,CUST-0721,Consumer,British Columbia,Office Supplies,Notebook,4,58.74,0.1,211.46,123.19,88.28,2025,12,Dec,2025-12,41.74784829282134
ORD-03066,2024-09-19,CUST-0148,Consumer,Ontario,Office Supplies,Pens,1,80.0,0.0,80.0,51.86,28.14,2024,9,Sep,2024-09,35.175
ORD-03067,2025-06-08,CUST-0014,Consumer,Manitoba,Clothing,Jacket,3,203.73,0.0,611.19,448.83,162.36,2025,6,Jun,2025-06,26.564570755411577
ORD-03068,2025-09-14,CUST-0709,Consumer,Alberta,Office Supplies,Notebook,3,35.71,0.15,91.06,67.22,23.84,2025,9,Sep,2025-09,26.180540303096862
ORD-03069,2024-12-05,CUST-0255,Consumer,Manitoba,Furniture,Cabinet,1,691.35,0.2,553.08,346.66,206.42,2024,12,Dec,2024-12,37.321906414985165
ORD-03070,2023-11-25,CUST-0099,Consumer,Quebec,Office Supplies,Folders,3,13.48,0.0,40.44,23.71,16.73,2023,11,Nov,2023-11,41.36993076162216
ORD-03071,2023-10-13,CUST-0438,Consumer,British Columbia,Electronics,Monitor,3,1645.94,0.0,4937.82,3487.07,1450.75,2023,10,Oct,2023-10,29.380374335232958
ORD-03072,2025-06-10,CUST-0851,Small Business,Manitoba,Office Supplies,Folders,2,41.99,0.1,75.58,47.19,28.39,2025,6,Jun,2025-06,37.56284731410426
ORD-03073,2023-04-03,CUST-0678,Consumer,Alberta,Furniture,Lamp,5,669.37,0.0,3346.85,2213.5,1133.35,2023,4,Apr,2023-04,33.86318478569401
ORD-03074,2024-04-10,CUST-0012,Corporate,Quebec,Office Supplies,Notebook,4,64.32,0.2,205.82,138.4,67.42,2024,4,Apr,2024-04,32.75677776698086
ORD-03075,2025-05-14,CUST-0871,Corporate,Alberta,Electronics,Mouse,4,608.08,0.15,2067.47,1619.82,447.65,2025,5,May,2025-05,21.652067502793273
ORD-03076,2023-12-02,CUST-0959,Consumer,Manitoba,Electronics,Monitor,4,1676.69,0.05,6371.42,5120.98,1250.45,2023,12,Dec,2023-12,19.625923263573895
ORD-03077,2023-06-22,CUST-0865,Corporate,Ontario,Clothing,Shoes,3,38.79,0.05,110.55,73.97,36.58,2023,6,Jun,2023-06,33.0890999547716
ORD-03078,2024-11-28,CUST-0918,Consumer,British Columbia,Office Supplies,Stapler,5,97.4,0.2,389.6,233.26,156.34,2024,11,Nov,2024-11,40.128336755646814
ORD-03079,2025-11-14,CUST-0656,Consumer,Manitoba,Electronics,Monitor,1,1355.63,0.0,1355.63,835.27,520.36,2025,11,Nov,2025-11,38.38510508029477
ORD-03080,2025-07-14,CUST-0101,Consumer,British Columbia,Electronics,Monitor,1,1665.43,0.2,1332.34,737.6,594.74,2025,7,Jul,2025-07,44.63875587312548
ORD-03081,2025-10-29,CUST-0001,Consumer,Alberta,Office Supplies,Pens,1,110.9,0.05,105.36,85.08,20.27,2025,10,Oct,2025-10,19.238800303720577
ORD-03082,2025-09-25,CUST-0459,Consumer,Alberta,Electronics,Monitor,1,1584.08,0.0,1584.08,934.3,649.78,2025,9,Sep,2025-09,41.01939295995152
ORD-03083,2025-07-18,CUST-0303,Consumer,Alberta,Office Supplies,Folders,2,103.24,0.0,206.48,149.28,57.2,2025,7,Jul,2025-07,27.702440914374275
ORD-03084,2025-11-03,CUST-0848,Corporate,Ontario,Furniture,Cabinet,4,817.47,0.1,2942.89,1984.24,958.65,2025,11,Nov,2025-11,32.575121734077726
ORD-03085,2023-12-20,CUST-0224,Corporate,Quebec,Electronics,Keyboard,1,712.73,0.0,712.73,568.99,143.74,2023,12,Dec,2023-12,20.167524869165042
ORD-03086,2025-11-24,CUST-0020,Consumer,British Columbia,Clothing,Jeans,4,223.44,0.0,893.76,731.03,162.73,2025,11,Nov,2025-11,18.20734872896527
ORD-03087,2025-06-27,CUST-0391,Corporate,Ontario,Clothing,Shoes,5,249.41,0.0,1247.05,734.36,512.69,2025,6,Jun,2025-06,41.112224850647536
ORD-03088,2023-09-23,CUST-0449,Consumer,Quebec,Furniture,Lamp,4,833.08,0.1,2999.09,2301.84,697.25,2023,9,Sep,2023-09,23.248718778029335
ORD-03089,2024-07-18,CUST-0944,Corporate,Ontario,Furniture,Bookshelf,4,651.62,0.2,2085.18,1392.95,692.23,2024,7,Jul,2024-07,33.1976136352737
ORD-03090,2024-02-10,CUST-0959,Consumer,British Columbia,Office Supplies,Notebook,3,76.78,0.0,230.34,134.9,95.44,2024,2,Feb,2024-02,41.43440131978814
ORD-03091,2023-01-27,CUST-0484,Small Business,Ontario,Office Supplies,Folders,4,88.45,0.15,300.73,226.25,74.48,2023,1,Jan,2023-01,24.766401755727728
ORD-03092,2025-10-14,CUST-0393,Corporate,Manitoba,Furniture,Desk,1,408.6,0.15,347.31,252.58,94.73,2025,10,Oct,2025-10,27.27534479283637
ORD-03093,2025-07-03,CUST-0145,Small Business,Ontario,Office Supplies,Folders,1,114.92,0.0,114.92,76.57,38.35,2025,7,Jul,2025-07,33.3710407239819
ORD-03094,2024-06-15,CUST-0029,Consumer,Quebec,Clothing,T-Shirt,5,24.31,0.2,97.24,73.16,24.08,2024,6,Jun,2024-06,24.76347182229535
ORD-03095,2023-09-16,CUST-0588,Consumer,Alberta,Office Supplies,Printer Paper,3,20.59,0.2,49.42,34.63,14.78,2023,9,Sep,2023-09,29.906920275192228
ORD-03096,2024-12-01,CUST-0148,Corporate,Alberta,Office Supplies,Printer Paper,1,90.99,0.15,77.34,43.14,34.2,2024,12,Dec,2024-12,44.22032583397983
ORD-03097,2025-08-17,CUST-0159,Corporate,Manitoba,Office Supplies,Folders,1,67.25,0.05,63.89,44.66,19.22,2025,8,Aug,2025-08,30.0829550790421
ORD-03098,2024-01-30,CUST-0966,Consumer,Ontario,Office Supplies,Pens,2,39.18,0.1,70.52,54.06,16.47,2024,1,Jan,2024-01,23.355076574021556
ORD-03099,2025-04-19,CUST-0014,Corporate,Quebec,Electronics,Laptop,2,1173.0,0.1,2111.4,1457.35,654.05,2025,4,Apr,2025-04,30.977076821066586
ORD-03100,2025-05-28,CUST-0056,Corporate,Manitoba,Electronics,Monitor,1,556.93,0.2,445.54,356.49,89.05,2025,5,May,2025-05,19.986982089150242
ORD-03101,2023-11-23,CUST-0577,Small Business,Alberta,Office Supplies,Notebook,1,92.75,0.05,88.11,60.66,27.45,2023,11,Nov,2023-11,31.15423901940756
ORD-03102,2023-04-05,CUST-0178,Consumer,Manitoba,Electronics,Monitor,3,1264.88,0.0,3794.64,2755.0,1039.64,2023,4,Apr,2023-04,27.397592393481336
ORD-03103,2023-09-18,CUST-0911,Consumer,Ontario,Clothing,Jeans,1,243.51,0.1,219.16,120.85,98.31,2023,9,Sep,2023-09,44.857638255156054
ORD-03104,2023-12-02,CUST-0104,Consumer,Alberta,Furniture,Lamp,5,739.05,0.0,3695.25,2043.89,1651.36,2023,12,Dec,2023-12,44.688722007983216
ORD-03105,2023-10-22,CUST-0476,Consumer,British Columbia,Furniture,Office Chair,3,300.5,0.05,856.42,612.35,244.07,2023,10,Oct,2023-10,28.49886737815558
ORD-03106,2025-12-23,CUST-0496,Consumer,Manitoba,Electronics,Mouse,2,707.95,0.0,1415.9,834.67,581.23,2025,12,Dec,2025-12,41.05021541069284
ORD-03107,2025-06-27,CUST-0399,Consumer,British Columbia,Clothing,Jacket,1,137.12,0.05,130.26,76.33,53.93,2025,6,Jun,2025-06,41.4018117610932
ORD-03108,2023-02-22,CUST-0059,Consumer,Quebec,Clothing,Jacket,4,122.37,0.1,440.53,268.22,172.32,2023,2,Feb,2023-02,39.11651873879191
ORD-03109,2025-06-29,CUST-0532,Consumer,Quebec,Electronics,Laptop,5,272.23,0.1,1225.04,880.91,344.13,2025,6,Jun,2025-06,28.0913276301182
ORD-03110,2023-01-29,CUST-0118,Corporate,Quebec,Electronics,Headphones,3,1719.8,0.15,4385.49,2588.18,1797.31,2023,1,Jan,2023-01,40.98310565067986
ORD-03111,2025-05-14,CUST-0123,Small Business,Quebec,Furniture,Bookshelf,1,102.18,0.05,97.07,67.1,29.97,2025,5,May,2025-05,30.87462655815391
ORD-03112,2023-02-09,CUST-0334,Corporate,Quebec,Office Supplies,Folders,5,115.25,0.0,576.25,436.77,139.48,2023,2,Feb,2023-02,24.204772234273317
ORD-03113,2024-05-17,CUST-0992,Consumer,Alberta,Furniture,Desk,2,498.05,0.1,896.49,647.92,248.57,2024,5,May,2024-05,27.727024283594908
ORD-03114,2025-10-06,CUST-0859,Small Business,Manitoba,Clothing,Sweater,4,55.47,0.05,210.79,151.35,59.44,2025,10,Oct,2025-10,28.198681151857297
ORD-03115,2025-06-06,CUST-0947,Consumer,Ontario,Electronics,Laptop,4,73.97,0.15,251.5,172.41,79.09,2025,6,Jun,2025-06,31.447316103379723
ORD-03116,2024-05-16,CUST-0533,Corporate,Quebec,Electronics,Laptop,1,1682.16,0.05,1598.05,1301.4,296.65,2024,5,May,2024-05,18.563248959669597
ORD-03117,2025-08-13,CUST-0750,Consumer,Alberta,Clothing,Jacket,1,172.72,0.0,172.72,124.67,48.05,2025,8,Aug,2025-08,27.819592403890685
ORD-03118,2023-04-09,CUST-0307,Corporate,British Columbia,Electronics,Keyboard,3,1730.94,0.0,5192.82,2883.13,2309.69,2023,4,Apr,2023-04,44.478529970228124
ORD-03119,2025-08-05,CUST-0629,Corporate,Alberta,Electronics,Mouse,2,1262.61,0.15,2146.44,1639.17,507.27,2025,8,Aug,2025-08,23.633085481075643
ORD-03120,2025-03-17,CUST-0880,Corporate,Ontario,Clothing,Shoes,3,63.08,0.1,170.32,110.74,59.58,2025,3,Mar,2025-03,34.98121183654298
ORD-03121,2024-07-09,CUST-0541,Consumer,Alberta,Office Supplies,Pens,5,70.5,0.0,352.5,283.13,69.37,2024,7,Jul,2024-07,19.679432624113478
ORD-03122,2025-06-05,CUST-0807,Small Business,Quebec,Furniture,Desk,2,323.11,0.0,646.22,397.47,248.75,2025,6,Jun,2025-06,38.493082851041436
ORD-03123,2023-03-31,CUST-0566,Consumer,Ontario,Electronics,Mouse,4,345.37,0.0,1381.48,855.87,525.61,2023,3,Mar,2023-03,38.04687726206677
ORD-03124,2023-11-23,CUST-0003,Consumer,Ontario,Office Supplies,Folders,3,12.27,0.05,34.97,25.93,9.04,2023,11,Nov,2023-11,25.850729196454104
ORD-03125,2024-01-13,CUST-0079,Consumer,Manitoba,Electronics,Keyboard,2,1237.46,0.05,2351.17,1377.01,974.16,2024,1,Jan,2024-01,41.43298868223055
ORD-03126,2025-03-02,CUST-0070,Consumer,Manitoba,Furniture,Office Chair,3,220.96,0.1,596.59,378.18,218.41,2025,3,Mar,2025-03,36.60973197673444
ORD-03127,2024-03-09,CUST-0295,Consumer,Ontario,Electronics,Monitor,3,692.38,0.0,2077.14,1304.67,772.47,2024,3,Mar,2024-03,37.18911580346053
ORD-03128,2025-08-24,CUST-0365,Consumer,Manitoba,Electronics,Mouse,2,653.51,0.0,1307.02,833.29,473.73,2025,8,Aug,2025-08,36.24504598246393
ORD-03129,2023-12-31,CUST-0415,Consumer,Manitoba,Office Supplies,Notebook,1,31.93,0.0,31.93,23.27,8.66,2023,12,Dec,2023-12,27.121829000939556
ORD-03130,2023-05-30,CUST-0439,Corporate,Quebec,Furniture,Bookshelf,3,815.99,0.05,2325.57,1298.14,1027.44,2023,5,May,2023-05,44.180136482668765
ORD-03131,2023-10-26,CUST-0027,Corporate,Manitoba,Clothing,Shoes,4,216.13,0.1,778.07,467.97,310.09,2023,10,Oct,2023-10,39.85374066600691
ORD-03132,2024-11-05,CUST-0323,Consumer,Manitoba,Office Supplies,Printer Paper,5,12.85,0.15,54.61,31.75,22.86,2024,11,Nov,2024-11,41.860465116279066
ORD-03133,2023-02-27,CUST-0662,Corporate,Quebec,Electronics,Monitor,2,437.05,0.1,786.69,502.02,284.67,2023,2,Feb,2023-02,36.18579109941654
ORD-03134,2025-06-21,CUST-0154,Corporate,Alberta,Clothing,Shoes,3,222.46,0.1,600.64,402.38,198.26,2025,6,Jun,2025-06,33.008124667021846
ORD-03135,2023-12-07,CUST-0099,Consumer,Ontario,Office Supplies,Stapler,1,30.59,0.0,30.59,16.92,13.67,2023,12,Dec,2023-12,44.68780647270349
ORD-03136,2023-12-10,CUST-0017,Consumer,Quebec,Furniture,Office Chair,1,204.2,0.0,204.2,154.79,49.41,2023,12,Dec,2023-12,24.19686581782566
ORD-03137,2023-06-06,CUST-0237,Consumer,Manitoba,Furniture,Office Chair,1,419.58,0.1,377.62,221.79,155.84,2023,6,Jun,2023-06,41.26900058259626
ORD-03138,2023-06-10,CUST-0183,Consumer,British Columbia,Office Supplies,Pens,4,69.07,0.05,262.47,201.86,60.61,2023,6,Jun,2023-06,23.09216291385682
ORD-03139,2024-12-11,CUST-0894,Corporate,Manitoba,Electronics,Mouse,1,1368.18,0.0,1368.18,925.19,442.99,2024,12,Dec,2024-12,32.3780496718268
ORD-03140,2024-12-20,CUST-0261,Consumer,Quebec,Office Supplies,Pens,2,100.82,0.15,171.39,100.41,70.99,2024,12,Dec,2024-12,41.42015286772857
ORD-03141,2023-09-21,CUST-0133,Small Business,Ontario,Furniture,Desk,5,713.87,0.0,3569.35,2418.9,1150.45,2023,9,Sep,2023-09,32.231358650734734
ORD-03142,2023-12-24,CUST-0800,Consumer,Manitoba,Electronics,Keyboard,5,1324.2,0.1,5958.9,4645.32,1313.58,2023,12,Dec,2023-12,22.044001409656143
ORD-03143,2023-06-15,CUST-0577,Consumer,Manitoba,Office Supplies,Pens,3,56.32,0.1,152.06,116.79,35.27,2023,6,Jun,2023-06,23.194791529659348
ORD-03144,2023-03-27,CUST-0603,Small Business,Ontario,Electronics,Mouse,3,1143.82,0.0,3431.46,2372.2,1059.26,2023,3,Mar,2023-03,30.86907613668817
ORD-03145,2024-12-06,CUST-0203,Consumer,Quebec,Electronics,Monitor,2,313.06,0.1,563.51,332.48,231.03,2024,12,Dec,2024-12,40.9983851218257
ORD-03146,2024-11-01,CUST-0285,Consumer,Quebec,Office Supplies,Printer Paper,5,72.94,0.1,328.23,186.81,141.42,2024,11,Nov,2024-11,43.085641166255364
ORD-03147,2023-03-21,CUST-0330,Consumer,Ontario,Office Supplies,Folders,2,100.05,0.0,200.1,161.82,38.28,2023,3,Mar,2023-03,19.130434782608695
ORD-03148,2024-06-04,CUST-0992,Consumer,Manitoba,Furniture,Bookshelf,2,462.94,0.0,925.88,638.94,286.94,2024,6,Jun,2024-06,30.99105715643496
ORD-03149,2025-06-14,CUST-0500,Small Business,Manitoba,Furniture,Desk,5,891.25,0.1,4010.62,2450.79,1559.83,2025,6,Jun,2025-06,38.8924904378874
ORD-03150,2024-09-12,CUST-0800,Corporate,Quebec,Office Supplies,Printer Paper,3,25.72,0.0,77.16,44.37,32.79,2024,9,Sep,2024-09,42.49611197511664
ORD-03151,2024-10-29,CUST-0046,Small Business,British Columbia,Electronics,Keyboard,2,532.25,0.05,1011.28,779.68,231.59,2024,10,Oct,2024-10,22.900680325923584
ORD-03152,2023-08-26,CUST-0772,Consumer,Alberta,Furniture,Desk,3,105.67,0.15,269.46,159.3,110.15,2023,8,Aug,2023-08,40.8780524010985
ORD-03153,2024-12-03,CUST-0087,Consumer,Quebec,Clothing,T-Shirt,4,38.3,0.1,137.88,99.04,38.84,2024,12,Dec,2024-12,28.16942268639397
ORD-03154,2024-07-19,CUST-0167,Consumer,Ontario,Furniture,Cabinet,3,220.39,0.15,561.99,424.89,137.11,2024,7,Jul,2024-07,24.397231267460278
ORD-03155,2023-11-04,CUST-0078,Small Business,Ontario,Furniture,Bookshelf,3,502.14,0.05,1431.1,859.45,571.65,2023,11,Nov,2023-11,39.94479770805674
ORD-03156,2025-07-04,CUST-0585,Corporate,Alberta,Office Supplies,Stapler,5,109.8,0.0,549.0,401.0,148.0,2025,7,Jul,2025-07,26.958105646630237
ORD-03157,2025-04-20,CUST-0040,Consumer,Manitoba,Electronics,Headphones,5,104.14,0.1,468.63,292.12,176.51,2025,4,Apr,2025-04,37.665108934553906
ORD-03158,2023-06-08,CUST-0608,Corporate,British Columbia,Electronics,Monitor,1,947.9,0.1,853.11,518.32,334.79,2023,6,Jun,2023-06,39.24347387792899
ORD-03159,2025-07-13,CUST-0798,Consumer,Alberta,Clothing,Jacket,1,128.36,0.1,115.52,78.71,36.81,2025,7,Jul,2025-07,31.864612188365655
ORD-03160,2024-07-26,CUST-0266,Consumer,Ontario,Electronics,Keyboard,2,1661.96,0.15,2825.33,1807.1,1018.23,2024,7,Jul,2024-07,36.039329918982915
ORD-03161,2023-07-26,CUST-0049,Consumer,Alberta,Office Supplies,Printer Paper,2,82.15,0.05,156.08,111.88,44.2,2023,7,Jul,2023-07,28.31881086622245
ORD-03162,2023-05-10,CUST-0517,Consumer,Alberta,Office Supplies,Printer Paper,2,71.17,0.1,128.11,98.09,30.02,2023,5,May,2023-05,23.432987276559203
ORD-03163,2025-04-18,CUST-0794,Consumer,Manitoba,Electronics,Keyboard,3,229.03,0.0,687.09,499.25,187.84,2025,4,Apr,2025-04,27.338485496805365
ORD-03164,2024-03-04,CUST-0892,Consumer,Manitoba,Furniture,Desk,3,855.25,0.05,2437.46,1483.73,953.73,2024,3,Mar,2024-03,39.12802671633585
ORD-03165,2024-07-17,CUST-0052,Small Business,Ontario,Furniture,Lamp,5,295.07,0.0,1475.35,1129.66,345.69,2024,7,Jul,2024-07,23.431050259260516
ORD-03166,2023-08-07,CUST-0247,Consumer,Alberta,Clothing,Jeans,3,245.39,0.15,625.74,385.29,240.46,2023,8,Aug,2023-08,38.42810112826414
ORD-03167,2025-11-14,CUST-0938,Small Business,Ontario,Furniture,Office Chair,1,684.19,0.05,649.98,468.58,181.41,2025,11,Nov,2025-11,27.910089541216653
ORD-03168,2024-01-22,CUST-0910,Consumer,Manitoba,Clothing,T-Shirt,2,114.26,0.05,217.09,177.65,39.44,2024,1,Jan,2024-01,18.16758026624902
ORD-03169,2023-11-01,CUST-0786,Consumer,Alberta,Electronics,Headphones,2,818.15,0.0,1636.3,1248.21,388.09,2023,11,Nov,2023-11,23.71753345963454
ORD-03170,2025-09-04,CUST-0597,Consumer,Quebec,Clothing,Jeans,4,129.76,0.0,519.04,356.11,162.93,2025,9,Sep,2025-09,31.39064426633786
ORD-03171,2025-12-13,CUST-0979,Consumer,Alberta,Electronics,Mouse,3,954.56,0.0,2863.68,2201.11,662.57,2025,12,Dec,2025-12,23.137012515364848
ORD-03172,2025-07-14,CUST-0778,Small Business,Alberta,Furniture,Lamp,4,797.14,0.0,3188.56,2034.46,1154.1,2025,7,Jul,2025-07,36.19502220438066
ORD-03173,2025-07-08,CUST-0124,Small Business,Alberta,Office Supplies,Notebook,3,37.7,0.15,96.14,76.65,19.48,2025,7,Jul,2025-07,20.262117744955273
ORD-03174,2024-03-02,CUST-0498,Consumer,Ontario,Electronics,Monitor,2,403.12,0.2,644.99,432.45,212.55,2024,3,Mar,2024-03,32.95399928681065
ORD-03175,2023-01-05,CUST-0896,Corporate,British Columbia,Office Supplies,Printer Paper,5,21.16,0.05,100.51,68.19,32.32,2023,1,Jan,2023-01,32.15600437767387
ORD-03176,2025-06-01,CUST-0533,Small Business,Alberta,Office Supplies,Pens,2,31.71,0.05,60.25,44.81,15.44,2025,6,Jun,2025-06,25.626556016597508
ORD-03177,2023-02-05,CUST-0590,Corporate,Quebec,Office Supplies,Printer Paper,2,35.85,0.1,64.53,47.08,17.45,2023,2,Feb,2023-02,27.041686037501933
ORD-03178,2024-05-31,CUST-0468,Small Business,Alberta,Furniture,Lamp,3,154.41,0.0,463.23,297.56,165.67,2024,5,May,2024-05,35.76409127215422
ORD-03179,2023-01-07,CUST-0609,Consumer,Alberta,Office Supplies,Stapler,4,42.65,0.0,170.6,94.88,75.72,2023,1,Jan,2023-01,44.38452520515826
ORD-03180,2024-05-02,CUST-0261,Consumer,Ontario,Electronics,Laptop,2,1650.53,0.0,3301.06,2673.87,627.19,2024,5,May,2024-05,18.999654656383104
ORD-03181,2024-06-22,CUST-0348,Consumer,British Columbia,Electronics,Keyboard,3,892.23,0.15,2275.19,1702.44,572.75,2024,6,Jun,2024-06,25.173721755106165
ORD-03182,2025-01-25,CUST-0020,Small Business,Manitoba,Clothing,Jeans,4,194.04,0.15,659.74,389.19,270.55,2025,1,Jan,2025-01,41.008579137235884
ORD-03183,2023-06-30,CUST-0049,Consumer,Ontario,Electronics,Monitor,4,599.64,0.0,2398.56,1782.66,615.9,2023,6,Jun,2023-06,25.677906744046425
ORD-03184,2023-10-21,CUST-0146,Consumer,British Columbia,Clothing,Sweater,2,216.08,0.05,410.55,325.51,85.05,2023,10,Oct,2023-10,20.71611253196931
ORD-03185,2024-06-14,CUST-0425,Corporate,Alberta,Furniture,Lamp,3,791.97,0.0,2375.91,1711.61,664.3,2024,6,Jun,2024-06,27.95981329259105
ORD-03186,2024-12-24,CUST-0044,Small Business,Quebec,Clothing,T-Shirt,3,88.0,0.0,264.0,163.41,100.59,2024,12,Dec,2024-12,38.10227272727273
ORD-03187,2025-12-23,CUST-0330,Consumer,Ontario,Furniture,Bookshelf,1,798.11,0.0,798.11,614.92,183.19,2025,12,Dec,2025-12,22.95297640676097
ORD-03188,2024-10-02,CUST-0767,Consumer,British Columbia,Office Supplies,Folders,2,41.78,0.0,83.56,52.96,30.6,2024,10,Oct,2024-10,36.62039253231211
ORD-03189,2025-06-13,CUST-0780,Small Business,Ontario,Furniture,Bookshelf,1,415.38,0.0,415.38,324.9,90.48,2025,6,Jun,2025-06,21.782464249602775
ORD-03190,2024-03-11,CUST-0572,Corporate,Alberta,Office Supplies,Printer Paper,2,23.63,0.0,47.26,29.64,17.62,2024,3,Mar,2024-03,37.28311468472281
ORD-03191,2025-02-12,CUST-0628,Consumer,Quebec,Clothing,Jeans,2,244.23,0.0,488.46,317.47,170.99,2025,2,Feb,2025-02,35.005937026573314
ORD-03192,2025-12-31,CUST-0249,Small Business,Manitoba,Clothing,Sweater,1,233.16,0.15,198.19,153.97,44.22,2025,12,Dec,2025-12,22.3119229022655
ORD-03193,2025-11-24,CUST-0202,Consumer,Manitoba,Furniture,Bookshelf,5,232.57,0.15,988.42,617.98,370.44,2025,11,Nov,2025-11,37.47799518423343
ORD-03194,2024-09-27,CUST-0597,Corporate,Ontario,Electronics,Mouse,5,889.59,0.15,3780.76,2436.24,1344.52,2024,9,Sep,2024-09,35.5621621049736
ORD-03195,2023-04-29,CUST-0082,Corporate,Quebec,Office Supplies,Stapler,2,98.61,0.0,197.22,142.54,54.68,2023,4,Apr,2023-04,27.72538282121489
ORD-03196,2025-11-25,CUST-0442,Consumer,Quebec,Furniture,Cabinet,2,601.74,0.0,1203.48,933.33,270.15,2025,11,Nov,2025-11,22.447402532655296
ORD-03197,2023-07-08,CUST-0870,Consumer,Alberta,Office Supplies,Folders,3,99.63,0.2,239.11,188.91,50.2,2023,7,Jul,2023-07,20.994521350006274
ORD-03198,2023-05-13,CUST-0072,Consumer,Quebec,Office Supplies,Folders,1,49.03,0.1,44.13,32.26,11.87,2023,5,May,2023-05,26.89780194878767
ORD-03199,2023-10-23,CUST-0382,Consumer,Manitoba,Office Supplies,Pens,5,107.43,0.0,537.15,353.95,183.2,2023,10,Oct,2023-10,34.10592944242763
ORD-03200,2024-03-28,CUST-0228,Corporate,Alberta,Furniture,Desk,5,53.68,0.0,268.4,191.57,76.83,2024,3,Mar,2024-03,28.62518628912072
ORD-03201,2024-12-02,CUST-0912,Consumer,Ontario,Electronics,Headphones,5,1167.63,0.2,4670.52,2699.72,1970.8,2024,12,Dec,2024-12,42.19658624735575
ORD-03202,2023-08-14,CUST-0874,Corporate,British Columbia,Office Supplies,Folders,2,62.65,0.1,112.77,68.42,44.35,2023,8,Aug,2023-08,39.327835417220896
ORD-03203,2024-09-15,CUST-0500,Corporate,Ontario,Electronics,Laptop,2,232.83,0.1,419.09,278.38,140.71,2024,9,Sep,2024-09,33.57512706101315
ORD-03204,2024-05-01,CUST-0760,Consumer,Ontario,Clothing,Sweater,1,23.74,0.2,18.99,13.8,5.19,2024,5,May,2024-05,27.330173775671412
ORD-03205,2025-04-23,CUST-0548,Corporate,Alberta,Electronics,Mouse,1,1744.86,0.0,1744.86,1408.79,336.07,2025,4,Apr,2025-04,19.260571048680124
ORD-03206,2024-11-05,CUST-0235,Consumer,Ontario,Electronics,Mouse,2,1069.17,0.0,2138.34,1438.46,699.88,2024,11,Nov,2024-11,32.73006163659661
ORD-03207,2023-08-16,CUST-0563,Consumer,Manitoba,Clothing,Jacket,3,91.02,0.15,232.1,135.93,96.17,2023,8,Aug,2023-08,41.43472641102973
ORD-03208,2023-02-19,CUST-0845,Consumer,Manitoba,Electronics,Keyboard,4,1727.74,0.1,6219.86,4636.02,1583.85,2023,2,Feb,2023-02,25.464399520246438
ORD-03209,2024-10-10,CUST-0211,Consumer,British Columbia,Electronics,Monitor,4,895.16,0.2,2864.51,2314.2,550.32,2024,10,Oct,2024-10,19.211662727656737
ORD-03210,2023-08-21,CUST-0314,Consumer,Quebec,Furniture,Cabinet,4,51.62,0.1,185.83,138.67,47.16,2023,8,Aug,2023-08,25.378033686702896
ORD-03211,2023-05-05,CUST-0821,Consumer,British Columbia,Clothing,Shoes,2,76.45,0.1,137.61,99.56,38.05,2023,5,May,2023-05,27.650606787297434
ORD-03212,2023-05-29,CUST-0983,Consumer,Ontario,Electronics,Mouse,5,1492.84,0.05,7090.99,4551.06,2539.93,2023,5,May,2023-05,35.81911693571701
ORD-03213,2023-01-26,CUST-0695,Consumer,British Columbia,Electronics,Mouse,5,722.22,0.1,3249.99,2361.28,888.71,2023,1,Jan,2023-01,27.34500721540682
ORD-03214,2025-12-04,CUST-0407,Corporate,Quebec,Clothing,Jeans,4,82.45,0.05,313.31,223.09,90.22,2025,12,Dec,2025-12,28.79576138648623
ORD-03215,2025-10-26,CUST-0425,Consumer,Ontario,Office Supplies,Folders,4,114.14,0.0,456.56,293.84,162.72,2025,10,Oct,2025-10,35.64044156299281
ORD-03216,2024-06-24,CUST-0442,Small Business,Ontario,Furniture,Lamp,4,548.53,0.05,2084.41,1637.68,446.74,2024,6,Jun,2024-06,21.43244371308908
ORD-03217,2025-01-01,CUST-0270,Consumer,Ontario,Electronics,Monitor,1,41.29,0.0,41.29,27.46,13.83,2025,1,Jan,2025-01,33.49479292806975
ORD-03218,2023-11-22,CUST-0384,Corporate,Alberta,Office Supplies,Notebook,1,103.23,0.05,98.07,58.6,39.47,2023,11,Nov,2023-11,40.2467625165698
ORD-03219,2024-01-13,CUST-0388,Consumer,British Columbia,Electronics,Monitor,5,265.48,0.0,1327.4,835.6,491.8,2024,1,Jan,2024-01,37.0498719300889
ORD-03220,2023-05-09,CUST-0372,Consumer,Manitoba,Electronics,Keyboard,1,1039.2,0.1,935.28,616.52,318.76,2023,5,May,2023-05,34.08177230348131
ORD-03221,2024-09-03,CUST-0848,Consumer,Manitoba,Furniture,Cabinet,4,637.41,0.15,2167.19,1456.15,711.04,2024,9,Sep,2024-09,32.80930605992091
ORD-03222,2024-06-08,CUST-0646,Consumer,Quebec,Electronics,Headphones,3,1530.1,0.15,3901.75,2668.0,1233.75,2024,6,Jun,2024-06,31.620426731594797
ORD-03223,2024-08-08,CUST-0929,Consumer,Quebec,Electronics,Mouse,3,549.51,0.15,1401.25,1147.36,253.89,2024,8,Aug,2024-08,18.118822479928635
ORD-03224,2023-08-24,CUST-0221,Corporate,Alberta,Clothing,Jacket,2,141.23,0.15,240.09,152.42,87.67,2023,8,Aug,2023-08,36.51547336415511
ORD-03225,2025-03-10,CUST-0598,Small Business,Alberta,Electronics,Keyboard,4,211.37,0.05,803.21,521.56,281.65,2025,3,Mar,2025-03,35.06554948270066
ORD-03226,2023-05-11,CUST-0261,Consumer,Quebec,Electronics,Mouse,5,127.35,0.15,541.24,417.98,123.25,2023,5,May,2023-05,22.77178331239376
ORD-03227,2025-11-03,CUST-0413,Corporate,Quebec,Clothing,T-Shirt,4,148.35,0.1,534.06,302.81,231.25,2025,11,Nov,2025-11,43.300378234655284
ORD-03228,2025-03-01,CUST-0769,Consumer,Manitoba,Electronics,Headphones,3,1447.9,0.2,3474.96,2695.04,779.92,2025,3,Mar,2025-03,22.44399935538826
ORD-03229,2025-01-01,CUST-0816,Consumer,British Columbia,Office Supplies,Printer Paper,4,40.87,0.0,163.48,125.36,38.12,2025,1,Jan,2025-01,23.31783704428676
ORD-03230,2024-02-10,CUST-0037,Consumer,Quebec,Electronics,Headphones,2,1478.72,0.1,2661.7,1915.51,746.19,2024,2,Feb,2024-02,28.034338956306126
ORD-03231,2024-05-14,CUST-0415,Corporate,Ontario,Electronics,Laptop,5,957.03,0.0,4785.15,3482.21,1302.94,2024,5,May,2024-05,27.228822502951843
ORD-03232,2023-06-24,CUST-0468,Consumer,Ontario,Office Supplies,Printer Paper,4,95.43,0.1,343.55,202.07,141.48,2023,6,Jun,2023-06,41.181778489302864
ORD-03233,2025-09-01,CUST-0064,Consumer,Alberta,Electronics,Keyboard,5,783.56,0.0,3917.8,2729.09,1188.71,2025,9,Sep,2025-09,30.341262953698507
ORD-03234,2025-12-09,CUST-0987,Small Business,British Columbia,Electronics,Keyboard,2,1324.98,0.05,2517.46,1926.3,591.16,2025,12,Dec,2025-12,23.482398925901503
ORD-03235,2024-11-03,CUST-0753,Small Business,Manitoba,Clothing,Shoes,1,241.61,0.0,241.61,172.3,69.31,2024,11,Nov,2024-11,28.68672654277555
ORD-03236,2025-10-05,CUST-0622,Small Business,Ontario,Electronics,Headphones,5,1358.31,0.15,5772.82,4161.06,1611.75,2025,10,Oct,2025-10,27.91963026735634
ORD-03237,2025-10-23,CUST-0303,Corporate,Quebec,Furniture,Bookshelf,3,764.12,0.15,1948.51,1113.01,835.49,2025,10,Oct,2025-10,42.87840452448281
ORD-03238,2024-10-16,CUST-0857,Consumer,Ontario,Electronics,Headphones,3,375.43,0.0,1126.29,808.67,317.62,2024,10,Oct,2024-10,28.200552255635763
ORD-03239,2024-02-19,CUST-0881,Consumer,Quebec,Office Supplies,Notebook,2,22.49,0.05,42.73,34.68,8.05,2024,2,Feb,2024-02,18.839223028317345
ORD-03240,2025-12-22,CUST-0981,Corporate,Alberta,Electronics,Headphones,3,1382.25,0.2,3317.4,2273.15,1044.25,2025,12,Dec,2025-12,31.47796467112799
ORD-03241,2023-10-23,CUST-0445,Consumer,Quebec,Electronics,Mouse,1,345.55,0.1,311.0,252.82,58.17,2023,10,Oct,2023-10,18.70418006430868
ORD-03242,2023-01-24,CUST-0918,Consumer,Alberta,Furniture,Office Chair,4,361.6,0.1,1301.76,737.07,564.69,2023,1,Jan,2023-01,43.37896386430679
ORD-03243,2024-11-16,CUST-0375,Small Business,British Columbia,Clothing,Shoes,3,220.51,0.1,595.38,416.54,178.83,2024,11,Nov,2024-11,30.036279351002726
ORD-03244,2024-07-01,CUST-0667,Consumer,Ontario,Electronics,Keyboard,1,1714.82,0.0,1714.82,1280.63,434.19,2024,7,Jul,2024-07,25.319858644055937
ORD-03245,2024-03-05,CUST-0098,Corporate,Ontario,Office Supplies,Folders,2,116.9,0.0,233.8,133.64,100.16,2024,3,Mar,2024-03,42.84003421727972
ORD-03246,2025-04-30,CUST-0683,Consumer,Alberta,Electronics,Laptop,2,673.88,0.0,1347.76,745.13,602.63,2025,4,Apr,2025-04,44.71345046595833
ORD-03247,2023-09-08,CUST-0214,Consumer,Manitoba,Electronics,Keyboard,2,176.94,0.1,318.49,246.38,72.11,2023,9,Sep,2023-09,22.64121322490502
ORD-03248,2024-09-10,CUST-0924,Consumer,Quebec,Furniture,Cabinet,2,809.56,0.2,1295.3,864.79,430.51,2024,9,Sep,2024-09,33.23631591137188
ORD-03249,2024-09-08,CUST-0278,Consumer,Manitoba,Electronics,Headphones,5,944.5,0.0,4722.5,3399.2,1323.3,2024,9,Sep,2024-09,28.021175224986766
ORD-03250,2023-08-19,CUST-0504,Consumer,British Columbia,Office Supplies,Notebook,2,29.91,0.2,47.86,31.69,16.16,2023,8,Aug,2023-08,33.76514834935228
ORD-03251,2025-01-30,CUST-0362,Corporate,Ontario,Electronics,Monitor,3,116.84,0.2,280.42,159.66,120.75,2025,1,Jan,2025-01,43.06040938592112
ORD-03252,2023-04-22,CUST-0198,Corporate,British Columbia,Office Supplies,Pens,1,96.21,0.15,81.78,61.62,20.16,2023,4,Apr,2023-04,24.651504035216433
ORD-03253,2024-11-19,CUST-0760,Corporate,British Columbia,Electronics,Mouse,3,429.94,0.0,1289.82,958.45,331.37,2024,11,Nov,2024-11,25.6911817152781
ORD-03254,2025-10-24,CUST-0415,Consumer,Ontario,Office Supplies,Folders,4,30.49,0.0,121.96,70.64,51.32,2025,10,Oct,2025-10,42.07937028533946
ORD-03255,2025-07-06,CUST-0002,Small Business,Quebec,Furniture,Office Chair,1,683.55,0.05,649.37,456.07,193.3,2025,7,Jul,2025-07,29.767312934074564
ORD-03256,2023-07-31,CUST-0333,Consumer,Manitoba,Office Supplies,Stapler,5,7.67,0.2,30.68,24.39,6.29,2023,7,Jul,2023-07,20.5019556714472
ORD-03257,2025-10-12,CUST-0007,Consumer,British Columbia,Furniture,Bookshelf,5,826.59,0.2,3306.36,2068.38,1237.98,2025,10,Oct,2025-10,37.44238376946249
ORD-03258,2023-12-26,CUST-0955,Small Business,British Columbia,Electronics,Headphones,4,424.43,0.1,1527.95,1156.79,371.16,2023,12,Dec,2023-12,24.291370790929022
ORD-03259,2023-04-25,CUST-0207,Consumer,Alberta,Electronics,Monitor,2,37.75,0.0,75.5,47.27,28.23,2023,4,Apr,2023-04,37.390728476821195
ORD-03260,2024-03-26,CUST-0317,Consumer,Ontario,Office Supplies,Stapler,5,110.3,0.0,551.5,401.81,149.69,2024,3,Mar,2024-03,27.14233907524932
ORD-03261,2025-03-22,CUST-0458,Consumer,Manitoba,Office Supplies,Folders,1,11.93,0.1,10.74,7.18,3.55,2025,3,Mar,2025-03,33.05400372439478
ORD-03262,2024-07-31,CUST-0690,Small Business,Ontario,Electronics,Mouse,1,970.07,0.15,824.56,541.6,282.96,2024,7,Jul,2024-07,34.31648394295139
ORD-03263,2024-12-16,CUST-0911,Consumer,Quebec,Office Supplies,Folders,2,19.9,0.1,35.82,24.6,11.22,2024,12,Dec,2024-12,31.32328308207705
ORD-03264,2023-05-15,CUST-0633,Consumer,British Columbia,Office Supplies,Notebook,2,87.5,0.15,148.75,95.09,53.66,2023,5,May,2023-05,36.07394957983193
ORD-03265,2025-06-09,CUST-0798,Consumer,Alberta,Electronics,Monitor,3,810.97,0.1,2189.62,1450.18,739.44,2025,6,Jun,2025-06,33.77024323855281
ORD-03266,2023-06-22,CUST-0767,Consumer,Ontario,Office Supplies,Stapler,5,106.17,0.2,424.68,346.63,78.05,2023,6,Jun,2023-06,18.378543844777244
ORD-03267,2024-07-09,CUST-0663,Consumer,Manitoba,Electronics,Monitor,3,1505.36,0.2,3612.86,2643.33,969.54,2024,7,Jul,2024-07,26.835803214074165
ORD-03268,2025-04-16,CUST-0306,Corporate,Alberta,Clothing,Shoes,3,82.52,0.0,247.56,177.19,70.37,2025,4,Apr,2025-04,28.425432218452094
ORD-03269,2023-06-23,CUST-0939,Consumer,British Columbia,Office Supplies,Folders,3,53.88,0.05,153.56,123.16,30.4,2023,6,Jun,2023-06,19.796822089085698
ORD-03270,2024-07-13,CUST-0952,Consumer,Ontario,Office Supplies,Folders,2,82.66,0.1,148.79,101.31,47.48,2024,7,Jul,2024-07,31.910746689965723
ORD-03271,2023-10-24,CUST-0173,Small Business,Ontario,Office Supplies,Printer Paper,3,72.65,0.1,196.16,137.5,58.65,2023,10,Oct,2023-10,29.899061990212072
ORD-03272,2024-01-15,CUST-0566,Consumer,Manitoba,Office Supplies,Printer Paper,4,58.36,0.1,210.1,118.6,91.49,2024,1,Jan,2024-01,43.54593050928129
ORD-03273,2024-09-11,CUST-0926,Small Business,Alberta,Clothing,Sweater,1,185.7,0.15,157.84,113.41,44.43,2024,9,Sep,2024-09,28.14875823618854
ORD-03274,2023-01-31,CUST-0759,Consumer,Ontario,Office Supplies,Folders,5,22.1,0.1,99.45,70.38,29.07,2023,1,Jan,2023-01,29.230769230769234
ORD-03275,2024-05-15,CUST-0013,Consumer,Manitoba,Electronics,Headphones,5,245.46,0.05,1165.94,662.69,503.25,2024,5,May,2024-05,43.16259841844349
ORD-03276,2024-11-29,CUST-0757,Consumer,British Columbia,Clothing,Jeans,2,101.2,0.0,202.4,132.49,69.91,2024,11,Nov,2024-11,34.540513833992094
ORD-03277,2024-08-20,CUST-0007,Corporate,Ontario,Office Supplies,Stapler,5,81.73,0.0,408.65,326.9,81.75,2024,8,Aug,2024-08,20.00489416370978
ORD-03278,2024-04-06,CUST-0867,Small Business,Quebec,Electronics,Keyboard,1,1247.28,0.1,1122.55,728.01,394.54,2024,4,Apr,2024-04,35.14676406396152
ORD-03279,2025-08-18,CUST-0874,Small Business,Alberta,Electronics,Keyboard,1,371.4,0.0,371.4,211.7,159.7,2025,8,Aug,2025-08,42.99946149703823
ORD-03280,2025-01-01,CUST-0229,Corporate,British Columbia,Furniture,Bookshelf,4,95.9,0.15,326.06,239.92,86.14,2025,1,Jan,2025-01,26.418450591915597
ORD-03281,2024-04-20,CUST-0529,Small Business,British Columbia,Furniture,Cabinet,2,605.52,0.05,1150.49,777.31,373.18,2024,4,Apr,2024-04,32.4366139644847
ORD-03282,2024-05-25,CUST-0349,Consumer,British Columbia,Furniture,Lamp,2,878.85,0.05,1669.82,1205.13,464.68,2024,5,May,2024-05,27.828149141823673
ORD-03283,2025-08-29,CUST-0626,Corporate,British Columbia,Electronics,Laptop,2,1459.51,0.0,2919.02,2199.41,719.61,2025,8,Aug,2025-08,24.65245185027852
ORD-03284,2023-11-05,CUST-0545,Consumer,Quebec,Electronics,Laptop,5,826.26,0.1,3718.17,2656.55,1061.62,2023,11,Nov,2023-11,28.552217892135108
ORD-03285,2024-05-09,CUST-0804,Small Business,British Columbia,Furniture,Office Chair,5,615.42,0.1,2769.39,2153.43,615.96,2024,5,May,2024-05,22.241721101036692
ORD-03286,2024-06-01,CUST-0090,Consumer,Manitoba,Furniture,Bookshelf,4,451.57,0.1,1625.65,1189.29,436.36,2024,6,Jun,2024-06,26.842186202442097
ORD-03287,2024-12-13,CUST-0918,Corporate,British Columbia,Furniture,Cabinet,4,229.79,0.05,873.2,686.93,186.27,2024,12,Dec,2024-12,21.331882730187814
ORD-03288,2023-05-12,CUST-0710,Consumer,British Columbia,Clothing,T-Shirt,1,93.13,0.15,79.16,48.88,30.28,2023,5,May,2023-05,38.251642243557356
ORD-03289,2023-11-15,CUST-0332,Corporate,Alberta,Clothing,T-Shirt,5,210.19,0.1,945.86,659.99,285.86,2023,11,Nov,2023-11,30.222231619901468
ORD-03290,2025-04-12,CUST-0328,Consumer,Manitoba,Furniture,Bookshelf,3,72.63,0.1,196.1,118.04,78.06,2025,4,Apr,2025-04,39.806221315655286
ORD-03291,2024-04-22,CUST-0021,Consumer,Quebec,Furniture,Desk,1,325.29,0.15,276.5,205.16,71.34,2024,4,Apr,2024-04,25.80108499095841
ORD-03292,2024-03-21,CUST-0877,Small Business,British Columbia,Clothing,Sweater,5,83.07,0.1,373.82,262.91,110.91,2024,3,Mar,2024-03,29.66935958482692
ORD-03293,2024-10-22,CUST-0817,Corporate,British Columbia,Furniture,Bookshelf,3,769.85,0.05,2194.07,1361.03,833.04,2024,10,Oct,2024-10,37.96779501109809
ORD-03294,2024-07-09,CUST-0696,Consumer,Quebec,Office Supplies,Stapler,3,118.82,0.1,320.81,261.33,59.48,2024,7,Jul,2024-07,18.54056918425236
ORD-03295,2025-11-14,CUST-0488,Consumer,Ontario,Clothing,Jeans,2,90.31,0.0,180.62,123.56,57.06,2025,11,Nov,2025-11,31.591185915181043
ORD-03296,2025-10-30,CUST-0667,Corporate,Ontario,Clothing,Shoes,4,227.24,0.05,863.51,561.34,302.17,2025,10,Oct,2025-10,34.99322532454749
ORD-03297,2025-11-15,CUST-0040,Consumer,Manitoba,Furniture,Cabinet,2,353.96,0.1,637.13,488.36,148.77,2025,11,Nov,2025-11,23.350022758306785
ORD-03298,2025-09-04,CUST-0987,Consumer,Quebec,Electronics,Laptop,4,1102.25,0.15,3747.65,2182.66,1564.99,2025,9,Sep,2025-09,41.75923578776033
ORD-03299,2024-12-27,CUST-0030,Corporate,Alberta,Electronics,Keyboard,5,1214.84,0.05,5770.49,4465.0,1305.49,2024,12,Dec,2024-12,22.6235553653156
ORD-03300,2025-10-23,CUST-0523,Consumer,Ontario,Furniture,Bookshelf,5,159.17,0.0,795.85,500.9,294.95,2025,10,Oct,2025-10,37.06100395803229
ORD-03301,2024-03-12,CUST-0642,Consumer,Quebec,Furniture,Cabinet,3,128.22,0.1,346.19,190.44,155.76,2024,3,Mar,2024-03,44.99263410266038
ORD-03302,2024-02-04,CUST-0618,Consumer,Ontario,Furniture,Desk,4,894.91,0.1,3221.68,2140.79,1080.88,2024,2,Feb,2024-02,33.55019741253011
ORD-03303,2024-12-23,CUST-0119,Consumer,Ontario,Electronics,Laptop,2,1792.38,0.0,3584.76,2059.94,1524.82,2024,12,Dec,2024-12,42.536180943773076
ORD-03304,2024-04-02,CUST-0249,Consumer,Ontario,Office Supplies,Notebook,1,10.4,0.05,9.88,7.1,2.78,2024,4,Apr,2024-04,28.13765182186234
ORD-03305,2025-06-12,CUST-0388,Corporate,Alberta,Electronics,Mouse,5,733.56,0.0,3667.8,2513.26,1154.54,2025,6,Jun,2025-06,31.477725066797536
ORD-03306,2025-05-30,CUST-0884,Small Business,Quebec,Electronics,Headphones,1,1237.59,0.1,1113.83,662.24,451.6,2025,5,May,2025-05,40.544786906439946
ORD-03307,2024-05-07,CUST-0173,Consumer,Ontario,Electronics,Laptop,1,883.38,0.1,795.04,644.7,150.34,2024,5,May,2024-05,18.90974039042061
ORD-03308,2023-07-08,CUST-0425,Consumer,Manitoba,Electronics,Monitor,4,1765.59,0.0,7062.36,5101.27,1961.09,2023,7,Jul,2023-07,27.768196466903415
ORD-03309,2024-03-13,CUST-0180,Consumer,Ontario,Office Supplies,Pens,5,50.08,0.1,225.36,131.54,93.82,2024,3,Mar,2024-03,41.63116790912317
ORD-03310,2023-06-07,CUST-0163,Consumer,Manitoba,Furniture,Desk,1,574.17,0.2,459.34,260.64,198.7,2023,6,Jun,2023-06,43.25771759480995
ORD-03311,2024-01-02,CUST-0596,Small Business,Ontario,Clothing,Jacket,4,170.29,0.0,681.16,488.99,192.17,2024,1,Jan,2024-01,28.2121674790064
ORD-03312,2025-12-09,CUST-0052,Consumer,British Columbia,Electronics,Keyboard,4,359.87,0.0,1439.48,938.85,500.63,2025,12,Dec,2025-12,34.77853113624364
ORD-03313,2025-02-10,CUST-0184,Consumer,Quebec,Office Supplies,Stapler,5,29.26,0.0,146.3,100.53,45.77,2025,2,Feb,2025-02,31.28503075871497
ORD-03314,2023-11-07,CUST-0090,Consumer,Ontario,Clothing,Shoes,5,105.08,0.0,525.4,365.87,159.53,2023,11,Nov,2023-11,30.363532546631138
ORD-03315,2023-05-29,CUST-0515,Corporate,Alberta,Office Supplies,Printer Paper,1,81.83,0.1,73.65,58.04,15.61,2023,5,May,2023-05,21.1948404616429
ORD-03316,2025-06-03,CUST-0316,Small Business,Alberta,Furniture,Desk,3,480.83,0.05,1370.37,824.27,546.1,2025,6,Jun,2025-06,39.85055131095982
ORD-03317,2024-11-17,CUST-0901,Corporate,Quebec,Clothing,Shoes,5,37.21,0.15,158.14,104.34,53.8,2024,11,Nov,2024-11,34.02048817503478
ORD-03318,2025-06-24,CUST-0645,Consumer,British Columbia,Electronics,Mouse,4,400.67,0.1,1442.41,865.6,576.81,2025,6,Jun,2025-06,39.989323423991785
ORD-03319,2025-03-06,CUST-0200,Consumer,Manitoba,Office Supplies,Pens,3,37.57,0.05,107.07,71.9,35.17,2025,3,Mar,2025-03,32.8476697487625
ORD-03320,2023-11-27,CUST-0110,Consumer,Alberta,Furniture,Lamp,5,682.95,0.1,3073.28,2419.87,653.4,2023,11,Nov,2023-11,21.260672636401498
ORD-03321,2023-07-03,CUST-0397,Small Business,Manitoba,Clothing,T-Shirt,1,168.29,0.15,143.05,104.35,38.69,2023,7,Jul,2023-07,27.046487242222994
ORD-03322,2023-03-31,CUST-0904,Corporate,British Columbia,Office Supplies,Folders,2,43.57,0.1,78.43,64.31,14.12,2023,3,Mar,2023-03,18.003315058013513
ORD-03323,2024-03-01,CUST-0028,Consumer,Quebec,Clothing,Jeans,1,93.65,0.0,93.65,70.71,22.94,2024,3,Mar,2024-03,24.49546182594768
ORD-03324,2024-06-20,CUST-0447,Consumer,Quebec,Furniture,Bookshelf,3,882.08,0.05,2513.93,1576.45,937.48,2024,6,Jun,2024-06,37.291412250937775
ORD-03325,2023-02-13,CUST-0427,Corporate,Alberta,Electronics,Headphones,1,161.09,0.1,144.98,102.14,42.84,2023,2,Feb,2023-02,29.54890329700649
ORD-03326,2025-12-14,CUST-0608,Corporate,Quebec,Furniture,Lamp,4,821.73,0.1,2958.23,2077.13,881.09,2025,12,Dec,2025-12,29.78436429892199
ORD-03327,2025-01-27,CUST-0679,Consumer,Quebec,Electronics,Mouse,5,1415.87,0.15,6017.45,3321.32,2696.13,2025,1,Jan,2025-01,44.80519156785682
ORD-03328,2025-07-07,CUST-0018,Consumer,Alberta,Furniture,Desk,5,411.45,0.0,2057.25,1644.93,412.32,2025,7,Jul,2025-07,20.042289464090413
ORD-03329,2025-06-30,CUST-0725,Consumer,British Columbia,Office Supplies,Stapler,5,78.78,0.0,393.9,288.79,105.11,2025,6,Jun,2025-06,26.68443767453669
ORD-03330,2023-12-19,CUST-0970,Consumer,Alberta,Office Supplies,Printer Paper,1,46.7,0.1,42.03,27.18,14.85,2023,12,Dec,2023-12,35.33190578158458
ORD-03331,2023-02-14,CUST-0843,Consumer,Alberta,Electronics,Mouse,2,1224.73,0.1,2204.51,1401.21,803.3,2023,2,Feb,2023-02,36.43893654372173
ORD-03332,2023-07-24,CUST-0983,Consumer,Ontario,Clothing,Sweater,2,209.55,0.0,419.1,254.79,164.31,2023,7,Jul,2023-07,39.205440229062276
ORD-03333,2025-09-23,CUST-0197,Consumer,Alberta,Electronics,Laptop,1,470.66,0.05,447.13,347.97,99.16,2025,9,Sep,2025-09,22.176995504663072
ORD-03334,2023-02-06,CUST-0090,Consumer,British Columbia,Furniture,Bookshelf,3,461.81,0.05,1316.16,783.98,532.18,2023,2,Feb,2023-02,40.43429370289326
ORD-03335,2025-07-20,CUST-0665,Corporate,Ontario,Furniture,Bookshelf,3,406.19,0.05,1157.64,901.97,255.68,2025,7,Jul,2025-07,22.08631353443212
ORD-03336,2025-12-24,CUST-0797,Consumer,Manitoba,Electronics,Mouse,1,1550.16,0.0,1550.16,1246.47,303.69,2025,12,Dec,2025-12,19.590880941322187
ORD-03337,2024-10-10,CUST-0381,Consumer,British Columbia,Office Supplies,Folders,3,102.89,0.0,308.67,225.9,82.77,2024,10,Oct,2024-10,26.815045193896392
ORD-03338,2025-02-19,CUST-0528,Corporate,British Columbia,Office Supplies,Printer Paper,1,81.59,0.1,73.43,48.96,24.47,2025,2,Feb,2025-02,33.3242543919379
ORD-03339,2024-02-29,CUST-0501,Small Business,British Columbia,Office Supplies,Stapler,5,61.87,0.05,293.88,232.68,61.2,2024,2,Feb,2024-02,20.8248264597795
ORD-03340,2023-07-18,CUST-0068,Corporate,Manitoba,Office Supplies,Pens,2,99.01,0.0,198.02,130.68,67.34,2023,7,Jul,2023-07,34.006665993334
ORD-03341,2024-04-02,CUST-0688,Small Business,Quebec,Electronics,Laptop,5,1495.3,0.1,6728.85,4183.82,2545.03,2024,4,Apr,2024-04,37.82265914680815
ORD-03342,2024-02-29,CUST-0674,Small Business,Manitoba,Electronics,Laptop,4,528.51,0.0,2114.04,1382.41,731.63,2024,2,Feb,2024-02,34.608143649126795
ORD-03343,2024-10-05,CUST-0441,Consumer,Alberta,Clothing,Shoes,4,240.03,0.15,816.1,514.17,301.94,2024,10,Oct,2024-10,36.99791692194584
ORD-03344,2025-11-09,CUST-0601,Consumer,Ontario,Furniture,Desk,5,170.0,0.05,807.5,579.5,228.0,2025,11,Nov,2025-11,28.235294117647058
ORD-03345,2025-01-06,CUST-0956,Consumer,Quebec,Electronics,Laptop,3,316.99,0.2,760.78,490.05,270.73,2025,1,Jan,2025-01,35.585846105312974
ORD-03346,2024-11-28,CUST-0430,Consumer,Manitoba,Electronics,Laptop,3,477.87,0.05,1361.93,776.41,585.52,2024,11,Nov,2024-11,42.99193056911882
ORD-03347,2025-05-09,CUST-0740,Corporate,Alberta,Clothing,T-Shirt,2,233.28,0.05,443.23,324.06,119.18,2025,5,May,2025-05,26.888974121787783
ORD-03348,2024-04-21,CUST-0021,Corporate,Alberta,Furniture,Office Chair,5,356.13,0.0,1780.65,1398.55,382.1,2024,4,Apr,2024-04,21.45845618173139
ORD-03349,2024-07-10,CUST-0290,Corporate,Manitoba,Office Supplies,Folders,4,109.51,0.0,438.04,343.98,94.06,2024,7,Jul,2024-07,21.47292484704593
ORD-03350,2024-02-18,CUST-0296,Consumer,Quebec,Clothing,Jeans,2,44.5,0.0,89.0,66.43,22.57,2024,2,Feb,2024-02,25.359550561797757
ORD-03351,2025-10-05,CUST-0882,Consumer,Manitoba,Clothing,Sweater,5,190.48,0.0,952.4,649.9,302.5,2025,10,Oct,2025-10,31.761864762704743
ORD-03352,2025-05-09,CUST-0413,Corporate,Alberta,Furniture,Cabinet,2,68.47,0.15,116.4,87.69,28.71,2025,5,May,2025-05,24.664948453608247
ORD-03353,2023-01-24,CUST-0622,Consumer,British Columbia,Electronics,Monitor,1,536.75,0.0,536.75,303.15,233.6,2023,1,Jan,2023-01,43.52119236143456
ORD-03354,2024-01-11,CUST-0862,Corporate,British Columbia,Electronics,Monitor,3,1196.35,0.0,3589.05,2166.64,1422.41,2024,1,Jan,2024-01,39.631936027639625
ORD-03355,2025-09-01,CUST-0349,Consumer,Quebec,Electronics,Keyboard,2,1073.9,0.0,2147.8,1618.36,529.44,2025,9,Sep,2025-09,24.65033988267064
ORD-03356,2024-06-25,CUST-0473,Corporate,Alberta,Office Supplies,Notebook,1,78.9,0.0,78.9,55.81,23.09,2024,6,Jun,2024-06,29.26489226869455
ORD-03357,2023-04-04,CUST-0987,Consumer,Ontario,Office Supplies,Printer Paper,1,17.2,0.05,16.34,13.35,2.99,2023,4,Apr,2023-04,18.298653610771115
ORD-03358,2023-03-18,CUST-0777,Corporate,Alberta,Electronics,Laptop,1,280.11,0.1,252.1,184.77,67.33,2023,3,Mar,2023-03,26.70765569218564
ORD-03359,2024-03-24,CUST-0449,Corporate,British Columbia,Office Supplies,Notebook,3,24.38,0.1,65.83,46.27,19.55,2024,3,Mar,2024-03,29.697706212972815
ORD-03360,2023-01-16,CUST-0634,Corporate,Quebec,Electronics,Monitor,4,119.09,0.0,476.36,306.29,170.07,2023,1,Jan,2023-01,35.70199009152741
ORD-03361,2024-03-21,CUST-0008,Consumer,Quebec,Clothing,Shoes,4,68.21,0.05,259.2,198.81,60.38,2024,3,Mar,2024-03,23.294753086419757
ORD-03362,2025-12-10,CUST-0437,Corporate,Manitoba,Clothing,Jeans,2,121.72,0.0,243.44,161.15,82.29,2025,12,Dec,2025-12,33.802990469931
ORD-03363,2023-03-19,CUST-0293,Corporate,Ontario,Office Supplies,Notebook,5,50.83,0.0,254.15,157.92,96.23,2023,3,Mar,2023-03,37.86346645681684
ORD-03364,2025-12-01,CUST-0072,Consumer,Alberta,Clothing,Jeans,4,128.84,0.0,515.36,293.86,221.5,2025,12,Dec,2025-12,42.9796647004036
ORD-03365,2024-01-18,CUST-0824,Consumer,Quebec,Clothing,Shoes,2,195.0,0.1,351.0,284.71,66.29,2024,1,Jan,2024-01,18.88603988603989
ORD-03366,2024-11-02,CUST-0585,Corporate,British Columbia,Electronics,Laptop,4,1130.36,0.0,4521.44,3045.79,1475.65,2024,11,Nov,2024-11,32.636726352666415
ORD-03367,2023-01-25,CUST-0808,Corporate,Ontario,Electronics,Keyboard,2,549.93,0.15,934.88,643.9,290.98,2023,1,Jan,2023-01,31.124850248160197
ORD-03368,2025-01-28,CUST-0753,Consumer,Manitoba,Furniture,Cabinet,1,516.1,0.0,516.1,402.58,113.52,2025,1,Jan,2025-01,21.995737260220885
ORD-03369,2023-08-24,CUST-0218,Small Business,Ontario,Electronics,Keyboard,3,766.34,0.0,2299.02,1445.04,853.98,2023,8,Aug,2023-08,37.14539238458126
ORD-03370,2023-12-15,CUST-0093,Consumer,Alberta,Furniture,Cabinet,1,660.56,0.1,594.5,371.91,222.59,2023,12,Dec,2023-12,37.44154751892347
ORD-03371,2025-04-02,CUST-0830,Consumer,Ontario,Clothing,Sweater,1,86.46,0.0,86.46,56.85,29.61,2025,4,Apr,2025-04,34.2470506592644
ORD-03372,2023-04-02,CUST-0575,Consumer,Quebec,Electronics,Keyboard,4,1236.96,0.05,4700.45,2924.28,1776.17,2023,4,Apr,2023-04,37.78723313725282
ORD-03373,2025-06-09,CUST-0115,Consumer,Quebec,Office Supplies,Stapler,1,35.25,0.0,35.25,21.54,13.71,2025,6,Jun,2025-06,38.8936170212766
ORD-03374,2025-12-05,CUST-0829,Consumer,Alberta,Clothing,Jacket,5,181.8,0.0,909.0,578.72,330.28,2025,12,Dec,2025-12,36.33443344334433
ORD-03375,2025-07-13,CUST-0752,Consumer,Ontario,Electronics,Laptop,1,486.68,0.1,438.01,256.47,181.54,2025,7,Jul,2025-07,41.44654231638547
ORD-03376,2023-10-15,CUST-0503,Small Business,Ontario,Clothing,Jeans,2,95.0,0.15,161.5,126.89,34.61,2023,10,Oct,2023-10,21.43034055727554
ORD-03377,2024-07-20,CUST-0736,Small Business,Manitoba,Clothing,Jeans,2,88.2,0.05,167.58,128.23,39.35,2024,7,Jul,2024-07,23.481322353502804
ORD-03378,2025-01-11,CUST-0212,Small Business,Quebec,Furniture,Cabinet,1,554.91,0.15,471.67,290.36,181.31,2025,1,Jan,2025-01,38.44001102465707
ORD-03379,2024-12-19,CUST-0238,Corporate,Alberta,Office Supplies,Pens,3,34.82,0.0,104.46,74.44,30.02,2024,12,Dec,2024-12,28.738273023166766
ORD-03380,2025-09-19,CUST-0993,Consumer,British Columbia,Clothing,Jacket,5,169.14,0.05,803.41,541.49,261.93,2025,9,Sep,2025-09,32.60228276969418
ORD-03381,2023-05-25,CUST-0115,Consumer,Quebec,Furniture,Bookshelf,2,807.58,0.1,1453.64,804.38,649.26,2023,5,May,2023-05,44.66442860680773
ORD-03382,2025-01-12,CUST-0389,Corporate,Quebec,Furniture,Lamp,3,485.58,0.2,1165.39,919.47,245.92,2025,1,Jan,2025-01,21.10194870386737
ORD-03383,2024-06-19,CUST-0197,Consumer,British Columbia,Furniture,Office Chair,5,821.36,0.0,4106.8,2654.69,1452.11,2024,6,Jun,2024-06,35.35867341969416
ORD-03384,2025-03-07,CUST-0347,Consumer,Manitoba,Clothing,Jeans,3,206.2,0.0,618.6,492.34,126.26,2025,3,Mar,2025-03,20.410604591011964
ORD-03385,2025-01-11,CUST-0078,Consumer,Alberta,Electronics,Headphones,5,573.98,0.0,2869.9,2238.21,631.69,2025,1,Jan,2025-01,22.010871458935853
ORD-03386,2025-05-22,CUST-0187,Consumer,Ontario,Office Supplies,Notebook,5,119.67,0.0,598.35,438.98,159.37,2025,5,May,2025-05,26.63491267652712
ORD-03387,2024-12-09,CUST-0031,Consumer,Ontario,Clothing,Sweater,3,137.76,0.1,371.95,266.29,105.66,2024,12,Dec,2024-12,28.40704395752117
ORD-03388,2024-12-23,CUST-0383,Corporate,Ontario,Electronics,Mouse,3,698.1,0.0,2094.3,1378.62,715.68,2024,12,Dec,2024-12,34.17275461968199
ORD-03389,2023-02-21,CUST-0227,Consumer,British Columbia,Clothing,Sweater,4,59.57,0.1,214.45,165.75,48.7,2023,2,Feb,2023-02,22.709256236885057
ORD-03390,2024-09-05,CUST-0415,Consumer,Quebec,Office Supplies,Notebook,2,114.24,0.05,217.06,167.44,49.62,2024,9,Sep,2024-09,22.860038698977238
ORD-03391,2025-04-27,CUST-0898,Corporate,Manitoba,Electronics,Keyboard,1,1242.66,0.1,1118.39,693.98,424.41,2025,4,Apr,2025-04,37.94830068223071
ORD-03392,2023-11-22,CUST-0057,Consumer,British Columbia,Furniture,Bookshelf,5,126.89,0.1,571.01,466.05,104.96,2023,11,Nov,2023-11,18.381464422689618
ORD-03393,2023-01-24,CUST-0810,Corporate,Alberta,Clothing,T-Shirt,2,126.92,0.15,215.76,163.38,52.38,2023,1,Jan,2023-01,24.2769744160178
ORD-03394,2023-07-22,CUST-0377,Consumer,Ontario,Electronics,Headphones,5,1062.28,0.0,5311.4,3825.76,1485.64,2023,7,Jul,2023-07,27.97077983205935
ORD-03395,2023-06-07,CUST-0071,Corporate,British Columbia,Electronics,Monitor,4,1140.72,0.1,4106.59,3147.8,958.79,2023,6,Jun,2023-06,23.347594963217656
ORD-03396,2023-07-26,CUST-0883,Consumer,Quebec,Office Supplies,Stapler,3,20.8,0.1,56.16,45.69,10.47,2023,7,Jul,2023-07,18.643162393162395
ORD-03397,2024-09-22,CUST-0313,Consumer,Ontario,Office Supplies,Notebook,2,58.73,0.0,117.46,74.24,43.22,2024,9,Sep,2024-09,36.79550485271582
ORD-03398,2023-11-24,CUST-0292,Consumer,Quebec,Clothing,Sweater,5,194.7,0.2,778.8,602.98,175.82,2023,11,Nov,2023-11,22.575757575757578
ORD-03399,2024-09-30,CUST-0744,Corporate,Alberta,Clothing,T-Shirt,5,218.24,0.1,982.08,785.25,196.83,2024,9,Sep,2024-09,20.042155425219942
ORD-03400,2023-06-19,CUST-0251,Small Business,Alberta,Electronics,Headphones,3,238.53,0.0,715.59,539.27,176.32,2023,6,Jun,2023-06,24.639807711119495
ORD-03401,2025-11-08,CUST-0058,Consumer,Ontario,Furniture,Bookshelf,5,561.63,0.1,2527.34,1446.16,1081.18,2025,11,Nov,2025-11,42.77936486582731
ORD-03402,2024-07-21,CUST-0388,Consumer,British Columbia,Electronics,Mouse,2,970.39,0.0,1940.78,1240.18,700.6,2024,7,Jul,2024-07,36.09888807592824
ORD-03403,2024-05-31,CUST-0614,Small Business,Manitoba,Office Supplies,Pens,5,40.58,0.1,182.61,144.32,38.29,2024,5,May,2024-05,20.968183560593612
ORD-03404,2024-05-31,CUST-0152,Consumer,Ontario,Electronics,Monitor,2,122.64,0.2,196.22,155.81,40.41,2024,5,May,2024-05,20.594230965243092
ORD-03405,2023-04-08,CUST-0820,Corporate,Alberta,Furniture,Lamp,1,406.04,0.15,345.13,269.42,75.71,2023,4,Apr,2023-04,21.93666154782256
ORD-03406,2024-03-16,CUST-0498,Consumer,Ontario,Electronics,Keyboard,2,1063.36,0.0,2126.72,1198.45,928.27,2024,3,Mar,2024-03,43.647964941318094
ORD-03407,2023-06-24,CUST-0864,Small Business,British Columbia,Electronics,Headphones,3,50.55,0.2,121.32,71.79,49.53,2023,6,Jun,2023-06,40.825914935707225
ORD-03408,2025-02-11,CUST-0141,Consumer,Alberta,Clothing,Sweater,2,115.39,0.15,196.16,157.75,38.42,2025,2,Feb,2025-02,19.586052202283852
ORD-03409,2024-07-14,CUST-0707,Consumer,Alberta,Furniture,Bookshelf,1,622.76,0.15,529.35,325.67,203.67,2024,7,Jul,2024-07,38.47548880702748
ORD-03410,2025-07-03,CUST-0620,Corporate,Manitoba,Office Supplies,Notebook,4,82.85,0.1,298.26,193.26,105.0,2025,7,Jul,2025-07,35.2041842687588
ORD-03411,2023-03-19,CUST-0701,Consumer,Quebec,Office Supplies,Folders,2,57.16,0.1,102.89,81.49,21.4,2023,3,Mar,2023-03,20.798911458839537
ORD-03412,2025-06-06,CUST-0189,Consumer,Quebec,Electronics,Headphones,1,1151.7,0.0,1151.7,785.06,366.64,2025,6,Jun,2025-06,31.83467916992272
ORD-03413,2025-04-15,CUST-0670,Corporate,Quebec,Furniture,Office Chair,1,83.31,0.15,70.81,39.22,31.6,2025,4,Apr,2025-04,44.62646518853269
ORD-03414,2025-06-19,CUST-0881,Consumer,Quebec,Office Supplies,Pens,3,42.65,0.05,121.55,77.48,44.07,2025,6,Jun,2025-06,36.25668449197861
ORD-03415,2023-11-02,CUST-0152,Consumer,Alberta,Electronics,Laptop,2,138.54,0.05,263.23,148.45,114.77,2023,11,Nov,2023-11,43.60065342096265
ORD-03416,2025-03-05,CUST-0707,Consumer,British Columbia,Clothing,Shoes,1,139.56,0.2,111.65,91.03,20.62,2025,3,Mar,2025-03,18.468428123600535
ORD-03417,2024-12-20,CUST-0791,Small Business,British Columbia,Furniture,Office Chair,2,246.11,0.15,418.39,298.93,119.46,2024,12,Dec,2024-12,28.5523076555367
ORD-03418,2023-09-23,CUST-0438,Consumer,Alberta,Clothing,Shoes,2,211.44,0.1,380.59,253.82,126.77,2023,9,Sep,2023-09,33.30881000551775
ORD-03419,2023-07-23,CUST-0755,Small Business,Alberta,Furniture,Bookshelf,3,283.05,0.05,806.69,466.73,339.96,2023,7,Jul,2023-07,42.142582652567896
ORD-03420,2025-06-19,CUST-0569,Consumer,Manitoba,Electronics,Headphones,2,1280.49,0.0,2560.98,1715.22,845.76,2025,6,Jun,2025-06,33.024857671672564
ORD-03421,2024-12-24,CUST-0100,Small Business,British Columbia,Clothing,Shoes,1,197.62,0.05,187.74,123.45,64.29,2024,12,Dec,2024-12,34.244167465643976
ORD-03422,2023-05-20,CUST-0469,Consumer,Ontario,Electronics,Keyboard,5,1499.95,0.0,7499.75,4762.17,2737.58,2023,5,May,2023-05,36.50228340944698
ORD-03423,2023-06-10,CUST-0995,Consumer,Ontario,Clothing,Jacket,1,139.43,0.2,111.54,69.79,41.76,2023,6,Jun,2023-06,37.43948359332974
ORD-03424,2023-03-31,CUST-0006,Consumer,Ontario,Electronics,Laptop,4,112.1,0.1,403.56,324.04,79.52,2023,3,Mar,2023-03,19.704628803647537
ORD-03425,2023-05-01,CUST-0409,Small Business,Ontario,Office Supplies,Folders,2,79.0,0.15,134.3,85.08,49.22,2023,5,May,2023-05,36.64929262844378
ORD-03426,2025-04-06,CUST-0448,Consumer,Manitoba,Furniture,Office Chair,3,117.74,0.2,282.58,173.07,109.51,2025,4,Apr,2025-04,38.753627291386515
ORD-03427,2025-04-24,CUST-0614,Consumer,Manitoba,Office Supplies,Stapler,2,92.39,0.0,184.78,119.36,65.42,2025,4,Apr,2025-04,35.40426453079338
ORD-03428,2024-03-27,CUST-0074,Consumer,Manitoba,Office Supplies,Notebook,5,94.54,0.1,425.43,255.38,170.05,2024,3,Mar,2024-03,39.97132313189009
ORD-03429,2025-12-16,CUST-0877,Corporate,Manitoba,Electronics,Laptop,4,132.99,0.0,531.96,420.85,111.11,2025,12,Dec,2025-12,20.886908790134594
ORD-03430,2025-01-30,CUST-0557,Corporate,Ontario,Clothing,T-Shirt,1,219.54,0.05,208.56,161.93,46.64,2025,1,Jan,2025-01,22.362869198312236
ORD-03431,2023-05-18,CUST-0372,Consumer,Ontario,Furniture,Lamp,5,862.24,0.0,4311.2,2479.27,1831.93,2023,5,May,2023-05,42.4923455186491
ORD-03432,2024-07-02,CUST-0768,Corporate,Ontario,Clothing,T-Shirt,2,243.3,0.1,437.94,346.95,90.99,2024,7,Jul,2024-07,20.77681874229346
ORD-03433,2024-12-27,CUST-0718,Corporate,Quebec,Clothing,Jacket,3,20.37,0.1,55.0,43.94,11.06,2024,12,Dec,2024-12,20.10909090909091
ORD-03434,2025-12-27,CUST-0269,Consumer,Alberta,Electronics,Keyboard,2,438.86,0.0,877.72,624.99,252.73,2025,12,Dec,2025-12,28.79392061249601
ORD-03435,2025-05-27,CUST-0497,Consumer,British Columbia,Office Supplies,Stapler,1,114.52,0.1,103.07,79.41,23.66,2025,5,May,2025-05,22.955273115358494
ORD-03436,2023-12-02,CUST-0917,Corporate,Ontario,Clothing,Sweater,2,241.49,0.05,458.83,291.88,166.95,2023,12,Dec,2023-12,36.386025325283875
ORD-03437,2023-06-20,CUST-0581,Corporate,Alberta,Clothing,Jacket,3,248.32,0.15,633.22,404.68,228.54,2023,6,Jun,2023-06,36.09172167651053
ORD-03438,2023-01-27,CUST-0776,Consumer,British Columbia,Furniture,Cabinet,4,232.19,0.15,789.45,596.0,193.45,2023,1,Jan,2023-01,24.504401798720625
ORD-03439,2023-06-09,CUST-0086,Consumer,Quebec,Office Supplies,Pens,2,87.25,0.2,139.6,93.34,46.26,2023,6,Jun,2023-06,33.137535816618914
ORD-03440,2025-12-18,CUST-0533,Corporate,Ontario,Clothing,Jeans,2,152.74,0.05,290.21,164.08,126.12,2025,12,Dec,2025-12,43.45818545191413
ORD-03441,2024-08-18,CUST-0783,Consumer,Quebec,Electronics,Laptop,3,886.22,0.05,2525.73,1607.44,918.29,2024,8,Aug,2024-08,36.35740954100399
ORD-03442,2025-11-05,CUST-0134,Corporate,Manitoba,Office Supplies,Notebook,4,24.23,0.2,77.54,55.07,22.47,2025,11,Nov,2025-11,28.97859169460923
ORD-03443,2024-12-10,CUST-0791,Consumer,Alberta,Office Supplies,Printer Paper,2,91.9,0.2,147.04,86.1,60.94,2024,12,Dec,2024-12,41.444504896626775
ORD-03444,2025-01-12,CUST-0109,Consumer,Manitoba,Clothing,Sweater,1,80.21,0.2,64.17,48.73,15.44,2025,1,Jan,2025-01,24.061087735702042
ORD-03445,2023-04-23,CUST-0385,Consumer,British Columbia,Electronics,Monitor,4,1123.2,0.05,4268.16,2591.67,1676.49,2023,4,Apr,2023-04,39.27898672964463
ORD-03446,2025-01-11,CUST-0089,Corporate,Alberta,Office Supplies,Pens,5,113.85,0.05,540.79,390.88,149.91,2025,1,Jan,2025-01,27.720556962961595
ORD-03447,2025-09-05,CUST-0093,Small Business,Manitoba,Furniture,Desk,2,85.39,0.1,153.7,91.5,62.2,2025,9,Sep,2025-09,40.46844502277164
ORD-03448,2024-01-13,CUST-0719,Consumer,Quebec,Furniture,Desk,4,462.35,0.0,1849.4,1477.68,371.72,2024,1,Jan,2024-01,20.09949172704661
ORD-03449,2023-09-07,CUST-0322,Small Business,Alberta,Furniture,Cabinet,1,627.4,0.0,627.4,499.5,127.9,2023,9,Sep,2023-09,20.385718839655723
ORD-03450,2023-01-17,CUST-0831,Consumer,Quebec,Clothing,T-Shirt,3,191.93,0.1,518.21,394.55,123.66,2023,1,Jan,2023-01,23.86291271878196
ORD-03451,2024-03-02,CUST-0452,Consumer,Alberta,Clothing,Sweater,1,205.63,0.1,185.07,127.73,57.33,2024,3,Mar,2024-03,30.977467985086726
ORD-03452,2023-05-25,CUST-0199,Consumer,Alberta,Office Supplies,Notebook,3,88.54,0.2,212.5,143.38,69.11,2023,5,May,2023-05,32.52235294117647
ORD-03453,2023-04-18,CUST-0457,Corporate,British Columbia,Furniture,Desk,3,701.61,0.1,1894.35,1498.54,395.8,2023,4,Apr,2023-04,20.893710243619186
ORD-03454,2023-02-05,CUST-0162,Consumer,British Columbia,Office Supplies,Stapler,1,105.6,0.0,105.6,81.42,24.18,2023,2,Feb,2023-02,22.897727272727273
ORD-03455,2024-08-01,CUST-0198,Consumer,Manitoba,Clothing,Jeans,4,220.17,0.05,836.65,666.56,170.09,2024,8,Aug,2024-08,20.329887049542823
ORD-03456,2023-08-04,CUST-0615,Consumer,Quebec,Office Supplies,Notebook,4,81.47,0.1,293.29,216.86,76.43,2023,8,Aug,2023-08,26.059531521702073
ORD-03457,2025-08-17,CUST-0554,Consumer,Ontario,Electronics,Keyboard,1,1200.18,0.0,1200.18,666.71,533.47,2025,8,Aug,2025-08,44.449165958439565
ORD-03458,2025-01-17,CUST-0018,Small Business,Manitoba,Clothing,Shoes,4,143.94,0.05,546.97,390.03,156.95,2025,1,Jan,2025-01,28.694443936596155
ORD-03459,2024-02-05,CUST-0631,Corporate,Ontario,Office Supplies,Stapler,4,116.49,0.1,419.36,293.01,126.36,2024,2,Feb,2024-02,30.1316291491797
ORD-03460,2025-12-15,CUST-0586,Consumer,Quebec,Office Supplies,Notebook,4,9.57,0.15,32.54,24.72,7.81,2025,12,Dec,2025-12,24.00122925629994
ORD-03461,2024-05-23,CUST-0139,Consumer,Ontario,Furniture,Office Chair,2,537.03,0.05,1020.36,616.98,403.37,2024,5,May,2024-05,39.532125916343254
ORD-03462,2025-05-24,CUST-0496,Consumer,Ontario,Office Supplies,Pens,3,26.44,0.15,67.42,49.47,17.95,2025,5,May,2025-05,26.624147137347965
ORD-03463,2024-05-02,CUST-0402,Consumer,Manitoba,Furniture,Lamp,4,258.09,0.1,929.12,594.51,334.61,2024,5,May,2024-05,36.01364732219735
ORD-03464,2023-04-27,CUST-0319,Consumer,British Columbia,Clothing,Shoes,2,117.91,0.15,200.45,114.14,86.31,2023,4,Apr,2023-04,43.05811923172861
ORD-03465,2024-08-28,CUST-0752,Consumer,British Columbia,Office Supplies,Printer Paper,4,112.63,0.0,450.52,338.84,111.68,2024,8,Aug,2024-08,24.78913255793306
ORD-03466,2025-09-20,CUST-0993,Corporate,Manitoba,Office Supplies,Notebook,2,118.76,0.0,237.52,134.89,102.63,2025,9,Sep,2025-09,43.208992926911414
ORD-03467,2025-08-30,CUST-0235,Corporate,Manitoba,Office Supplies,Stapler,1,113.04,0.0,113.04,85.58,27.46,2025,8,Aug,2025-08,24.292285916489735
ORD-03468,2024-09-26,CUST-0330,Consumer,Alberta,Clothing,Sweater,2,174.71,0.0,349.42,229.29,120.13,2024,9,Sep,2024-09,34.37982943162955
ORD-03469,2023-07-01,CUST-0034,Consumer,Alberta,Electronics,Keyboard,4,1401.22,0.1,5044.39,3005.12,2039.27,2023,7,Jul,2023-07,40.42649358990879
ORD-03470,2023-01-05,CUST-0402,Corporate,Quebec,Electronics,Keyboard,3,913.93,0.2,2193.43,1738.38,455.05,2023,1,Jan,2023-01,20.74604614690234
ORD-03471,2025-06-27,CUST-0228,Consumer,Manitoba,Electronics,Mouse,3,1138.42,0.0,3415.26,2508.93,906.33,2025,6,Jun,2025-06,26.537657455069308
ORD-03472,2024-10-05,CUST-0192,Small Business,British Columbia,Office Supplies,Pens,4,58.67,0.05,222.95,160.46,62.48,2024,10,Oct,2024-10,28.024220677281903
ORD-03473,2025-12-04,CUST-0002,Consumer,Quebec,Furniture,Bookshelf,2,862.2,0.0,1724.4,1268.43,455.97,2025,12,Dec,2025-12,26.442240779401534
ORD-03474,2025-08-08,CUST-0459,Corporate,British Columbia,Electronics,Keyboard,2,62.1,0.15,105.57,73.04,32.53,2025,8,Aug,2025-08,30.81367812825614
ORD-03475,2024-11-15,CUST-0737,Small Business,British Columbia,Office Supplies,Notebook,4,36.97,0.2,118.3,68.37,49.94,2024,11,Nov,2024-11,42.21470836855452
ORD-03476,2025-12-19,CUST-0682,Small Business,Alberta,Electronics,Laptop,1,1329.0,0.0,1329.0,1055.13,273.87,2025,12,Dec,2025-12,20.60722347629797
ORD-03477,2025-09-19,CUST-0869,Corporate,Ontario,Furniture,Office Chair,2,189.01,0.1,340.22,228.0,112.22,2025,9,Sep,2025-09,32.98453941567221
ORD-03478,2025-02-01,CUST-0921,Corporate,Alberta,Furniture,Desk,4,366.6,0.0,1466.4,1055.51,410.89,2025,2,Feb,2025-02,28.020321876704852
ORD-03479,2025-03-27,CUST-0439,Corporate,Manitoba,Electronics,Headphones,1,1631.73,0.0,1631.73,1336.16,295.57,2025,3,Mar,2025-03,18.11390364827514
ORD-03480,2025-11-06,CUST-0762,Consumer,Quebec,Furniture,Office Chair,3,179.87,0.1,485.65,291.53,194.12,2025,11,Nov,2025-11,39.97117265520437
ORD-03481,2024-04-04,CUST-0399,Consumer,Alberta,Clothing,T-Shirt,3,149.09,0.2,357.82,199.28,158.53,2024,4,Apr,2024-04,44.30439885976189
ORD-03482,2023-11-24,CUST-0929,Corporate,Quebec,Furniture,Lamp,2,209.19,0.0,418.38,276.29,142.09,2023,11,Nov,2023-11,33.961948467899994
ORD-03483,2023-09-21,CUST-0859,Consumer,British Columbia,Electronics,Keyboard,3,522.74,0.1,1411.4,1007.77,403.63,2023,9,Sep,2023-09,28.597846110245147
ORD-03484,2025-12-17,CUST-0743,Corporate,Manitoba,Furniture,Cabinet,2,476.55,0.05,905.44,626.07,279.38,2025,12,Dec,2025-12,30.855716557695708
ORD-03485,2025-12-25,CUST-0449,Consumer,Manitoba,Electronics,Keyboard,4,661.08,0.0,2644.32,1939.63,704.69,2025,12,Dec,2025-12,26.649195256247353
ORD-03486,2024-02-01,CUST-0373,Consumer,Ontario,Furniture,Lamp,5,699.93,0.0,3499.65,1925.68,1573.97,2024,2,Feb,2024-02,44.975068935464975
ORD-03487,2023-03-11,CUST-0602,Consumer,Manitoba,Electronics,Mouse,3,614.87,0.0,1844.61,1042.8,801.81,2023,3,Mar,2023-03,43.46772488493503
ORD-03488,2023-07-28,CUST-0111,Corporate,Quebec,Clothing,Sweater,3,100.47,0.05,286.34,160.3,126.04,2023,7,Jul,2023-07,44.01760145281833
ORD-03489,2023-05-09,CUST-0254,Consumer,Alberta,Clothing,Jacket,3,142.99,0.1,386.07,306.77,79.31,2023,5,May,2023-05,20.542906726759398
ORD-03490,2024-11-28,CUST-0347,Consumer,British Columbia,Electronics,Monitor,5,1612.8,0.1,7257.6,5187.48,2070.12,2024,11,Nov,2024-11,28.523478835978832
ORD-03491,2024-01-06,CUST-0896,Corporate,Ontario,Office Supplies,Stapler,2,46.37,0.2,74.19,52.63,21.56,2024,1,Jan,2024-01,29.060520285752794
ORD-03492,2025-12-06,CUST-0928,Consumer,British Columbia,Clothing,Jacket,5,249.48,0.1,1122.66,859.28,263.38,2025,12,Dec,2025-12,23.460353089982718
ORD-03493,2024-12-25,CUST-0420,Corporate,British Columbia,Clothing,Sweater,5,49.73,0.15,211.35,132.58,78.77,2024,12,Dec,2024-12,37.269931393423235
ORD-03494,2025-04-05,CUST-0475,Consumer,Ontario,Furniture,Bookshelf,2,491.47,0.15,835.5,479.52,355.98,2025,4,Apr,2025-04,42.60682226211849
ORD-03495,2023-03-22,CUST-0358,Corporate,Ontario,Electronics,Mouse,4,1018.15,0.15,3461.71,2509.86,951.85,2023,3,Mar,2023-03,27.496526283253075
ORD-03496,2024-11-10,CUST-0513,Corporate,Quebec,Office Supplies,Folders,1,95.44,0.1,85.9,48.56,37.34,2024,11,Nov,2024-11,43.46915017462166
ORD-03497,2023-11-16,CUST-0158,Consumer,Ontario,Furniture,Cabinet,2,640.57,0.15,1088.97,675.93,413.04,2023,11,Nov,2023-11,37.929419543238104
ORD-03498,2023-08-27,CUST-0098,Corporate,Manitoba,Office Supplies,Pens,1,95.25,0.15,80.96,52.52,28.44,2023,8,Aug,2023-08,35.12845849802372
ORD-03499,2025-08-14,CUST-0010,Small Business,Alberta,Electronics,Laptop,2,989.22,0.05,1879.52,1492.35,387.17,2025,8,Aug,2025-08,20.59940835958117
ORD-03500,2025-12-18,CUST-0469,Consumer,Alberta,Clothing,Jeans,5,159.42,0.15,677.53,452.74,224.8,2025,12,Dec,2025-12,33.17934261213526
ORD-03501,2025-09-11,CUST-0831,Corporate,Quebec,Clothing,Sweater,3,22.04,0.0,66.12,47.46,18.66,2025,9,Sep,2025-09,28.221415607985477
ORD-03502,2023-09-05,CUST-0644,Small Business,Manitoba,Electronics,Laptop,2,1104.56,0.0,2209.12,1475.87,733.25,2023,9,Sep,2023-09,33.19194973564134
ORD-03503,2025-05-09,CUST-0854,Corporate,Alberta,Furniture,Lamp,3,501.81,0.15,1279.62,1013.07,266.54,2025,5,May,2025-05,20.829621293821607
ORD-03504,2025-06-08,CUST-0732,Consumer,Quebec,Furniture,Office Chair,2,314.84,0.0,629.68,455.09,174.59,2025,6,Jun,2025-06,27.726781857451403
ORD-03505,2024-02-14,CUST-0249,Consumer,British Columbia,Furniture,Cabinet,2,588.59,0.0,1177.18,955.62,221.56,2024,2,Feb,2024-02,18.821250785776176
ORD-03506,2025-02-15,CUST-0919,Small Business,Manitoba,Furniture,Lamp,2,103.88,0.0,207.76,143.51,64.25,2025,2,Feb,2025-02,30.925105891413168
ORD-03507,2023-03-26,CUST-0324,Corporate,British Columbia,Electronics,Keyboard,5,568.57,0.05,2700.71,1812.1,888.61,2023,3,Mar,2023-03,32.902829256010456
ORD-03508,2025-04-08,CUST-0741,Consumer,British Columbia,Electronics,Mouse,4,1702.51,0.0,6810.04,5279.6,1530.44,2025,4,Apr,2025-04,22.473289437360133
ORD-03509,2025-09-16,CUST-0758,Corporate,Manitoba,Office Supplies,Notebook,4,70.87,0.0,283.48,211.12,72.36,2025,9,Sep,2025-09,25.52561027232962
ORD-03510,2025-05-21,CUST-0639,Small Business,Ontario,Furniture,Desk,2,743.54,0.05,1412.73,846.03,566.7,2025,5,May,2025-05,40.11382217408847
ORD-03511,2025-04-02,CUST-0722,Corporate,Quebec,Office Supplies,Notebook,1,21.0,0.15,17.85,12.79,5.06,2025,4,Apr,2025-04,28.347338935574225
ORD-03512,2024-03-14,CUST-0270,Consumer,Quebec,Furniture,Desk,1,370.16,0.0,370.16,234.87,135.29,2024,3,Mar,2024-03,36.54905986600389
ORD-03513,2025-10-08,CUST-0498,Corporate,Alberta,Clothing,Jeans,1,213.96,0.2,171.17,115.12,56.05,2025,10,Oct,2025-10,32.74522404626979
ORD-03514,2023-01-14,CUST-0535,Consumer,Alberta,Furniture,Lamp,1,117.88,0.0,117.88,90.46,27.42,2023,1,Jan,2023-01,23.260943332202242
ORD-03515,2024-03-18,CUST-0722,Small Business,Alberta,Office Supplies,Folders,3,46.0,0.0,138.0,106.21,31.79,2024,3,Mar,2024-03,23.03623188405797
ORD-03516,2023-07-25,CUST-0895,Consumer,Alberta,Clothing,T-Shirt,1,249.41,0.1,224.47,148.45,76.02,2023,7,Jul,2023-07,33.86644094979284
ORD-03517,2024-05-27,CUST-0509,Consumer,Quebec,Electronics,Keyboard,4,1149.92,0.05,4369.7,3384.53,985.16,2024,5,May,2024-05,22.545254822985562
ORD-03518,2024-07-31,CUST-0507,Consumer,British Columbia,Clothing,Shoes,4,212.51,0.0,850.04,578.26,271.78,2024,7,Jul,2024-07,31.972613053503363
ORD-03519,2025-01-07,CUST-0041,Consumer,Manitoba,Clothing,Jeans,2,210.58,0.0,421.16,268.47,152.69,2025,1,Jan,2025-01,36.254630069332315
ORD-03520,2025-04-16,CUST-0920,Consumer,Ontario,Office Supplies,Printer Paper,2,89.15,0.2,142.64,104.82,37.82,2025,4,Apr,2025-04,26.514301738642736
ORD-03521,2023-04-15,CUST-0522,Consumer,Ontario,Office Supplies,Pens,2,93.29,0.15,158.59,127.37,31.22,2023,4,Apr,2023-04,19.685982722744182
ORD-03522,2023-03-05,CUST-0961,Consumer,British Columbia,Office Supplies,Printer Paper,2,86.36,0.0,172.72,112.3,60.42,2023,3,Mar,2023-03,34.98147290412228
ORD-03523,2023-07-01,CUST-0038,Small Business,British Columbia,Office Supplies,Stapler,1,102.87,0.15,87.44,63.53,23.91,2023,7,Jul,2023-07,27.344464775846294
ORD-03524,2025-03-11,CUST-0469,Consumer,Alberta,Electronics,Keyboard,1,1410.56,0.05,1340.03,1005.91,334.12,2025,3,Mar,2025-03,24.93377013947449
ORD-03525,2024-09-24,CUST-0489,Corporate,Quebec,Office Supplies,Notebook,3,12.09,0.05,34.46,24.09,10.37,2024,9,Sep,2024-09,30.092861288450372
ORD-03526,2024-11-25,CUST-0209,Consumer,Alberta,Electronics,Laptop,1,1631.62,0.0,1631.62,964.79,666.83,2024,11,Nov,2024-11,40.86919748470845
ORD-03527,2023-05-22,CUST-0151,Consumer,Alberta,Furniture,Cabinet,5,250.36,0.2,1001.44,644.31,357.13,2023,5,May,2023-05,35.661647227991686
ORD-03528,2023-05-11,CUST-0810,Consumer,Quebec,Electronics,Mouse,1,1129.26,0.15,959.87,649.2,310.67,2023,5,May,2023-05,32.365841207663536
ORD-03529,2024-10-09,CUST-0005,Corporate,Ontario,Electronics,Keyboard,4,337.89,0.1,1216.4,680.2,536.21,2024,10,Oct,2024-10,44.081716540611644
ORD-03530,2024-05-04,CUST-0850,Corporate,Quebec,Furniture,Cabinet,4,90.24,0.0,360.96,230.96,130.0,2024,5,May,2024-05,36.01507092198582
ORD-03531,2023-11-15,CUST-0384,Consumer,Alberta,Clothing,T-Shirt,4,68.28,0.05,259.46,174.19,85.28,2023,11,Nov,2023-11,32.86826485778155
ORD-03532,2023-02-25,CUST-0156,Corporate,Manitoba,Electronics,Laptop,4,645.97,0.1,2325.49,1384.74,940.75,2023,2,Feb,2023-02,40.453839835905555
ORD-03533,2025-12-16,CUST-0029,Consumer,Quebec,Clothing,Jeans,4,56.49,0.0,225.96,162.4,63.56,2025,12,Dec,2025-12,28.12887236679058
ORD-03534,2023-05-06,CUST-0219,Consumer,British Columbia,Office Supplies,Notebook,2,67.39,0.05,128.04,71.35,56.7,2023,5,May,2023-05,44.28303655107779
ORD-03535,2024-01-02,CUST-0362,Consumer,Alberta,Electronics,Headphones,2,711.06,0.1,1279.91,1012.74,267.17,2024,1,Jan,2024-01,20.874123961841068
ORD-03536,2024-10-27,CUST-0831,Corporate,British Columbia,Furniture,Cabinet,4,92.41,0.05,351.16,251.01,100.15,2024,10,Oct,2024-10,28.519763070964803
ORD-03537,2025-01-05,CUST-0819,Consumer,Manitoba,Furniture,Office Chair,2,232.74,0.1,418.93,302.82,116.11,2025,1,Jan,2025-01,27.715847516291504
ORD-03538,2024-01-01,CUST-0284,Consumer,Quebec,Electronics,Headphones,4,1519.84,0.0,6079.36,4746.29,1333.07,2024,1,Jan,2024-01,21.927801610695862
ORD-03539,2025-06-14,CUST-0886,Corporate,Alberta,Office Supplies,Folders,2,52.99,0.15,90.08,62.78,27.31,2025,6,Jun,2025-06,30.31749555950266
ORD-03540,2023-11-07,CUST-0142,Consumer,Quebec,Furniture,Office Chair,3,449.97,0.0,1349.91,972.12,377.79,2023,11,Nov,2023-11,27.986310198457677
ORD-03541,2025-03-01,CUST-0928,Corporate,Quebec,Electronics,Mouse,4,1213.67,0.1,4369.21,3231.23,1137.98,2025,3,Mar,2025-03,26.045440708961117
ORD-03542,2024-04-10,CUST-0142,Consumer,Quebec,Office Supplies,Printer Paper,1,39.07,0.1,35.16,21.51,13.65,2024,4,Apr,2024-04,38.82252559726963
ORD-03543,2024-07-25,CUST-0438,Small Business,Quebec,Furniture,Cabinet,3,885.54,0.0,2656.62,1649.94,1006.68,2024,7,Jul,2024-07,37.893262867854645
ORD-03544,2024-11-13,CUST-0057,Consumer,British Columbia,Electronics,Headphones,4,1060.1,0.15,3604.34,2023.61,1580.73,2024,11,Nov,2024-11,43.856295466021514
ORD-03545,2024-09-23,CUST-0578,Corporate,Ontario,Clothing,Jeans,1,49.85,0.15,42.37,26.8,15.57,2024,9,Sep,2024-09,36.74769884352136
ORD-03546,2025-10-28,CUST-0321,Consumer,Quebec,Clothing,Jeans,2,51.48,0.0,102.96,56.94,46.02,2025,10,Oct,2025-10,44.6969696969697
ORD-03547,2023-07-09,CUST-0204,Corporate,Alberta,Furniture,Office Chair,2,485.37,0.15,825.13,638.46,186.67,2023,7,Jul,2023-07,22.62310181425957
ORD-03548,2024-04-09,CUST-0883,Consumer,Manitoba,Office Supplies,Pens,4,77.92,0.05,296.1,232.74,63.36,2024,4,Apr,2024-04,21.398176291793312
ORD-03549,2025-11-15,CUST-0881,Small Business,Manitoba,Clothing,Sweater,3,123.36,0.0,370.08,272.29,97.79,2025,11,Nov,2025-11,26.424016428880243
ORD-03550,2023-02-13,CUST-0700,Consumer,British Columbia,Office Supplies,Pens,1,97.59,0.0,97.59,71.42,26.17,2023,2,Feb,2023-02,26.81627215903269
ORD-03551,2024-11-29,CUST-0691,Corporate,British Columbia,Furniture,Bookshelf,5,471.61,0.15,2004.34,1576.57,427.78,2024,11,Nov,2024-11,21.34268637057585
ORD-03552,2023-04-07,CUST-0382,Corporate,Quebec,Office Supplies,Pens,1,27.46,0.05,26.09,15.32,10.77,2023,4,Apr,2023-04,41.28018397853583
ORD-03553,2025-11-27,CUST-0759,Consumer,Manitoba,Clothing,T-Shirt,1,190.89,0.0,190.89,152.42,38.47,2025,11,Nov,2025-11,20.152967677720156
ORD-03554,2024-07-10,CUST-0104,Small Business,British Columbia,Furniture,Office Chair,1,483.0,0.05,458.85,353.39,105.46,2024,7,Jul,2024-07,22.983545821074422
ORD-03555,2025-07-05,CUST-0804,Consumer,Quebec,Electronics,Keyboard,5,1175.27,0.0,5876.35,4355.17,1521.18,2025,7,Jul,2025-07,25.8864771499315
ORD-03556,2025-01-31,CUST-0101,Consumer,Manitoba,Electronics,Keyboard,1,571.87,0.0,571.87,434.27,137.6,2025,1,Jan,2025-01,24.061412558798327
ORD-03557,2023-04-02,CUST-0623,Consumer,Manitoba,Electronics,Monitor,1,480.96,0.0,480.96,294.48,186.48,2023,4,Apr,2023-04,38.772455089820355
ORD-03558,2024-07-27,CUST-0002,Small Business,Quebec,Clothing,Jacket,2,131.25,0.05,249.38,187.84,61.54,2024,7,Jul,2024-07,24.677199454647525
ORD-03559,2025-07-09,CUST-0699,Small Business,Quebec,Furniture,Cabinet,1,371.0,0.15,315.35,195.1,120.25,2025,7,Jul,2025-07,38.13223402568574
ORD-03560,2024-08-13,CUST-0381,Corporate,British Columbia,Furniture,Desk,3,504.63,0.1,1362.5,864.56,497.94,2024,8,Aug,2024-08,36.54605504587156
ORD-03561,2025-03-12,CUST-0263,Corporate,Manitoba,Furniture,Cabinet,4,649.68,0.1,2338.85,1369.31,969.54,2025,3,Mar,2025-03,41.45370588109541
ORD-03562,2025-04-07,CUST-0657,Small Business,Ontario,Electronics,Headphones,4,587.26,0.0,2349.04,1634.45,714.59,2025,4,Apr,2025-04,30.42051220924293
ORD-03563,2025-02-01,CUST-0059,Consumer,British Columbia,Clothing,T-Shirt,2,149.25,0.05,283.58,181.37,102.2,2025,2,Feb,2025-02,36.03921292051626
ORD-03564,2024-10-06,CUST-0600,Consumer,Alberta,Clothing,Sweater,4,104.02,0.0,416.08,327.36,88.72,2024,10,Oct,2024-10,21.322822534128054
ORD-03565,2024-11-17,CUST-0661,Consumer,British Columbia,Electronics,Keyboard,1,1185.8,0.1,1067.22,791.8,275.42,2024,11,Nov,2024-11,25.807237495549185
ORD-03566,2024-02-28,CUST-0740,Consumer,Alberta,Electronics,Headphones,4,1686.72,0.15,5734.85,4565.37,1169.48,2024,2,Feb,2024-02,20.392512445835546
ORD-03567,2024-03-05,CUST-0035,Consumer,Alberta,Clothing,T-Shirt,4,216.7,0.2,693.44,406.9,286.54,2024,3,Mar,2024-03,41.32152745731426
ORD-03568,2023-09-15,CUST-0661,Consumer,British Columbia,Office Supplies,Notebook,2,97.55,0.2,156.08,102.18,53.9,2023,9,Sep,2023-09,34.533572526909275
ORD-03569,2024-11-05,CUST-0011,Corporate,Alberta,Office Supplies,Printer Paper,3,94.68,0.1,255.64,207.19,48.45,2024,11,Nov,2024-11,18.952433109059616
ORD-03570,2023-01-03,CUST-0429,Small Business,British Columbia,Office Supplies,Folders,3,69.03,0.15,176.03,138.51,37.51,2023,1,Jan,2023-01,21.30886780662387
ORD-03571,2025-05-30,CUST-0517,Consumer,Manitoba,Furniture,Desk,2,616.27,0.0,1232.54,994.36,238.18,2025,5,May,2025-05,19.324322131533258
ORD-03572,2023-06-04,CUST-0959,Consumer,Ontario,Electronics,Keyboard,5,525.23,0.2,2100.92,1491.77,609.15,2023,6,Jun,2023-06,28.99444053081507
ORD-03573,2024-11-01,CUST-0579,Consumer,Manitoba,Furniture,Cabinet,1,502.32,0.05,477.2,345.57,131.63,2024,11,Nov,2024-11,27.58382229673093
ORD-03574,2025-05-19,CUST-0043,Corporate,Ontario,Office Supplies,Notebook,3,63.9,0.05,182.11,106.56,75.55,2025,5,May,2025-05,41.48591510625445
ORD-03575,2025-07-10,CUST-0938,Small Business,Manitoba,Office Supplies,Folders,2,6.52,0.0,13.04,7.83,5.21,2025,7,Jul,2025-07,39.95398773006135
ORD-03576,2023-11-09,CUST-0790,Consumer,Alberta,Furniture,Lamp,4,64.55,0.0,258.2,150.21,107.99,2023,11,Nov,2023-11,41.824167312161116
ORD-03577,2024-07-26,CUST-0986,Consumer,Manitoba,Clothing,Sweater,5,239.3,0.0,1196.5,730.49,466.01,2024,7,Jul,2024-07,38.94776431257835
ORD-03578,2023-03-13,CUST-0534,Consumer,British Columbia,Clothing,T-Shirt,4,108.15,0.0,432.6,317.37,115.23,2023,3,Mar,2023-03,26.636615811373094
ORD-03579,2025-09-14,CUST-0238,Consumer,British Columbia,Electronics,Mouse,5,47.58,0.0,237.9,133.53,104.37,2025,9,Sep,2025-09,43.87137452711223
ORD-03580,2025-11-10,CUST-0126,Consumer,Manitoba,Electronics,Monitor,3,1564.45,0.1,4224.02,2438.58,1785.43,2025,11,Nov,2025-11,42.268502516560055
ORD-03581,2024-05-30,CUST-0883,Consumer,Quebec,Furniture,Desk,1,125.29,0.0,125.29,69.52,55.77,2024,5,May,2024-05,44.51273046532045
ORD-03582,2024-04-14,CUST-0899,Corporate,Ontario,Furniture,Cabinet,1,810.76,0.15,689.15,426.09,263.05,2024,4,Apr,2024-04,38.170209678589565
ORD-03583,2024-11-17,CUST-0254,Consumer,Manitoba,Electronics,Mouse,3,1394.4,0.15,3555.72,2084.89,1470.83,2024,11,Nov,2024-11,41.36518061039677
ORD-03584,2024-07-27,CUST-0557,Corporate,Manitoba,Furniture,Desk,5,195.96,0.0,979.8,765.71,214.09,2024,7,Jul,2024-07,21.850377628087365
ORD-03585,2023-09-22,CUST-0762,Consumer,Ontario,Electronics,Keyboard,4,1754.38,0.15,5964.89,4887.41,1077.48,2023,9,Sep,2023-09,18.063702767360336
ORD-03586,2023-01-28,CUST-0487,Consumer,Manitoba,Electronics,Headphones,3,1334.8,0.0,4004.4,3119.68,884.72,2023,1,Jan,2023-01,22.093696933373288
ORD-03587,2023-10-03,CUST-0532,Consumer,Alberta,Furniture,Desk,1,58.85,0.05,55.91,43.46,12.44,2023,10,Oct,2023-10,22.250044714720087
ORD-03588,2023-09-04,CUST-0020,Corporate,Alberta,Office Supplies,Pens,1,36.34,0.1,32.71,19.35,13.36,2023,9,Sep,2023-09,40.84377866095995
ORD-03589,2023-10-19,CUST-0037,Consumer,Alberta,Office Supplies,Stapler,5,33.35,0.0,166.75,134.33,32.42,2023,10,Oct,2023-10,19.44227886056972
ORD-03590,2023-06-07,CUST-0215,Consumer,Ontario,Clothing,Shoes,1,189.35,0.1,170.42,94.05,76.37,2023,6,Jun,2023-06,44.81281539725385
ORD-03591,2023-07-26,CUST-0585,Corporate,Ontario,Office Supplies,Pens,4,118.71,0.05,451.1,310.34,140.76,2023,7,Jul,2023-07,31.20372422966082
ORD-03592,2025-10-03,CUST-0256,Consumer,Quebec,Electronics,Headphones,5,1672.36,0.05,7943.71,4591.29,3352.42,2025,10,Oct,2025-10,42.20219519594748
ORD-03593,2025-10-22,CUST-0786,Consumer,Alberta,Furniture,Lamp,5,209.86,0.05,996.84,789.59,207.25,2025,10,Oct,2025-10,20.790698607600017
ORD-03594,2024-10-10,CUST-0153,Consumer,Manitoba,Office Supplies,Pens,1,26.7,0.2,21.36,11.78,9.58,2024,10,Oct,2024-10,44.850187265917604
ORD-03595,2025-11-07,CUST-0750,Small Business,Manitoba,Electronics,Monitor,1,655.68,0.15,557.33,351.82,205.51,2025,11,Nov,2025-11,36.87402436617443
ORD-03596,2024-04-20,CUST-0288,Corporate,Ontario,Electronics,Laptop,1,1745.29,0.1,1570.76,1141.86,428.9,2024,4,Apr,2024-04,27.30525350785607
ORD-03597,2025-09-20,CUST-0209,Consumer,Ontario,Office Supplies,Stapler,1,89.63,0.05,85.15,62.18,22.97,2025,9,Sep,2025-09,26.975924838520253
ORD-03598,2025-04-16,CUST-0725,Small Business,Manitoba,Clothing,Shoes,1,84.27,0.05,80.06,46.84,33.22,2025,4,Apr,2025-04,41.493879590307266
ORD-03599,2023-06-19,CUST-0054,Consumer,Ontario,Clothing,Sweater,1,41.01,0.0,41.01,22.67,18.34,2023,6,Jun,2023-06,44.72079980492563
ORD-03600,2025-04-10,CUST-0230,Consumer,Alberta,Office Supplies,Folders,1,42.52,0.0,42.52,29.46,13.06,2025,4,Apr,2025-04,30.71495766698024
ORD-03601,2023-10-20,CUST-0742,Small Business,Manitoba,Clothing,Jacket,2,37.69,0.15,64.07,40.73,23.35,2023,10,Oct,2023-10,36.44451381301702
ORD-03602,2024-07-09,CUST-0178,Consumer,Alberta,Furniture,Office Chair,5,203.06,0.0,1015.3,702.56,312.74,2024,7,Jul,2024-07,30.802718408352213
ORD-03603,2025-06-01,CUST-0047,Consumer,Ontario,Office Supplies,Stapler,4,42.36,0.0,169.44,93.46,75.98,2025,6,Jun,2025-06,44.84183191690274
ORD-03604,2024-03-12,CUST-0216,Corporate,Alberta,Electronics,Monitor,1,968.52,0.15,823.24,614.32,208.92,2024,3,Mar,2024-03,25.377775618288712
ORD-03605,2023-06-17,CUST-0814,Corporate,Alberta,Office Supplies,Notebook,4,44.69,0.1,160.88,105.22,55.66,2023,6,Jun,2023-06,34.5972153157633
ORD-03606,2023-01-07,CUST-0098,Consumer,British Columbia,Electronics,Mouse,4,1578.34,0.0,6313.36,3715.65,2597.71,2023,1,Jan,2023-01,41.14623591875008
ORD-03607,2024-12-06,CUST-0501,Consumer,Ontario,Electronics,Headphones,1,878.08,0.1,790.27,574.19,216.08,2024,12,Dec,2024-12,27.34255381072292
ORD-03608,2024-10-25,CUST-0104,Small Business,Alberta,Electronics,Laptop,5,1595.28,0.0,7976.4,5794.46,2181.94,2024,10,Oct,2024-10,27.354947093927084
ORD-03609,2025-06-27,CUST-0432,Consumer,Ontario,Office Supplies,Notebook,4,51.35,0.0,205.4,145.69,59.71,2025,6,Jun,2025-06,29.07010710808179
ORD-03610,2023-08-03,CUST-0613,Consumer,Alberta,Furniture,Bookshelf,1,60.89,0.05,57.85,33.74,24.1,2023,8,Aug,2023-08,41.65946413137425
ORD-03611,2025-05-19,CUST-0369,Consumer,Quebec,Electronics,Keyboard,1,1192.13,0.15,1013.31,784.97,228.34,2025,5,May,2025-05,22.53407150822552
ORD-03612,2024-06-30,CUST-0323,Consumer,Alberta,Furniture,Lamp,4,193.41,0.0,773.64,514.26,259.38,2024,6,Jun,2024-06,33.527221963704044
ORD-03613,2023-03-09,CUST-0221,Small Business,Quebec,Electronics,Mouse,2,1483.71,0.2,2373.94,1843.63,530.3,2023,3,Mar,2023-03,22.338391029259373
ORD-03614,2024-07-07,CUST-0425,Corporate,British Columbia,Furniture,Bookshelf,4,619.24,0.15,2105.42,1453.25,652.16,2024,7,Jul,2024-07,30.97529234072061
ORD-03615,2025-03-11,CUST-0939,Consumer,Quebec,Electronics,Laptop,3,1708.0,0.0,5124.0,3308.04,1815.96,2025,3,Mar,2025-03,35.440281030444964
ORD-03616,2023-07-20,CUST-0059,Corporate,Ontario,Electronics,Mouse,1,1445.8,0.0,1445.8,1175.09,270.71,2023,7,Jul,2023-07,18.723889887951305
ORD-03617,2024-05-06,CUST-0272,Consumer,British Columbia,Electronics,Mouse,5,121.74,0.2,486.96,359.36,127.6,2024,5,May,2024-05,26.20338426154099
ORD-03618,2025-07-20,CUST-0796,Consumer,Manitoba,Clothing,Sweater,3,45.18,0.05,128.76,100.17,28.6,2025,7,Jul,2025-07,22.21186703945325
ORD-03619,2023-12-17,CUST-0301,Consumer,British Columbia,Electronics,Keyboard,1,191.56,0.05,181.98,120.86,61.12,2023,12,Dec,2023-12,33.586108363556434
ORD-03620,2024-06-10,CUST-0135,Small Business,Ontario,Electronics,Mouse,1,1425.54,0.0,1425.54,1154.88,270.66,2024,6,Jun,2024-06,18.986489330359024
ORD-03621,2024-06-18,CUST-0796,Corporate,British Columbia,Furniture,Cabinet,3,401.62,0.0,1204.86,700.27,504.59,2024,6,Jun,2024-06,41.879554471058874
ORD-03622,2023-07-26,CUST-0318,Consumer,Alberta,Office Supplies,Pens,2,109.2,0.05,207.48,151.42,56.06,2023,7,Jul,2023-07,27.019471756313862
ORD-03623,2025-09-18,CUST-0144,Consumer,Ontario,Office Supplies,Pens,4,45.18,0.0,180.72,100.04,80.68,2025,9,Sep,2025-09,44.643647631695444
ORD-03624,2024-06-09,CUST-0107,Consumer,Quebec,Electronics,Laptop,3,1471.61,0.15,3752.61,2136.77,1615.83,2024,6,Jun,2024-06,43.0588310535867
ORD-03625,2024-04-09,CUST-0141,Small Business,Ontario,Clothing,Jeans,1,158.83,0.1,142.95,100.03,42.92,2024,4,Apr,2024-04,30.024484085344525
ORD-03626,2025-02-16,CUST-0212,Consumer,Ontario,Electronics,Headphones,1,973.14,0.15,827.17,474.18,352.99,2025,2,Feb,2025-02,42.674420010396894
ORD-03627,2023-07-07,CUST-0948,Consumer,Quebec,Office Supplies,Pens,3,18.03,0.15,45.98,30.34,15.64,2023,7,Jul,2023-07,34.01478903871249
ORD-03628,2024-09-08,CUST-0706,Consumer,British Columbia,Furniture,Cabinet,5,831.36,0.0,4156.8,2753.6,1403.2,2024,9,Sep,2024-09,33.75673595073133
ORD-03629,2024-07-25,CUST-0718,Consumer,British Columbia,Clothing,Shoes,1,22.57,0.05,21.44,14.51,6.94,2024,7,Jul,2024-07,32.36940298507462
ORD-03630,2023-02-08,CUST-0784,Small Business,Manitoba,Office Supplies,Folders,4,41.54,0.0,166.16,116.36,49.8,2023,2,Feb,2023-02,29.97111218103033
ORD-03631,2024-02-07,CUST-0761,Consumer,Alberta,Electronics,Laptop,3,1465.29,0.05,4176.08,3373.55,802.52,2024,2,Feb,2024-02,19.2170648071876
ORD-03632,2025-01-18,CUST-0279,Small Business,Alberta,Furniture,Office Chair,5,149.7,0.15,636.22,514.7,121.53,2025,1,Jan,2025-01,19.10188299644777
ORD-03633,2025-01-22,CUST-0799,Consumer,Alberta,Furniture,Bookshelf,4,486.83,0.05,1849.95,1410.86,439.1,2025,1,Jan,2025-01,23.735776642611963
ORD-03634,2025-07-15,CUST-0583,Consumer,British Columbia,Clothing,T-Shirt,1,175.72,0.0,175.72,135.37,40.35,2025,7,Jul,2025-07,22.96266788071933
ORD-03635,2025-08-31,CUST-0868,Corporate,Quebec,Electronics,Keyboard,3,1395.9,0.1,3768.93,2411.69,1357.24,2025,8,Aug,2025-08,36.01128171656146
ORD-03636,2024-10-09,CUST-0429,Consumer,Alberta,Office Supplies,Stapler,4,82.09,0.1,295.52,183.3,112.22,2024,10,Oct,2024-10,37.97374120194911
ORD-03637,2025-06-23,CUST-0653,Consumer,Quebec,Furniture,Cabinet,3,50.12,0.05,142.84,110.2,32.64,2025,6,Jun,2025-06,22.850742089050684
ORD-03638,2025-10-28,CUST-0901,Small Business,Alberta,Clothing,T-Shirt,3,173.39,0.0,520.17,317.19,202.98,2025,10,Oct,2025-10,39.021858238652754
ORD-03639,2024-11-15,CUST-0477,Small Business,British Columbia,Clothing,Jacket,2,40.77,0.05,77.46,52.13,25.33,2024,11,Nov,2024-11,32.70074877356055
ORD-03640,2023-02-26,CUST-0824,Consumer,British Columbia,Clothing,Shoes,2,69.07,0.1,124.33,68.86,55.46,2023,2,Feb,2023-02,44.60709402396847
ORD-03641,2023-03-03,CUST-0615,Consumer,Ontario,Furniture,Cabinet,2,623.75,0.05,1185.12,781.25,403.87,2023,3,Mar,2023-03,34.07840556230593
ORD-03642,2025-08-21,CUST-0559,Consumer,Ontario,Electronics,Keyboard,5,747.42,0.05,3550.24,2194.52,1355.72,2025,8,Aug,2025-08,38.18671413763577
ORD-03643,2025-07-30,CUST-0327,Corporate,Manitoba,Office Supplies,Stapler,4,59.4,0.0,237.6,132.62,104.98,2025,7,Jul,2025-07,44.18350168350169
ORD-03644,2025-04-20,CUST-0067,Consumer,Alberta,Office Supplies,Printer Paper,5,89.95,0.1,404.78,297.86,106.91,2025,4,Apr,2025-04,26.411878057216263
ORD-03645,2023-03-16,CUST-0103,Consumer,Manitoba,Office Supplies,Stapler,5,30.65,0.15,130.26,93.17,37.09,2023,3,Mar,2023-03,28.473821587594045
ORD-03646,2025-12-18,CUST-0938,Consumer,British Columbia,Furniture,Desk,3,232.38,0.05,662.28,426.58,235.71,2025,12,Dec,2025-12,35.590686718608445
ORD-03647,2024-05-15,CUST-0675,Corporate,Ontario,Electronics,Monitor,5,158.71,0.0,793.55,546.09,247.46,2024,5,May,2024-05,31.18392035788545
ORD-03648,2024-01-27,CUST-0497,Small Business,Manitoba,Clothing,Sweater,1,139.12,0.0,139.12,104.87,34.25,2024,1,Jan,2024-01,24.619033927544564
ORD-03649,2023-12-10,CUST-0186,Corporate,British Columbia,Furniture,Desk,5,576.18,0.0,2880.9,2297.73,583.17,2023,12,Dec,2023-12,20.242632510673747
ORD-03650,2025-07-26,CUST-0238,Corporate,Quebec,Office Supplies,Folders,3,117.91,0.05,336.04,222.25,113.8,2025,7,Jul,2025-07,33.865016069515534
ORD-03651,2023-01-06,CUST-0395,Corporate,Alberta,Office Supplies,Stapler,1,39.29,0.0,39.29,21.87,17.42,2023,1,Jan,2023-01,44.33698142020871
ORD-03652,2024-05-12,CUST-0116,Consumer,Ontario,Furniture,Bookshelf,2,201.01,0.2,321.62,195.26,126.36,2024,5,May,2024-05,39.28860145513339
ORD-03653,2024-07-07,CUST-0617,Consumer,Manitoba,Electronics,Keyboard,5,1642.53,0.2,6570.12,5122.29,1447.83,2024,7,Jul,2024-07,22.036583806688462
ORD-03654,2024-10-07,CUST-0748,Consumer,Alberta,Electronics,Headphones,2,532.28,0.0,1064.56,611.69,452.87,2024,10,Oct,2024-10,42.540580145787935
ORD-03655,2024-03-23,CUST-0850,Corporate,Manitoba,Office Supplies,Stapler,3,74.33,0.05,211.84,142.29,69.55,2024,3,Mar,2024-03,32.83138217522659
ORD-03656,2024-11-10,CUST-0615,Consumer,Ontario,Electronics,Laptop,5,1571.04,0.15,6676.92,4876.86,1800.06,2024,11,Nov,2024-11,26.959436386837044
ORD-03657,2025-03-25,CUST-0340,Consumer,Quebec,Office Supplies,Printer Paper,1,107.28,0.2,85.82,53.71,32.12,2025,3,Mar,2025-03,37.42717315311116
ORD-03658,2025-12-06,CUST-0540,Consumer,British Columbia,Electronics,Keyboard,1,1129.49,0.05,1073.02,655.77,417.24,2025,12,Dec,2025-12,38.88464334308773
ORD-03659,2024-04-09,CUST-0242,Small Business,Manitoba,Furniture,Office Chair,4,455.52,0.15,1548.77,1158.28,390.49,2024,4,Apr,2024-04,25.21291089057768
ORD-03660,2025-04-19,CUST-0572,Corporate,Quebec,Clothing,T-Shirt,2,201.61,0.1,362.9,253.71,109.19,2025,4,Apr,2025-04,30.088178561587213
ORD-03661,2023-11-03,CUST-0510,Corporate,Quebec,Furniture,Office Chair,5,602.76,0.0,3013.8,2183.23,830.57,2023,11,Nov,2023-11,27.55889574623399
ORD-03662,2023-08-21,CUST-0349,Small Business,Manitoba,Office Supplies,Stapler,5,84.2,0.05,399.95,264.98,134.97,2023,8,Aug,2023-08,33.74671833979247
ORD-03663,2025-12-10,CUST-0242,Corporate,Manitoba,Furniture,Desk,4,670.86,0.05,2549.27,2028.89,520.37,2025,12,Dec,2025-12,20.41251024803179
ORD-03664,2025-10-26,CUST-0588,Corporate,British Columbia,Office Supplies,Stapler,2,80.01,0.0,160.02,115.54,44.48,2025,10,Oct,2025-10,27.796525434320706
ORD-03665,2025-11-04,CUST-0568,Corporate,Quebec,Clothing,Sweater,2,158.45,0.0,316.9,200.38,116.52,2025,11,Nov,2025-11,36.768696749763336
ORD-03666,2024-12-01,CUST-0604,Consumer,Quebec,Clothing,Shoes,4,99.72,0.05,378.94,215.11,163.82,2024,12,Dec,2024-12,43.23111838285744
ORD-03667,2024-09-09,CUST-0757,Consumer,Manitoba,Clothing,Jeans,3,199.63,0.2,479.11,282.51,196.6,2024,9,Sep,2024-09,41.03441798334411
ORD-03668,2024-08-02,CUST-0357,Corporate,Ontario,Furniture,Cabinet,4,672.1,0.1,2419.56,1430.92,988.64,2024,8,Aug,2024-08,40.86032171138554
ORD-03669,2025-10-22,CUST-0898,Consumer,Ontario,Office Supplies,Stapler,3,101.07,0.0,303.21,180.21,123.0,2025,10,Oct,2025-10,40.56594439497378
ORD-03670,2023-07-12,CUST-0163,Consumer,Manitoba,Office Supplies,Stapler,3,8.24,0.05,23.48,16.12,7.36,2023,7,Jul,2023-07,31.3458262350937
ORD-03671,2023-08-22,CUST-0046,Corporate,British Columbia,Clothing,Shoes,3,69.06,0.0,207.18,162.0,45.18,2023,8,Aug,2023-08,21.807124239791484
ORD-03672,2025-11-26,CUST-0356,Corporate,Manitoba,Furniture,Desk,2,521.72,0.1,939.1,532.65,406.45,2025,11,Nov,2025-11,43.28080076669151
ORD-03673,2024-09-21,CUST-0036,Corporate,British Columbia,Electronics,Headphones,1,576.22,0.0,576.22,420.02,156.2,2024,9,Sep,2024-09,27.10770191940578
ORD-03674,2024-10-25,CUST-0710,Consumer,Ontario,Electronics,Mouse,3,421.14,0.05,1200.25,786.5,413.75,2024,10,Oct,2024-10,34.47198500312435
ORD-03675,2025-09-13,CUST-0754,Consumer,Ontario,Electronics,Mouse,5,114.88,0.15,488.24,318.46,169.78,2025,9,Sep,2025-09,34.7738816975258
ORD-03676,2025-04-09,CUST-0143,Corporate,Ontario,Electronics,Keyboard,4,1000.23,0.15,3400.78,2702.72,698.06,2025,4,Apr,2025-04,20.52646745746564
ORD-03677,2023-07-02,CUST-0254,Consumer,Manitoba,Electronics,Keyboard,5,1425.76,0.05,6772.36,3757.09,3015.27,2023,7,Jul,2023-07,44.52317951201649
ORD-03678,2025-05-08,CUST-0596,Consumer,Ontario,Office Supplies,Folders,4,43.94,0.2,140.61,114.07,26.54,2025,5,May,2025-05,18.87490221179148
ORD-03679,2025-08-24,CUST-0917,Consumer,Manitoba,Office Supplies,Printer Paper,4,41.65,0.2,133.28,99.76,33.52,2025,8,Aug,2025-08,25.15006002400961
ORD-03680,2025-04-18,CUST-0339,Consumer,Alberta,Office Supplies,Stapler,5,51.65,0.1,232.42,146.47,85.96,2025,4,Apr,2025-04,36.98476895275793
ORD-03681,2023-03-22,CUST-1000,Small Business,Quebec,Electronics,Monitor,4,890.22,0.1,3204.79,2430.61,774.18,2023,3,Mar,2023-03,24.15696504295133
ORD-03682,2023-10-09,CUST-0892,Consumer,Manitoba,Furniture,Lamp,1,497.23,0.0,497.23,337.84,159.39,2023,10,Oct,2023-10,32.05558795728334
ORD-03683,2025-10-08,CUST-0443,Consumer,British Columbia,Clothing,T-Shirt,4,65.41,0.05,248.56,173.75,74.81,2025,10,Oct,2025-10,30.09736079819762
ORD-03684,2025-05-29,CUST-0003,Consumer,British Columbia,Furniture,Bookshelf,2,162.71,0.15,276.61,191.49,85.11,2025,5,May,2025-05,30.768952677054333
ORD-03685,2023-05-06,CUST-0435,Consumer,Manitoba,Furniture,Office Chair,3,196.63,0.15,501.41,366.25,135.16,2023,5,May,2023-05,26.95598412476815
ORD-03686,2023-05-21,CUST-0981,Consumer,Quebec,Electronics,Laptop,4,1693.15,0.0,6772.6,5316.77,1455.83,2023,5,May,2023-05,21.495880459498565
ORD-03687,2023-02-27,CUST-0743,Consumer,Manitoba,Furniture,Lamp,2,614.85,0.0,1229.7,683.75,545.95,2023,2,Feb,2023-02,44.39700740017891
ORD-03688,2024-06-24,CUST-0063,Corporate,Quebec,Electronics,Laptop,1,1563.39,0.15,1328.88,759.96,568.92,2024,6,Jun,2024-06,42.811992053458546
ORD-03689,2023-12-05,CUST-0852,Consumer,Quebec,Furniture,Bookshelf,1,614.87,0.05,584.13,415.01,169.11,2023,12,Dec,2023-12,28.950747265163578
ORD-03690,2025-09-25,CUST-0974,Consumer,Ontario,Clothing,Shoes,3,184.75,0.1,498.82,404.15,94.67,2025,9,Sep,2025-09,18.978789944268474
ORD-03691,2025-09-30,CUST-0271,Consumer,Alberta,Office Supplies,Notebook,5,82.25,0.15,349.56,218.39,131.17,2025,9,Sep,2025-09,37.52431628332761
ORD-03692,2024-11-14,CUST-0094,Small Business,Manitoba,Furniture,Bookshelf,5,74.37,0.15,316.07,186.51,129.57,2024,11,Nov,2024-11,40.994083589078365
ORD-03693,2024-03-12,CUST-0503,Consumer,Manitoba,Clothing,Shoes,2,161.77,0.1,291.19,229.74,61.44,2024,3,Mar,2024-03,21.099625673958585
ORD-03694,2025-09-22,CUST-0880,Consumer,Manitoba,Furniture,Desk,2,865.56,0.15,1471.45,1074.05,397.4,2025,9,Sep,2025-09,27.007373679024088
ORD-03695,2025-04-12,CUST-0909,Small Business,Quebec,Furniture,Cabinet,2,634.55,0.15,1078.73,709.28,369.46,2025,4,Apr,2025-04,34.24953417444587
ORD-03696,2024-02-01,CUST-0035,Small Business,Quebec,Electronics,Monitor,5,557.52,0.0,2787.6,1730.54,1057.06,2024,2,Feb,2024-02,37.920074616157265
ORD-03697,2023-01-21,CUST-0299,Consumer,Alberta,Furniture,Lamp,1,386.18,0.0,386.18,279.05,107.13,2023,1,Jan,2023-01,27.740949816147907
ORD-03698,2025-06-16,CUST-0517,Corporate,Quebec,Office Supplies,Pens,2,19.4,0.0,38.8,24.66,14.14,2025,6,Jun,2025-06,36.44329896907217
ORD-03699,2025-05-25,CUST-0991,Consumer,Quebec,Clothing,Jeans,4,99.36,0.0,397.44,223.42,174.02,2025,5,May,2025-05,43.78522544283414
ORD-03700,2024-10-04,CUST-0221,Consumer,Alberta,Furniture,Bookshelf,1,795.2,0.05,755.44,551.06,204.38,2024,10,Oct,2024-10,27.054431854283596
ORD-03701,2024-05-02,CUST-0192,Consumer,Manitoba,Furniture,Cabinet,4,835.45,0.05,3174.71,2007.63,1167.08,2024,5,May,2024-05,36.761782966003196
ORD-03702,2023-07-04,CUST-0767,Consumer,Manitoba,Electronics,Laptop,3,799.52,0.15,2038.78,1163.01,875.77,2023,7,Jul,2023-07,42.955591088788395
ORD-03703,2023-04-20,CUST-0156,Consumer,Alberta,Office Supplies,Printer Paper,1,7.06,0.1,6.35,5.09,1.27,2023,4,Apr,2023-04,20.0
ORD-03704,2024-05-14,CUST-0400,Corporate,Manitoba,Furniture,Lamp,5,691.02,0.1,3109.59,2234.73,874.86,2024,5,May,2024-05,28.134255641418964
ORD-03705,2023-02-22,CUST-0032,Consumer,Quebec,Electronics,Headphones,3,1402.63,0.0,4207.89,2370.93,1836.96,2023,2,Feb,2023-02,43.655133570506834
ORD-03706,2023-07-05,CUST-0910,Consumer,British Columbia,Electronics,Headphones,1,1044.42,0.0,1044.42,679.13,365.29,2023,7,Jul,2023-07,34.975393041113726
ORD-03707,2023-02-08,CUST-0442,Consumer,Manitoba,Office Supplies,Notebook,5,25.99,0.05,123.45,87.33,36.12,2023,2,Feb,2023-02,29.258809234507893
ORD-03708,2025-04-14,CUST-0714,Consumer,Ontario,Clothing,T-Shirt,3,51.5,0.0,154.5,124.55,29.95,2025,4,Apr,2025-04,19.385113268608414
ORD-03709,2024-09-03,CUST-0955,Corporate,Ontario,Clothing,T-Shirt,2,59.3,0.05,112.67,69.76,42.91,2024,9,Sep,2024-09,38.084672051122745
ORD-03710,2025-05-28,CUST-0378,Corporate,Ontario,Electronics,Headphones,5,1517.04,0.0,7585.2,5820.69,1764.51,2025,5,May,2025-05,23.262537573168803
ORD-03711,2025-03-31,CUST-0384,Consumer,British Columbia,Office Supplies,Folders,3,13.74,0.1,37.1,26.82,10.28,2025,3,Mar,2025-03,27.708894878706197
ORD-03712,2025-10-29,CUST-0358,Corporate,Manitoba,Electronics,Mouse,3,605.8,0.05,1726.53,1074.26,652.27,2025,10,Oct,2025-10,37.77924507538241
ORD-03713,2024-05-26,CUST-0762,Consumer,Ontario,Furniture,Lamp,3,526.0,0.0,1578.0,971.26,606.74,2024,5,May,2024-05,38.449936628643854
ORD-03714,2025-03-06,CUST-0713,Consumer,Manitoba,Furniture,Cabinet,1,745.57,0.0,745.57,605.76,139.81,2025,3,Mar,2025-03,18.752095712005577
ORD-03715,2023-11-26,CUST-0955,Consumer,Manitoba,Office Supplies,Pens,2,110.83,0.15,188.41,110.72,77.69,2023,11,Nov,2023-11,41.23454169099305
ORD-03716,2023-12-24,CUST-0322,Corporate,Ontario,Electronics,Keyboard,3,1556.31,0.0,4668.93,3730.27,938.66,2023,12,Dec,2023-12,20.1043922269128
ORD-03717,2025-04-20,CUST-0650,Corporate,British Columbia,Clothing,Jeans,1,50.79,0.0,50.79,30.1,20.69,2025,4,Apr,2025-04,40.73636542626502
ORD-03718,2025-10-01,CUST-0119,Consumer,British Columbia,Furniture,Bookshelf,1,60.87,0.0,60.87,44.33,16.54,2025,10,Oct,2025-10,27.17266305240677
ORD-03719,2023-10-26,CUST-0331,Consumer,British Columbia,Office Supplies,Printer Paper,2,58.01,0.1,104.42,73.71,30.71,2023,10,Oct,2023-10,29.410074698333656
ORD-03720,2025-05-23,CUST-0712,Consumer,British Columbia,Clothing,Sweater,5,203.58,0.0,1017.9,586.84,431.06,2025,5,May,2025-05,42.34797131348856
ORD-03721,2025-05-14,CUST-0225,Corporate,Manitoba,Office Supplies,Folders,3,78.27,0.05,223.07,172.59,50.48,2025,5,May,2025-05,22.629667817277088
ORD-03722,2025-12-17,CUST-0077,Corporate,Ontario,Office Supplies,Printer Paper,1,114.48,0.0,114.48,84.66,29.82,2025,12,Dec,2025-12,26.048218029350107
ORD-03723,2023-06-11,CUST-0522,Corporate,Manitoba,Clothing,T-Shirt,4,200.28,0.1,721.01,404.61,316.39,2023,6,Jun,2023-06,43.881499563112854
ORD-03724,2023-04-24,CUST-0264,Small Business,Ontario,Electronics,Headphones,1,1454.64,0.1,1309.18,726.65,582.52,2023,4,Apr,2023-04,44.4950274217449
ORD-03725,2023-12-21,CUST-0952,Corporate,Quebec,Office Supplies,Stapler,5,119.28,0.1,536.76,430.61,106.15,2023,12,Dec,2023-12,19.7760637901483
ORD-03726,2023-06-11,CUST-0415,Consumer,British Columbia,Furniture,Bookshelf,4,336.3,0.2,1076.16,753.81,322.35,2023,6,Jun,2023-06,29.95372435325602
ORD-03727,2025-04-03,CUST-0897,Consumer,Quebec,Furniture,Desk,1,319.45,0.05,303.48,182.97,120.51,2025,4,Apr,2025-04,39.70937129300118
ORD-03728,2023-09-23,CUST-0690,Consumer,British Columbia,Electronics,Laptop,1,1428.19,0.0,1428.19,1077.73,350.46,2023,9,Sep,2023-09,24.53875184674308
ORD-03729,2023-03-27,CUST-0572,Consumer,Ontario,Furniture,Lamp,5,226.44,0.0,1132.2,907.52,224.68,2023,3,Mar,2023-03,19.844550432785727
ORD-03730,2025-02-18,CUST-0609,Small Business,British Columbia,Office Supplies,Stapler,2,17.73,0.15,30.14,20.18,9.96,2025,2,Feb,2025-02,33.045786330457865
ORD-03731,2023-03-25,CUST-0048,Consumer,Alberta,Furniture,Cabinet,4,270.42,0.05,1027.6,804.9,222.7,2023,3,Mar,2023-03,21.671856753600625
ORD-03732,2025-03-26,CUST-0039,Corporate,Ontario,Electronics,Mouse,1,1380.48,0.05,1311.46,1059.46,252.0,2025,3,Mar,2025-03,19.2152257789029
ORD-03733,2023-11-24,CUST-0964,Consumer,Ontario,Clothing,Shoes,1,192.33,0.05,182.71,119.79,62.93,2023,11,Nov,2023-11,34.442559246893985
ORD-03734,2025-11-24,CUST-0249,Consumer,Quebec,Office Supplies,Notebook,3,86.3,0.0,258.9,210.75,48.15,2025,11,Nov,2025-11,18.597914252607186
ORD-03735,2025-07-31,CUST-0274,Corporate,Alberta,Clothing,Sweater,2,198.45,0.1,357.21,208.34,148.87,2025,7,Jul,2025-07,41.67576495618824
ORD-03736,2025-07-26,CUST-0396,Small Business,British Columbia,Furniture,Desk,1,828.39,0.2,662.71,411.19,251.52,2025,7,Jul,2025-07,37.95325255390744
ORD-03737,2024-11-03,CUST-0840,Consumer,Alberta,Office Supplies,Pens,3,7.84,0.0,23.52,15.79,7.73,2024,11,Nov,2024-11,32.8656462585034
ORD-03738,2024-09-28,CUST-0074,Corporate,Ontario,Clothing,Jacket,4,79.23,0.0,316.92,184.39,132.53,2024,9,Sep,2024-09,41.81812444781017
ORD-03739,2023-10-31,CUST-0308,Small Business,Manitoba,Electronics,Laptop,4,864.64,0.0,3458.56,2158.82,1299.74,2023,10,Oct,2023-10,37.58038027387121
ORD-03740,2023-03-15,CUST-0669,Corporate,Quebec,Electronics,Monitor,2,596.39,0.15,1013.86,579.32,434.54,2023,3,Mar,2023-03,42.859960941352846
ORD-03741,2025-05-03,CUST-0154,Consumer,Ontario,Office Supplies,Stapler,4,25.46,0.2,81.47,56.66,24.81,2025,5,May,2025-05,30.452927457959984
ORD-03742,2024-12-02,CUST-0902,Small Business,Quebec,Furniture,Office Chair,1,279.04,0.0,279.04,179.64,99.4,2024,12,Dec,2024-12,35.622133027522935
ORD-03743,2025-05-28,CUST-0345,Consumer,Manitoba,Clothing,Shoes,2,83.36,0.0,166.72,117.44,49.28,2025,5,May,2025-05,29.558541266794624
ORD-03744,2025-02-10,CUST-0838,Consumer,Quebec,Electronics,Monitor,2,1475.41,0.05,2803.28,1721.91,1081.37,2025,2,Feb,2025-02,38.57516908764019
ORD-03745,2024-07-28,CUST-0037,Corporate,Quebec,Furniture,Cabinet,4,675.41,0.05,2566.56,1764.46,802.1,2024,7,Jul,2024-07,31.25194813290942
ORD-03746,2025-12-26,CUST-0178,Small Business,British Columbia,Electronics,Monitor,5,493.58,0.0,2467.9,1868.44,599.46,2025,12,Dec,2025-12,24.29028728878804
ORD-03747,2025-11-14,CUST-0690,Consumer,Manitoba,Clothing,T-Shirt,1,204.26,0.1,183.83,118.82,65.02,2025,11,Nov,2025-11,35.36963498884839
ORD-03748,2025-05-23,CUST-0263,Small Business,Manitoba,Clothing,T-Shirt,1,149.7,0.0,149.7,89.39,60.31,2025,5,May,2025-05,40.287241148964604
ORD-03749,2025-10-30,CUST-0517,Consumer,Quebec,Clothing,T-Shirt,3,33.73,0.15,86.01,51.91,34.11,2025,10,Oct,2025-10,39.658179281478894
ORD-03750,2024-03-31,CUST-0378,Consumer,Manitoba,Electronics,Laptop,3,1157.43,0.05,3298.68,1929.27,1369.4,2024,3,Mar,2024-03,41.51357512702051
ORD-03751,2023-01-25,CUST-0671,Corporate,Ontario,Office Supplies,Printer Paper,2,52.0,0.1,93.6,70.95,22.65,2023,1,Jan,2023-01,24.19871794871795
ORD-03752,2025-10-25,CUST-0529,Small Business,Alberta,Electronics,Monitor,2,1049.41,0.2,1679.06,1216.82,462.24,2025,10,Oct,2025-10,27.529689230879185
ORD-03753,2025-12-04,CUST-0773,Consumer,Manitoba,Electronics,Laptop,1,1769.19,0.15,1503.81,1114.22,389.59,2025,12,Dec,2025-12,25.906863234052175
ORD-03754,2023-07-03,CUST-0749,Corporate,British Columbia,Office Supplies,Folders,3,46.59,0.05,132.78,97.11,35.67,2023,7,Jul,2023-07,26.863985539990964
ORD-03755,2024-06-21,CUST-0160,Corporate,Manitoba,Electronics,Keyboard,3,311.7,0.1,841.59,615.36,226.23,2024,6,Jun,2024-06,26.881260471250844
ORD-03756,2025-01-06,CUST-0987,Corporate,British Columbia,Electronics,Laptop,2,649.98,0.0,1299.96,923.39,376.57,2025,1,Jan,2025-01,28.967814394289054
ORD-03757,2024-11-27,CUST-0905,Consumer,Ontario,Electronics,Laptop,5,556.28,0.0,2781.4,1811.09,970.31,2024,11,Nov,2024-11,34.88566908750988
ORD-03758,2025-10-25,CUST-0872,Corporate,Alberta,Electronics,Monitor,5,962.54,0.15,4090.79,3341.8,749.0,2025,10,Oct,2025-10,18.309421896504098
ORD-03759,2024-11-02,CUST-0179,Consumer,Ontario,Electronics,Laptop,3,1655.29,0.2,3972.7,3092.54,880.16,2024,11,Nov,2024-11,22.155209303496363
ORD-03760,2024-05-28,CUST-0621,Consumer,Manitoba,Clothing,Jeans,1,83.91,0.1,75.52,57.04,18.48,2024,5,May,2024-05,24.470338983050848
ORD-03761,2025-03-17,CUST-0965,Small Business,Ontario,Office Supplies,Pens,4,27.21,0.2,87.07,63.91,23.16,2025,3,Mar,2025-03,26.59928792925233
ORD-03762,2024-09-14,CUST-0687,Small Business,Quebec,Office Supplies,Pens,4,50.25,0.0,201.0,160.25,40.75,2024,9,Sep,2024-09,20.273631840796018
ORD-03763,2023-03-23,CUST-0043,Consumer,Manitoba,Furniture,Desk,2,223.62,0.2,357.79,229.04,128.75,2023,3,Mar,2023-03,35.984795550462565
ORD-03764,2024-06-09,CUST-0638,Consumer,Alberta,Furniture,Desk,4,503.91,0.1,1814.08,1140.57,673.51,2024,6,Jun,2024-06,37.12680807902628
ORD-03765,2024-03-05,CUST-0187,Consumer,Ontario,Clothing,Jacket,3,28.68,0.0,86.04,48.2,37.84,2024,3,Mar,2024-03,43.97954439795444
ORD-03766,2025-06-15,CUST-0222,Consumer,Manitoba,Office Supplies,Stapler,5,11.19,0.15,47.56,28.83,18.73,2025,6,Jun,2025-06,39.38183347350715
ORD-03767,2023-01-11,CUST-0831,Consumer,Alberta,Clothing,Shoes,2,92.58,0.1,166.64,122.6,44.04,2023,1,Jan,2023-01,26.42822851656265
ORD-03768,2023-10-18,CUST-0850,Consumer,Ontario,Electronics,Monitor,2,611.56,0.0,1223.12,774.39,448.73,2023,10,Oct,2023-10,36.68732422002747
ORD-03769,2025-01-14,CUST-0011,Consumer,Alberta,Furniture,Office Chair,1,742.93,0.1,668.64,441.15,227.48,2025,1,Jan,2025-01,34.02129696099545
ORD-03770,2025-07-30,CUST-0368,Small Business,Manitoba,Electronics,Keyboard,3,498.34,0.1,1345.52,955.83,389.68,2025,7,Jul,2025-07,28.961293774897438
ORD-03771,2024-06-16,CUST-0088,Consumer,Manitoba,Office Supplies,Stapler,3,109.28,0.0,327.84,187.19,140.65,2024,6,Jun,2024-06,42.90202537823329
ORD-03772,2023-08-06,CUST-0826,Consumer,British Columbia,Office Supplies,Stapler,2,91.59,0.0,183.18,140.59,42.59,2023,8,Aug,2023-08,23.250354842231687
ORD-03773,2024-06-07,CUST-0762,Consumer,Manitoba,Furniture,Desk,4,217.31,0.2,695.39,537.88,157.51,2024,6,Jun,2024-06,22.6505989444772
ORD-03774,2023-05-07,CUST-0311,Consumer,British Columbia,Office Supplies,Printer Paper,3,98.21,0.0,294.63,187.11,107.52,2023,5,May,2023-05,36.49322879543835
ORD-03775,2024-06-17,CUST-0568,Small Business,Ontario,Electronics,Monitor,2,647.45,0.2,1035.92,831.68,204.24,2024,6,Jun,2024-06,19.715808170515096
ORD-03776,2023-01-06,CUST-0202,Corporate,Manitoba,Electronics,Mouse,2,567.2,0.2,907.52,605.83,301.69,2023,1,Jan,2023-01,33.24334449929478
ORD-03777,2024-12-22,CUST-0284,Corporate,Manitoba,Office Supplies,Pens,2,36.77,0.1,66.19,54.26,11.93,2024,12,Dec,2024-12,18.0238706753286
ORD-03778,2024-01-09,CUST-0754,Corporate,Alberta,Clothing,T-Shirt,4,38.11,0.1,137.2,107.31,29.89,2024,1,Jan,2024-01,21.78571428571429
ORD-03779,2023-05-02,CUST-0781,Corporate,British Columbia,Furniture,Desk,2,128.91,0.0,257.82,197.2,60.62,2023,5,May,2023-05,23.512528120394073
ORD-03780,2023-08-15,CUST-0062,Corporate,Manitoba,Office Supplies,Notebook,2,10.3,0.15,17.51,13.72,3.79,2023,8,Aug,2023-08,21.644774414620215
ORD-03781,2023-08-22,CUST-0276,Consumer,Manitoba,Electronics,Mouse,5,317.41,0.1,1428.35,794.11,634.23,2023,8,Aug,2023-08,44.402982462281656
ORD-03782,2023-10-09,CUST-0215,Consumer,Quebec,Furniture,Cabinet,3,848.02,0.05,2416.86,1695.68,721.17,2023,10,Oct,2023-10,29.83913011097043
ORD-03783,2024-05-25,CUST-0538,Consumer,Manitoba,Clothing,Sweater,3,85.74,0.0,257.22,163.55,93.67,2024,5,May,2024-05,36.416297333022314
ORD-03784,2025-02-04,CUST-0642,Consumer,Quebec,Electronics,Laptop,5,1552.52,0.0,7762.6,4631.92,3130.68,2025,2,Feb,2025-02,40.330301703037634
ORD-03785,2023-08-11,CUST-0065,Consumer,British Columbia,Electronics,Laptop,4,1394.31,0.0,5577.24,3806.17,1771.07,2023,8,Aug,2023-08,31.75531266361139
ORD-03786,2025-06-14,CUST-0451,Consumer,Manitoba,Clothing,T-Shirt,5,167.48,0.05,795.53,632.49,163.04,2025,6,Jun,2025-06,20.494513091900995
ORD-03787,2023-08-29,CUST-0712,Consumer,Manitoba,Office Supplies,Notebook,4,26.77,0.0,107.08,71.4,35.68,2023,8,Aug,2023-08,33.32088158386253
ORD-03788,2024-01-05,CUST-0100,Consumer,Manitoba,Clothing,Jacket,5,50.59,0.15,215.01,158.42,56.58,2024,1,Jan,2024-01,26.31505511371564
ORD-03789,2024-05-08,CUST-0465,Consumer,British Columbia,Office Supplies,Printer Paper,3,7.31,0.15,18.64,11.86,6.78,2024,5,May,2024-05,36.37339055793991
ORD-03790,2023-08-05,CUST-0412,Small Business,Manitoba,Office Supplies,Printer Paper,3,79.55,0.2,190.92,106.34,84.58,2023,8,Aug,2023-08,44.30127802220826
ORD-03791,2024-06-13,CUST-0711,Consumer,Ontario,Electronics,Monitor,1,1170.87,0.05,1112.33,780.56,331.76,2024,6,Jun,2024-06,29.825681227693224
ORD-03792,2025-04-10,CUST-0662,Consumer,Alberta,Electronics,Mouse,1,189.93,0.1,170.94,106.93,64.01,2025,4,Apr,2025-04,37.44588744588745
ORD-03793,2023-10-14,CUST-0303,Consumer,Quebec,Furniture,Desk,2,529.94,0.1,953.89,753.43,200.46,2023,10,Oct,2023-10,21.0150017297592
ORD-03794,2023-10-04,CUST-0780,Consumer,British Columbia,Office Supplies,Pens,4,106.79,0.1,384.44,223.59,160.86,2023,10,Oct,2023-10,41.842680262199565
ORD-03795,2025-11-23,CUST-0920,Consumer,British Columbia,Electronics,Keyboard,4,1688.26,0.0,6753.04,4652.48,2100.56,2025,11,Nov,2025-11,31.10539845758355
ORD-03796,2025-01-13,CUST-0182,Corporate,Manitoba,Furniture,Lamp,2,294.59,0.2,471.34,325.45,145.89,2025,1,Jan,2025-01,30.952178894216487
ORD-03797,2024-12-13,CUST-0698,Corporate,British Columbia,Clothing,Jacket,4,118.28,0.2,378.5,299.26,79.24,2024,12,Dec,2024-12,20.93527080581242
ORD-03798,2023-04-03,CUST-0380,Corporate,British Columbia,Furniture,Office Chair,4,269.12,0.0,1076.48,697.09,379.39,2023,4,Apr,2023-04,35.24357164090369
ORD-03799,2024-08-25,CUST-0678,Consumer,Ontario,Electronics,Headphones,3,1552.56,0.0,4657.68,3208.29,1449.39,2024,8,Aug,2024-08,31.11828206317308
ORD-03800,2023-05-31,CUST-0749,Consumer,Manitoba,Electronics,Mouse,2,718.9,0.05,1365.91,835.99,529.92,2023,5,May,2023-05,38.796113946014
ORD-03801,2023-03-03,CUST-0435,Consumer,Manitoba,Electronics,Headphones,1,1451.79,0.1,1306.61,1053.21,253.4,2023,3,Mar,2023-03,19.39369819609524
ORD-03802,2023-01-10,CUST-0102,Consumer,British Columbia,Electronics,Mouse,3,726.21,0.1,1960.77,1457.36,503.4,2023,1,Jan,2023-01,25.67358741718814
ORD-03803,2024-12-16,CUST-0521,Corporate,Quebec,Office Supplies,Pens,2,97.5,0.0,195.0,129.87,65.13,2024,12,Dec,2024-12,33.4
ORD-03804,2023-06-06,CUST-0292,Consumer,Quebec,Electronics,Mouse,4,683.58,0.1,2460.89,1851.92,608.97,2023,6,Jun,2023-06,24.745925254684284
ORD-03805,2025-10-11,CUST-0840,Consumer,Alberta,Furniture,Desk,4,842.83,0.1,3034.19,2404.18,630.0,2025,10,Oct,2025-10,20.763366829367968
ORD-03806,2024-10-13,CUST-0344,Corporate,Manitoba,Office Supplies,Pens,2,64.15,0.0,128.3,88.45,39.85,2024,10,Oct,2024-10,31.060015588464534
ORD-03807,2025-08-26,CUST-0236,Consumer,Manitoba,Office Supplies,Notebook,3,65.91,0.1,177.96,136.6,41.36,2025,8,Aug,2025-08,23.241177792762414
ORD-03808,2025-12-03,CUST-0198,Consumer,British Columbia,Electronics,Headphones,3,626.83,0.1,1692.44,1074.29,618.15,2025,12,Dec,2025-12,36.52418992696934
ORD-03809,2024-05-21,CUST-0711,Corporate,Quebec,Electronics,Laptop,4,316.33,0.05,1202.05,834.73,367.33,2024,5,May,2024-05,30.558629008776673
ORD-03810,2025-05-29,CUST-0908,Consumer,Ontario,Electronics,Mouse,4,1074.4,0.1,3867.84,2541.03,1326.81,2025,5,May,2025-05,34.30364234301315
ORD-03811,2025-07-30,CUST-0756,Corporate,Alberta,Office Supplies,Pens,1,12.3,0.15,10.46,6.09,4.37,2025,7,Jul,2025-07,41.77820267686424
ORD-03812,2025-01-08,CUST-0100,Consumer,Alberta,Electronics,Keyboard,5,537.22,0.1,2417.49,1723.58,693.91,2025,1,Jan,2025-01,28.703738174718406
ORD-03813,2023-01-09,CUST-0740,Consumer,Ontario,Electronics,Monitor,2,216.04,0.0,432.08,316.35,115.73,2023,1,Jan,2023-01,26.784391779300133
ORD-03814,2025-05-04,CUST-0065,Small Business,Ontario,Clothing,Sweater,2,90.14,0.05,171.27,96.04,75.23,2025,5,May,2025-05,43.924797103987856
ORD-03815,2025-03-30,CUST-0779,Consumer,Alberta,Clothing,T-Shirt,4,247.71,0.0,990.84,682.43,308.41,2025,3,Mar,2025-03,31.126115215372817
ORD-03816,2023-08-31,CUST-0576,Corporate,Ontario,Furniture,Lamp,1,529.88,0.0,529.88,385.04,144.84,2023,8,Aug,2023-08,27.334490828112024
ORD-03817,2024-02-24,CUST-0317,Small Business,British Columbia,Electronics,Headphones,5,984.78,0.0,4923.9,3531.33,1392.57,2024,2,Feb,2024-02,28.28184975324438
ORD-03818,2025-09-27,CUST-0650,Small Business,Quebec,Clothing,Sweater,4,52.43,0.1,188.75,106.16,82.59,2025,9,Sep,2025-09,43.75629139072848
ORD-03819,2024-05-11,CUST-0990,Consumer,Alberta,Furniture,Lamp,1,269.88,0.0,269.88,205.98,63.9,2024,5,May,2024-05,23.67718986216096
ORD-03820,2025-05-29,CUST-0219,Consumer,Alberta,Office Supplies,Printer Paper,3,117.8,0.05,335.73,230.38,105.35,2025,5,May,2025-05,31.3793822416823
ORD-03821,2024-04-11,CUST-0159,Consumer,British Columbia,Furniture,Desk,3,732.09,0.1,1976.64,1375.69,600.95,2024,4,Apr,2024-04,30.402602395985106
ORD-03822,2025-04-16,CUST-0011,Corporate,Ontario,Electronics,Laptop,5,826.55,0.05,3926.11,2845.35,1080.76,2025,4,Apr,2025-04,27.527501776567643
ORD-03823,2025-07-07,CUST-0541,Consumer,British Columbia,Electronics,Mouse,3,782.59,0.05,2230.38,1686.1,544.28,2025,7,Jul,2025-07,24.403016526331832
ORD-03824,2025-06-21,CUST-0281,Consumer,Ontario,Furniture,Bookshelf,5,276.44,0.1,1243.98,920.79,323.19,2025,6,Jun,2025-06,25.980321227029375
ORD-03825,2024-08-04,CUST-0712,Consumer,Quebec,Electronics,Keyboard,3,1507.34,0.0,4522.02,2864.93,1657.09,2024,8,Aug,2024-08,36.64490647984749
ORD-03826,2023-04-18,CUST-0886,Consumer,Alberta,Office Supplies,Folders,5,72.82,0.2,291.28,194.37,96.91,2023,4,Apr,2023-04,33.270392749244714
ORD-03827,2025-02-23,CUST-0839,Consumer,Alberta,Furniture,Desk,5,333.46,0.0,1667.3,917.19,750.11,2025,2,Feb,2025-02,44.98950398848438
ORD-03828,2024-06-11,CUST-0892,Corporate,Manitoba,Electronics,Mouse,2,1129.9,0.05,2146.81,1302.83,843.98,2024,6,Jun,2024-06,39.31321355872201
ORD-03829,2023-10-23,CUST-0190,Consumer,Manitoba,Clothing,Jacket,2,145.0,0.1,261.0,184.88,76.12,2023,10,Oct,2023-10,29.16475095785441
ORD-03830,2025-01-12,CUST-0201,Consumer,Ontario,Clothing,Shoes,2,168.44,0.0,336.88,215.28,121.6,2025,1,Jan,2025-01,36.095939206839226
ORD-03831,2023-09-15,CUST-0456,Consumer,Manitoba,Office Supplies,Stapler,3,81.66,0.05,232.73,147.59,85.14,2023,9,Sep,2023-09,36.583165041034675
ORD-03832,2024-08-01,CUST-0312,Consumer,British Columbia,Furniture,Desk,3,707.67,0.05,2016.86,1401.11,615.75,2024,8,Aug,2024-08,30.5301309957062
ORD-03833,2024-12-07,CUST-0123,Corporate,British Columbia,Office Supplies,Stapler,3,82.04,0.0,246.12,195.73,50.39,2024,12,Dec,2024-12,20.473752640988135
ORD-03834,2025-08-29,CUST-0330,Corporate,Quebec,Electronics,Laptop,4,1666.07,0.15,5664.64,3222.35,2442.29,2025,8,Aug,2025-08,43.114655123714826
ORD-03835,2023-10-01,CUST-0558,Corporate,Manitoba,Office Supplies,Notebook,3,95.67,0.2,229.61,158.4,71.21,2023,10,Oct,2023-10,31.01345760202081
ORD-03836,2023-03-11,CUST-0925,Consumer,Quebec,Furniture,Office Chair,5,378.53,0.05,1798.02,1434.07,363.95,2023,3,Mar,2023-03,20.241710325802828
ORD-03837,2024-05-11,CUST-0787,Consumer,British Columbia,Electronics,Monitor,5,202.19,0.0,1010.95,647.74,363.21,2024,5,May,2024-05,35.92759285820268
ORD-03838,2025-12-06,CUST-0284,Consumer,British Columbia,Clothing,Jeans,5,46.39,0.0,231.95,152.14,79.81,2025,12,Dec,2025-12,34.40827764604441
ORD-03839,2025-12-26,CUST-0072,Consumer,Alberta,Office Supplies,Pens,2,99.14,0.0,198.28,132.57,65.71,2025,12,Dec,2025-12,33.1400040346984
ORD-03840,2023-01-26,CUST-0734,Consumer,Manitoba,Office Supplies,Pens,1,10.39,0.0,10.39,8.34,2.05,2023,1,Jan,2023-01,19.730510105871026
ORD-03841,2024-08-27,CUST-0852,Consumer,Manitoba,Clothing,Jeans,5,80.21,0.05,381.0,261.24,119.76,2024,8,Aug,2024-08,31.433070866141733
ORD-03842,2023-05-31,CUST-0944,Consumer,British Columbia,Office Supplies,Notebook,4,96.84,0.05,367.99,292.48,75.52,2023,5,May,2023-05,20.52229680154352
ORD-03843,2025-12-27,CUST-0098,Consumer,Alberta,Office Supplies,Notebook,4,17.89,0.15,60.83,46.34,14.49,2025,12,Dec,2025-12,23.8204833141542
ORD-03844,2023-08-20,CUST-0113,Consumer,Ontario,Electronics,Monitor,1,630.15,0.1,567.14,464.0,103.14,2023,8,Aug,2023-08,18.185985823606167
ORD-03845,2024-11-21,CUST-0246,Small Business,British Columbia,Furniture,Desk,4,613.48,0.15,2085.83,1432.44,653.39,2024,11,Nov,2024-11,31.325179904402567
ORD-03846,2023-09-27,CUST-0982,Consumer,Alberta,Furniture,Lamp,4,199.62,0.0,798.48,599.22,199.26,2023,9,Sep,2023-09,24.954914337240755
ORD-03847,2024-03-26,CUST-0002,Consumer,Manitoba,Clothing,Sweater,5,221.34,0.0,1106.7,733.21,373.49,2024,3,Mar,2024-03,33.74807987711213
ORD-03848,2025-08-09,CUST-0657,Consumer,British Columbia,Office Supplies,Printer Paper,5,70.15,0.0,350.75,263.94,86.81,2025,8,Aug,2025-08,24.74982181040627
ORD-03849,2025-07-03,CUST-0185,Consumer,Alberta,Office Supplies,Folders,5,56.17,0.1,252.76,177.58,75.19,2025,7,Jul,2025-07,29.74758664345624
ORD-03850,2024-07-22,CUST-0615,Consumer,British Columbia,Clothing,T-Shirt,5,105.23,0.2,420.92,301.98,118.94,2024,7,Jul,2024-07,28.257151002565806
ORD-03851,2025-03-23,CUST-0218,Consumer,British Columbia,Electronics,Headphones,2,1678.46,0.0,3356.92,2257.58,1099.34,2025,3,Mar,2025-03,32.748471813448035
ORD-03852,2025-08-19,CUST-0853,Consumer,British Columbia,Furniture,Desk,4,599.65,0.05,2278.67,1790.95,487.72,2025,8,Aug,2025-08,21.403713569757798
ORD-03853,2023-10-02,CUST-0208,Corporate,British Columbia,Furniture,Cabinet,1,648.62,0.15,551.33,351.07,200.25,2023,10,Oct,2023-10,36.321259499755136
ORD-03854,2023-06-13,CUST-0863,Consumer,Quebec,Furniture,Cabinet,2,530.22,0.2,848.35,581.61,266.74,2023,6,Jun,2023-06,31.442211351446925
ORD-03855,2024-05-19,CUST-0130,Corporate,Ontario,Furniture,Desk,5,52.55,0.1,236.48,180.49,55.99,2024,5,May,2024-05,23.676420838971584
ORD-03856,2024-02-08,CUST-0116,Small Business,Alberta,Electronics,Monitor,4,753.29,0.15,2561.19,1972.11,589.08,2024,2,Feb,2024-02,23.00024597940801
ORD-03857,2024-01-26,CUST-0660,Consumer,Ontario,Electronics,Headphones,1,424.54,0.0,424.54,298.59,125.95,2024,1,Jan,2024-01,29.667404720403255
ORD-03858,2024-03-02,CUST-0404,Consumer,Quebec,Clothing,T-Shirt,2,113.67,0.2,181.87,139.06,42.81,2024,3,Mar,2024-03,23.53879144443834
ORD-03859,2025-07-31,CUST-0278,Corporate,Quebec,Furniture,Desk,1,176.29,0.0,176.29,133.29,43.0,2025,7,Jul,2025-07,24.391627432072156
ORD-03860,2025-06-18,CUST-0852,Corporate,Alberta,Office Supplies,Folders,2,115.85,0.0,231.7,158.29,73.41,2025,6,Jun,2025-06,31.68321104876996
ORD-03861,2023-01-31,CUST-0372,Consumer,Quebec,Furniture,Cabinet,4,210.15,0.1,756.54,436.95,319.59,2023,1,Jan,2023-01,42.243635498453486
ORD-03862,2023-07-15,CUST-0623,Consumer,Quebec,Office Supplies,Printer Paper,2,38.26,0.0,76.52,52.17,24.35,2023,7,Jul,2023-07,31.821745948771568
ORD-03863,2023-03-04,CUST-0499,Corporate,Ontario,Furniture,Bookshelf,1,688.48,0.0,688.48,519.83,168.65,2023,3,Mar,2023-03,24.495991168951896
ORD-03864,2025-08-06,CUST-0912,Small Business,Manitoba,Office Supplies,Pens,4,44.92,0.15,152.73,97.58,55.15,2025,8,Aug,2025-08,36.10947423557913
ORD-03865,2025-08-10,CUST-0181,Small Business,Alberta,Furniture,Bookshelf,4,183.45,0.1,660.42,452.49,207.93,2025,8,Aug,2025-08,31.484509857363495
ORD-03866,2025-05-20,CUST-0491,Consumer,Alberta,Furniture,Bookshelf,2,412.64,0.0,825.28,482.06,343.22,2025,5,May,2025-05,41.58830942225669
ORD-03867,2025-10-15,CUST-0593,Consumer,Manitoba,Electronics,Headphones,1,1649.64,0.0,1649.64,1052.27,597.37,2025,10,Oct,2025-10,36.21214325549817
ORD-03868,2025-12-29,CUST-0251,Corporate,Ontario,Electronics,Laptop,4,1624.83,0.05,6174.35,4287.95,1886.4,2025,12,Dec,2025-12,30.552203875711616
ORD-03869,2023-01-10,CUST-0323,Small Business,British Columbia,Clothing,Sweater,4,28.55,0.15,97.07,64.12,32.95,2023,1,Jan,2023-01,33.944576079118164
ORD-03870,2025-11-14,CUST-0753,Consumer,Alberta,Clothing,Jacket,4,25.9,0.0,103.6,77.79,25.81,2025,11,Nov,2025-11,24.913127413127416
ORD-03871,2024-09-06,CUST-0228,Consumer,Ontario,Electronics,Laptop,4,1649.67,0.05,6268.75,4295.04,1973.7,2024,9,Sep,2024-09,31.484745762711864
ORD-03872,2023-08-06,CUST-0853,Consumer,Manitoba,Furniture,Desk,1,898.72,0.1,808.85,482.96,325.89,2023,8,Aug,2023-08,40.290535946096306
ORD-03873,2025-05-10,CUST-0176,Consumer,Manitoba,Electronics,Headphones,3,1478.92,0.0,4436.76,2916.22,1520.54,2025,5,May,2025-05,34.271405259694006
ORD-03874,2025-02-20,CUST-0243,Consumer,Manitoba,Electronics,Laptop,3,899.29,0.0,2697.87,1581.29,1116.58,2025,2,Feb,2025-02,41.38746492603424
ORD-03875,2024-05-06,CUST-0265,Consumer,Manitoba,Electronics,Headphones,3,1673.08,0.2,4015.39,2895.68,1119.71,2024,5,May,2024-05,27.885460689995245
ORD-03876,2025-03-11,CUST-0034,Consumer,Quebec,Office Supplies,Pens,1,79.49,0.0,79.49,45.2,34.29,2025,3,Mar,2025-03,43.13750157252485
ORD-03877,2023-12-07,CUST-0279,Corporate,British Columbia,Clothing,T-Shirt,1,27.41,0.0,27.41,19.93,7.48,2023,12,Dec,2023-12,27.289310470631158
ORD-03878,2023-12-01,CUST-0127,Corporate,Ontario,Furniture,Desk,4,482.84,0.1,1738.22,1254.45,483.77,2023,12,Dec,2023-12,27.831344708955136
ORD-03879,2023-09-22,CUST-0181,Consumer,Manitoba,Electronics,Headphones,2,1491.17,0.0,2982.34,2184.25,798.09,2023,9,Sep,2023-09,26.760530321827826
ORD-03880,2023-09-02,CUST-0005,Consumer,British Columbia,Electronics,Keyboard,2,296.3,0.05,562.97,336.23,226.74,2023,9,Sep,2023-09,40.27568076451676
ORD-03881,2024-03-03,CUST-0604,Consumer,Alberta,Electronics,Monitor,1,1274.99,0.05,1211.24,969.95,241.29,2024,3,Mar,2024-03,19.920907499752317
ORD-03882,2023-01-08,CUST-0199,Small Business,Manitoba,Furniture,Bookshelf,4,805.18,0.1,2898.65,1920.34,978.31,2023,1,Jan,2023-01,33.75053904403774
ORD-03883,2024-06-03,CUST-0027,Corporate,British Columbia,Electronics,Monitor,5,517.65,0.05,2458.84,1692.99,765.85,2024,6,Jun,2024-06,31.14680093052008
ORD-03884,2023-05-19,CUST-0928,Corporate,Alberta,Furniture,Cabinet,2,826.74,0.0,1653.48,1245.37,408.11,2023,5,May,2023-05,24.681883058760917
ORD-03885,2024-06-26,CUST-0281,Consumer,Quebec,Electronics,Mouse,1,629.52,0.15,535.09,354.58,180.51,2024,6,Jun,2024-06,33.73451195126053
ORD-03886,2023-03-24,CUST-0009,Consumer,Quebec,Furniture,Office Chair,1,276.35,0.0,276.35,168.79,107.56,2023,3,Mar,2023-03,38.92165731861769
ORD-03887,2025-03-08,CUST-0647,Consumer,Manitoba,Electronics,Monitor,1,132.86,0.1,119.57,72.31,47.27,2025,3,Mar,2025-03,39.53332775779879
ORD-03888,2024-11-16,CUST-0292,Small Business,Manitoba,Electronics,Mouse,2,482.97,0.1,869.35,561.83,307.52,2024,11,Nov,2024-11,35.37355495485132
ORD-03889,2024-01-19,CUST-0364,Consumer,Alberta,Furniture,Cabinet,2,206.67,0.2,330.67,254.67,76.01,2024,1,Jan,2024-01,22.986663440892734
ORD-03890,2025-12-29,CUST-0327,Consumer,Alberta,Electronics,Headphones,3,857.8,0.0,2573.4,1912.86,660.54,2025,12,Dec,2025-12,25.667987875961764
ORD-03891,2024-12-06,CUST-0386,Consumer,Manitoba,Office Supplies,Pens,2,82.18,0.0,164.36,106.68,57.68,2024,12,Dec,2024-12,35.09369676320272
ORD-03892,2025-08-01,CUST-0331,Corporate,Alberta,Office Supplies,Printer Paper,2,34.83,0.15,59.21,42.31,16.9,2025,8,Aug,2025-08,28.542475933119405
ORD-03893,2023-09-04,CUST-0756,Consumer,British Columbia,Office Supplies,Folders,3,60.27,0.0,180.81,105.14,75.67,2023,9,Sep,2023-09,41.85056136275648
ORD-03894,2025-02-27,CUST-0143,Consumer,Alberta,Clothing,T-Shirt,3,170.35,0.1,459.94,256.71,203.24,2025,2,Feb,2025-02,44.18837239639954
ORD-03895,2025-12-12,CUST-0596,Small Business,Manitoba,Furniture,Desk,3,798.14,0.0,2394.42,1867.84,526.58,2025,12,Dec,2025-12,21.991964651147253
ORD-03896,2024-01-11,CUST-0868,Small Business,Alberta,Electronics,Mouse,5,1234.56,0.1,5555.52,3212.04,2343.48,2024,1,Jan,2024-01,42.18290997062381
ORD-03897,2023-02-16,CUST-0299,Small Business,Manitoba,Clothing,T-Shirt,2,82.8,0.05,157.32,110.43,46.89,2023,2,Feb,2023-02,29.805491990846683
ORD-03898,2024-08-26,CUST-0693,Consumer,Quebec,Clothing,Shoes,4,73.86,0.2,236.35,143.14,93.21,2024,8,Aug,2024-08,39.43727522741696
ORD-03899,2025-01-26,CUST-0899,Corporate,Quebec,Electronics,Monitor,2,298.6,0.0,597.2,349.74,247.46,2025,1,Jan,2025-01,41.43670462156731
ORD-03900,2023-02-22,CUST-0167,Consumer,Quebec,Furniture,Cabinet,2,182.02,0.05,345.84,234.72,111.12,2023,2,Feb,2023-02,32.13046495489244
ORD-03901,2024-08-06,CUST-0377,Consumer,Manitoba,Electronics,Headphones,2,1427.58,0.0,2855.16,1799.05,1056.11,2024,8,Aug,2024-08,36.98952072738481
ORD-03902,2023-12-09,CUST-0980,Consumer,Quebec,Office Supplies,Notebook,5,97.15,0.1,437.18,299.82,137.35,2023,12,Dec,2023-12,31.417265199688917
ORD-03903,2023-05-31,CUST-0616,Consumer,Manitoba,Electronics,Monitor,4,1039.98,0.0,4159.92,3182.56,977.36,2023,5,May,2023-05,23.49468259004981
ORD-03904,2024-09-02,CUST-0027,Consumer,British Columbia,Office Supplies,Folders,5,107.22,0.15,455.68,353.51,102.17,2024,9,Sep,2024-09,22.421436095505616
ORD-03905,2023-07-08,CUST-0945,Corporate,British Columbia,Electronics,Monitor,4,710.73,0.0,2842.92,2250.31,592.61,2023,7,Jul,2023-07,20.845116992388107
ORD-03906,2023-11-25,CUST-0411,Consumer,Alberta,Office Supplies,Notebook,3,33.39,0.2,80.14,45.51,34.63,2023,11,Nov,2023-11,43.21187921138009
ORD-03907,2025-12-19,CUST-0670,Consumer,Alberta,Office Supplies,Folders,2,64.15,0.0,128.3,104.92,23.38,2025,12,Dec,2025-12,18.222915042868276
ORD-03908,2024-06-27,CUST-0283,Corporate,Alberta,Electronics,Headphones,3,688.31,0.1,1858.44,1249.91,608.52,2024,6,Jun,2024-06,32.74359139923807
ORD-03909,2023-05-14,CUST-0048,Consumer,Manitoba,Office Supplies,Folders,1,43.62,0.0,43.62,27.29,16.33,2023,5,May,2023-05,37.436955524988534
ORD-03910,2023-09-15,CUST-0240,Small Business,British Columbia,Clothing,T-Shirt,5,165.13,0.0,825.65,592.81,232.84,2023,9,Sep,2023-09,28.200811481862775
ORD-03911,2025-07-15,CUST-0954,Small Business,Manitoba,Electronics,Monitor,1,694.59,0.1,625.13,442.84,182.29,2025,7,Jul,2025-07,29.160334650392716
ORD-03912,2024-07-30,CUST-0617,Consumer,Quebec,Electronics,Monitor,3,1185.81,0.0,3557.43,2245.31,1312.12,2024,7,Jul,2024-07,36.883930253019734
ORD-03913,2024-06-09,CUST-0747,Small Business,British Columbia,Furniture,Cabinet,5,698.44,0.1,3142.98,2557.35,585.63,2024,6,Jun,2024-06,18.632953439092837
ORD-03914,2025-01-14,CUST-0344,Corporate,Quebec,Furniture,Lamp,4,198.33,0.1,713.99,522.13,191.86,2025,1,Jan,2025-01,26.87152481127187
ORD-03915,2025-02-07,CUST-0296,Corporate,Manitoba,Furniture,Lamp,4,448.03,0.15,1523.3,1230.06,293.24,2025,2,Feb,2025-02,19.250311823015824
ORD-03916,2023-05-29,CUST-0445,Corporate,Alberta,Furniture,Cabinet,1,277.92,0.1,250.13,165.77,84.36,2023,5,May,2023-05,33.72646223963539
ORD-03917,2025-10-10,CUST-0426,Small Business,Alberta,Clothing,T-Shirt,3,213.55,0.0,640.65,474.68,165.97,2025,10,Oct,2025-10,25.90650120970889
ORD-03918,2025-07-26,CUST-0075,Consumer,Ontario,Office Supplies,Folders,1,89.31,0.15,75.91,47.28,28.63,2025,7,Jul,2025-07,37.71571597944935
ORD-03919,2023-06-17,CUST-0867,Consumer,Ontario,Electronics,Laptop,5,568.12,0.2,2272.48,1778.99,493.49,2023,6,Jun,2023-06,21.71592269238893
ORD-03920,2024-04-29,CUST-0704,Consumer,Alberta,Office Supplies,Stapler,4,26.24,0.0,104.96,61.98,42.98,2024,4,Apr,2024-04,40.948932926829265
ORD-03921,2024-12-30,CUST-0756,Small Business,Alberta,Office Supplies,Stapler,4,82.19,0.0,328.76,234.8,93.96,2024,12,Dec,2024-12,28.58011923591678
ORD-03922,2024-03-18,CUST-0934,Consumer,Manitoba,Furniture,Lamp,1,368.73,0.0,368.73,211.12,157.61,2024,3,Mar,2024-03,42.74401323461612
ORD-03923,2025-02-13,CUST-0204,Consumer,Manitoba,Electronics,Laptop,2,1618.29,0.05,3074.75,1720.43,1354.32,2025,2,Feb,2025-02,44.04650784616636
ORD-03924,2023-07-22,CUST-0388,Consumer,Quebec,Clothing,Shoes,4,64.49,0.15,219.27,152.61,66.66,2023,7,Jul,2023-07,30.4008756327815
ORD-03925,2025-03-23,CUST-0959,Corporate,Alberta,Clothing,Jacket,5,139.27,0.0,696.35,397.02,299.33,2025,3,Mar,2025-03,42.98556760249874
ORD-03926,2025-03-30,CUST-0316,Consumer,Ontario,Office Supplies,Notebook,3,14.72,0.0,44.16,29.87,14.29,2025,3,Mar,2025-03,32.35960144927536
ORD-03927,2023-08-24,CUST-0356,Consumer,Quebec,Clothing,Sweater,1,40.92,0.05,38.87,29.86,9.01,2023,8,Aug,2023-08,23.179830203241576
ORD-03928,2024-09-02,CUST-0709,Consumer,Manitoba,Electronics,Laptop,4,426.84,0.0,1707.36,961.79,745.57,2024,9,Sep,2024-09,43.668002061662456
ORD-03929,2025-02-17,CUST-0588,Small Business,Quebec,Furniture,Cabinet,2,335.12,0.15,569.7,332.32,237.38,2025,2,Feb,2025-02,41.667544321572755
ORD-03930,2024-10-13,CUST-0780,Corporate,Alberta,Furniture,Bookshelf,2,433.18,0.0,866.36,586.84,279.52,2024,10,Oct,2024-10,32.263724086984624
ORD-03931,2023-11-11,CUST-0884,Consumer,Quebec,Furniture,Bookshelf,4,583.03,0.1,2098.91,1212.6,886.3,2023,11,Nov,2023-11,42.226679562248975
ORD-03932,2024-01-22,CUST-0251,Corporate,Quebec,Office Supplies,Printer Paper,2,77.51,0.1,139.52,78.46,61.05,2024,1,Jan,2024-01,43.757167431192656
ORD-03933,2025-08-17,CUST-0051,Consumer,Manitoba,Electronics,Mouse,3,551.77,0.05,1572.54,875.81,696.73,2025,8,Aug,2025-08,44.30602719167716
ORD-03934,2023-03-16,CUST-0663,Consumer,British Columbia,Electronics,Headphones,2,961.25,0.2,1538.0,895.54,642.46,2023,3,Mar,2023-03,41.772431729518864
ORD-03935,2023-04-10,CUST-0966,Consumer,British Columbia,Electronics,Mouse,3,800.35,0.0,2401.05,1644.51,756.54,2023,4,Apr,2023-04,31.508714937214965
ORD-03936,2023-06-08,CUST-0103,Consumer,Quebec,Electronics,Keyboard,3,1135.34,0.0,3406.02,2069.95,1336.07,2023,6,Jun,2023-06,39.22672209793248
ORD-03937,2024-08-05,CUST-0075,Corporate,Alberta,Electronics,Mouse,3,632.47,0.2,1517.93,1135.5,382.43,2024,8,Aug,2024-08,25.19417891470621
ORD-03938,2024-03-12,CUST-0702,Small Business,Manitoba,Furniture,Office Chair,2,615.7,0.05,1169.83,735.42,434.41,2024,3,Mar,2024-03,37.1344554336955
ORD-03939,2023-01-12,CUST-0220,Corporate,Ontario,Office Supplies,Notebook,2,34.55,0.05,65.64,51.74,13.91,2023,1,Jan,2023-01,21.19134673979281
ORD-03940,2023-01-21,CUST-0835,Consumer,British Columbia,Electronics,Keyboard,2,1198.46,0.15,2037.38,1581.75,455.63,2023,1,Jan,2023-01,22.36352570458137
ORD-03941,2025-04-06,CUST-0519,Consumer,Alberta,Furniture,Desk,3,582.75,0.15,1486.01,919.5,566.51,2025,4,Apr,2025-04,38.122892847289044
ORD-03942,2023-02-14,CUST-0777,Corporate,British Columbia,Furniture,Lamp,3,319.32,0.1,862.16,700.77,161.39,2023,2,Feb,2023-02,18.719263245801244
ORD-03943,2023-07-12,CUST-0823,Small Business,Ontario,Electronics,Keyboard,5,670.66,0.2,2682.64,1556.53,1126.11,2023,7,Jul,2023-07,41.977678704559686
ORD-03944,2024-05-06,CUST-0749,Consumer,Alberta,Electronics,Keyboard,5,337.11,0.15,1432.72,819.23,613.49,2024,5,May,2024-05,42.81995086269473
ORD-03945,2025-09-05,CUST-0582,Small Business,Quebec,Electronics,Mouse,2,460.45,0.15,782.76,584.77,197.99,2025,9,Sep,2025-09,25.293832081353163
ORD-03946,2024-01-02,CUST-0045,Consumer,Ontario,Furniture,Office Chair,5,189.28,0.15,804.44,609.55,194.89,2024,1,Jan,2024-01,24.226791308239267
ORD-03947,2024-09-19,CUST-0115,Small Business,Manitoba,Furniture,Lamp,4,793.31,0.2,2538.59,1855.6,683.0,2024,9,Sep,2024-09,26.90469906522912
ORD-03948,2023-05-24,CUST-0424,Consumer,Manitoba,Office Supplies,Notebook,4,98.21,0.15,333.91,261.75,72.17,2023,5,May,2023-05,21.613608457368752
ORD-03949,2024-02-16,CUST-0749,Small Business,British Columbia,Office Supplies,Printer Paper,5,33.65,0.15,143.01,99.96,43.05,2024,2,Feb,2024-02,30.102790014684288
ORD-03950,2024-04-30,CUST-0795,Consumer,Alberta,Furniture,Cabinet,2,644.42,0.15,1095.51,672.56,422.95,2024,4,Apr,2024-04,38.607589159386954
ORD-03951,2023-12-13,CUST-0787,Small Business,Manitoba,Office Supplies,Stapler,2,104.74,0.1,188.53,118.98,69.55,2023,12,Dec,2023-12,36.89068052829788
ORD-03952,2024-11-02,CUST-0691,Consumer,Alberta,Office Supplies,Notebook,4,42.96,0.1,154.66,112.54,42.11,2024,11,Nov,2024-11,27.22746670115091
ORD-03953,2025-09-24,CUST-0246,Consumer,Quebec,Office Supplies,Pens,4,105.29,0.0,421.16,264.03,157.13,2025,9,Sep,2025-09,37.3088612403837
ORD-03954,2025-07-08,CUST-0992,Corporate,Quebec,Electronics,Mouse,5,607.16,0.15,2580.43,1544.64,1035.79,2025,7,Jul,2025-07,40.14020918994121
ORD-03955,2024-02-05,CUST-0582,Consumer,British Columbia,Furniture,Cabinet,2,673.32,0.15,1144.64,896.15,248.5,2024,2,Feb,2024-02,21.709882583170252
ORD-03956,2025-07-02,CUST-0815,Consumer,British Columbia,Furniture,Desk,2,601.05,0.05,1141.99,740.14,401.86,2025,7,Jul,2025-07,35.18944999518385
ORD-03957,2025-01-30,CUST-0618,Corporate,Manitoba,Electronics,Headphones,2,739.96,0.2,1183.94,713.74,470.19,2025,1,Jan,2025-01,39.71400577731979
ORD-03958,2023-03-17,CUST-0291,Consumer,Quebec,Electronics,Monitor,3,590.47,0.0,1771.41,1182.04,589.37,2023,3,Mar,2023-03,33.27123590811839
ORD-03959,2023-07-01,CUST-0676,Consumer,Quebec,Clothing,Jacket,3,109.94,0.1,296.84,170.45,126.39,2023,7,Jul,2023-07,42.57849346449266
ORD-03960,2025-08-20,CUST-0043,Consumer,Manitoba,Clothing,Sweater,2,115.94,0.05,220.29,151.39,68.9,2025,8,Aug,2025-08,31.276953107267698
ORD-03961,2025-04-14,CUST-0294,Consumer,Ontario,Office Supplies,Printer Paper,3,39.21,0.1,105.87,77.42,28.45,2025,4,Apr,2025-04,26.87257957872863
ORD-03962,2023-04-30,CUST-0459,Corporate,British Columbia,Furniture,Cabinet,4,201.52,0.0,806.08,648.33,157.75,2023,4,Apr,2023-04,19.570017864231836
ORD-03963,2025-02-02,CUST-0920,Corporate,Alberta,Furniture,Cabinet,4,800.82,0.05,3043.12,1803.24,1239.87,2025,2,Feb,2025-02,40.74338179237099
ORD-03964,2023-12-18,CUST-0482,Consumer,Alberta,Office Supplies,Printer Paper,1,20.83,0.0,20.83,13.26,7.57,2023,12,Dec,2023-12,36.34181469035046
ORD-03965,2025-06-08,CUST-0039,Corporate,Ontario,Clothing,Shoes,5,200.15,0.0,1000.75,652.43,348.32,2025,6,Jun,2025-06,34.80589557831626
ORD-03966,2025-07-03,CUST-0898,Small Business,British Columbia,Office Supplies,Printer Paper,5,8.4,0.15,35.7,24.37,11.33,2025,7,Jul,2025-07,31.736694677871146
ORD-03967,2023-12-30,CUST-0203,Consumer,Ontario,Office Supplies,Pens,4,115.53,0.05,439.01,299.0,140.01,2023,12,Dec,2023-12,31.892212022505177
ORD-03968,2023-04-28,CUST-0385,Consumer,British Columbia,Electronics,Headphones,3,1580.83,0.0,4742.49,3442.55,1299.94,2023,4,Apr,2023-04,27.41049533051203
ORD-03969,2025-06-08,CUST-0653,Consumer,Ontario,Furniture,Desk,2,213.9,0.0,427.8,328.92,98.88,2025,6,Jun,2025-06,23.11360448807854
ORD-03970,2023-04-08,CUST-0697,Consumer,British Columbia,Office Supplies,Printer Paper,5,35.32,0.0,176.6,105.14,71.46,2023,4,Apr,2023-04,40.4643261608154
ORD-03971,2023-08-16,CUST-0831,Consumer,Quebec,Clothing,Jacket,2,68.35,0.15,116.2,67.0,49.19,2023,8,Aug,2023-08,42.332185886402755
ORD-03972,2023-02-13,CUST-0534,Corporate,Quebec,Office Supplies,Pens,2,19.97,0.15,33.95,23.62,10.33,2023,2,Feb,2023-02,30.427098674521353
ORD-03973,2023-06-26,CUST-0208,Corporate,Ontario,Clothing,Jacket,2,83.34,0.15,141.68,105.41,36.27,2023,6,Jun,2023-06,25.599943534726144
ORD-03974,2023-04-08,CUST-0691,Small Business,Quebec,Electronics,Monitor,3,1393.89,0.0,4181.67,2805.99,1375.68,2023,4,Apr,2023-04,32.89786138074023
ORD-03975,2025-09-05,CUST-0601,Small Business,Quebec,Electronics,Mouse,4,1442.96,0.2,4617.47,2715.27,1902.2,2025,9,Sep,2025-09,41.19571973396687
ORD-03976,2023-09-04,CUST-0364,Consumer,Manitoba,Clothing,Sweater,3,141.32,0.15,360.37,267.85,92.51,2023,9,Sep,2023-09,25.67083830507534
ORD-03977,2024-08-12,CUST-0807,Consumer,Alberta,Office Supplies,Folders,2,63.83,0.15,108.51,81.43,27.08,2024,8,Aug,2024-08,24.95622523269744
ORD-03978,2024-03-30,CUST-0486,Consumer,Ontario,Furniture,Office Chair,3,598.88,0.0,1796.64,1206.59,590.05,2024,3,Mar,2024-03,32.8418603615638
ORD-03979,2023-10-05,CUST-0814,Small Business,Ontario,Furniture,Bookshelf,3,877.61,0.15,2237.91,1615.73,622.17,2023,10,Oct,2023-10,27.801386114723115
ORD-03980,2025-09-20,CUST-0953,Corporate,Quebec,Electronics,Headphones,3,1644.88,0.1,4441.18,3134.04,1307.14,2025,9,Sep,2025-09,29.432268000846623
ORD-03981,2025-06-23,CUST-0083,Corporate,Ontario,Furniture,Office Chair,3,340.55,0.0,1021.65,598.02,423.63,2025,6,Jun,2025-06,41.46527675818529
ORD-03982,2025-06-22,CUST-0723,Corporate,Manitoba,Office Supplies,Printer Paper,3,78.82,0.2,189.17,122.04,67.12,2025,6,Jun,2025-06,35.481313104614905
ORD-03983,2025-09-17,CUST-0477,Consumer,Ontario,Electronics,Headphones,1,893.81,0.0,893.81,702.05,191.76,2025,9,Sep,2025-09,21.454224052091607
ORD-03984,2025-03-04,CUST-0576,Consumer,British Columbia,Clothing,T-Shirt,5,38.17,0.2,152.68,107.25,45.43,2025,3,Mar,2025-03,29.755043227665706
ORD-03985,2025-11-22,CUST-0076,Consumer,British Columbia,Furniture,Bookshelf,2,752.21,0.1,1353.98,971.87,382.11,2025,11,Nov,2025-11,28.221244036100977
ORD-03986,2023-10-03,CUST-0377,Consumer,Manitoba,Office Supplies,Printer Paper,4,114.97,0.0,459.88,260.95,198.93,2023,10,Oct,2023-10,43.256936592154474
ORD-03987,2024-09-19,CUST-0671,Consumer,Ontario,Office Supplies,Folders,5,34.12,0.0,170.6,132.3,38.3,2024,9,Sep,2024-09,22.45017584994138
ORD-03988,2023-01-04,CUST-0692,Small Business,Quebec,Electronics,Headphones,1,320.19,0.0,320.19,216.67,103.52,2023,1,Jan,2023-01,32.330803585371186
ORD-03989,2023-07-12,CUST-0741,Consumer,Quebec,Electronics,Keyboard,1,604.19,0.0,604.19,372.17,232.02,2023,7,Jul,2023-07,38.401827239775564
ORD-03990,2023-03-14,CUST-0380,Corporate,Ontario,Furniture,Cabinet,1,786.27,0.0,786.27,551.51,234.76,2023,3,Mar,2023-03,29.85742810993679
ORD-03991,2024-07-05,CUST-0056,Consumer,Alberta,Electronics,Headphones,3,1532.56,0.2,3678.14,2159.08,1519.06,2024,7,Jul,2024-07,41.29967864192228
ORD-03992,2023-04-26,CUST-0264,Consumer,Manitoba,Office Supplies,Printer Paper,1,29.2,0.1,26.28,14.64,11.64,2023,4,Apr,2023-04,44.29223744292237
ORD-03993,2025-04-18,CUST-0948,Corporate,British Columbia,Electronics,Mouse,2,272.62,0.05,517.98,414.79,103.19,2025,4,Apr,2025-04,19.92161859531256
ORD-03994,2025-08-16,CUST-0529,Small Business,Quebec,Electronics,Monitor,1,1073.57,0.0,1073.57,730.44,343.13,2025,8,Aug,2025-08,31.961586109895023
ORD-03995,2023-03-21,CUST-0488,Corporate,Quebec,Office Supplies,Pens,4,6.7,0.1,24.12,17.65,6.47,2023,3,Mar,2023-03,26.82421227197346
ORD-03996,2025-02-18,CUST-0464,Consumer,Alberta,Furniture,Office Chair,4,802.78,0.15,2729.45,1592.7,1136.75,2025,2,Feb,2025-02,41.64758467823188
ORD-03997,2025-01-27,CUST-0740,Corporate,Ontario,Office Supplies,Notebook,1,64.36,0.0,64.36,46.44,17.92,2025,1,Jan,2025-01,27.843380981976384
ORD-03998,2024-04-02,CUST-0387,Corporate,British Columbia,Electronics,Monitor,3,209.6,0.0,628.8,425.96,202.84,2024,4,Apr,2024-04,32.25826972010179
ORD-03999,2024-08-06,CUST-0594,Corporate,Ontario,Electronics,Monitor,3,1421.22,0.0,4263.66,2522.5,1741.16,2024,8,Aug,2024-08,40.83721497492765
ORD-04000,2024-06-21,CUST-0318,Consumer,Alberta,Furniture,Cabinet,4,88.87,0.15,302.16,223.38,78.78,2024,6,Jun,2024-06,26.072279586973785
ORD-04001,2024-09-21,CUST-0332,Consumer,British Columbia,Office Supplies,Printer Paper,3,76.49,0.1,206.52,143.44,63.08,2024,9,Sep,2024-09,30.544257214797593
ORD-04002,2025-08-08,CUST-0884,Consumer,Manitoba,Furniture,Bookshelf,5,782.99,0.0,3914.95,2186.47,1728.48,2025,8,Aug,2025-08,44.15075543748962
ORD-04003,2024-10-16,CUST-0223,Consumer,Quebec,Furniture,Desk,3,709.68,0.1,1916.14,1338.11,578.03,2024,10,Oct,2024-10,30.16637615205569
ORD-04004,2023-07-30,CUST-0681,Corporate,British Columbia,Electronics,Laptop,2,1018.17,0.05,1934.52,1542.75,391.78,2023,7,Jul,2023-07,20.252052188656616
ORD-04005,2023-05-12,CUST-0043,Consumer,Manitoba,Office Supplies,Folders,5,87.18,0.05,414.1,332.86,81.24,2023,5,May,2023-05,19.618449649843033
ORD-04006,2023-06-02,CUST-0094,Consumer,Quebec,Office Supplies,Notebook,1,35.59,0.05,33.81,22.67,11.14,2023,6,Jun,2023-06,32.94883170659568
ORD-04007,2024-08-23,CUST-0270,Consumer,British Columbia,Furniture,Lamp,2,246.64,0.05,468.62,287.93,180.69,2024,8,Aug,2024-08,38.55789338909991
ORD-04008,2024-02-06,CUST-0704,Consumer,Ontario,Furniture,Cabinet,1,813.88,0.2,651.1,374.13,276.98,2024,2,Feb,2024-02,42.540316387651664
ORD-04009,2025-11-28,CUST-0886,Consumer,British Columbia,Clothing,Jacket,2,210.52,0.0,421.04,314.64,106.4,2025,11,Nov,2025-11,25.27075812274368
ORD-04010,2024-02-16,CUST-0697,Corporate,Manitoba,Office Supplies,Folders,5,28.95,0.0,144.75,105.88,38.87,2024,2,Feb,2024-02,26.853195164075995
ORD-04011,2023-12-11,CUST-0658,Consumer,Alberta,Office Supplies,Pens,1,43.87,0.15,37.29,27.61,9.68,2023,12,Dec,2023-12,25.958702064896755
ORD-04012,2025-02-24,CUST-0486,Corporate,Manitoba,Clothing,Shoes,3,89.55,0.0,268.65,200.06,68.59,2025,2,Feb,2025-02,25.53136050623488
ORD-04013,2024-06-15,CUST-0648,Consumer,Alberta,Electronics,Keyboard,3,1467.42,0.2,3521.81,2562.33,959.48,2024,6,Jun,2024-06,27.24394558479873
ORD-04014,2025-12-28,CUST-0018,Small Business,Quebec,Electronics,Headphones,1,301.99,0.15,256.69,148.75,107.94,2025,12,Dec,2025-12,42.050722661576216
ORD-04015,2024-03-07,CUST-0746,Consumer,Ontario,Furniture,Bookshelf,2,648.34,0.1,1167.01,801.73,365.28,2024,3,Mar,2024-03,31.300502994832947
ORD-04016,2025-05-05,CUST-0868,Corporate,Quebec,Office Supplies,Notebook,5,113.78,0.2,455.12,283.45,171.67,2025,5,May,2025-05,37.71972227104939
ORD-04017,2024-06-21,CUST-0358,Corporate,Quebec,Electronics,Keyboard,2,520.38,0.0,1040.76,757.73,283.03,2024,6,Jun,2024-06,27.194550136438757
ORD-04018,2025-12-22,CUST-0187,Consumer,Ontario,Clothing,T-Shirt,5,142.12,0.05,675.07,515.4,159.67,2025,12,Dec,2025-12,23.652361977276428
ORD-04019,2023-05-05,CUST-0894,Consumer,Ontario,Furniture,Lamp,5,530.18,0.1,2385.81,1600.82,784.99,2023,5,May,2023-05,32.9024524165797
ORD-04020,2024-01-03,CUST-0573,Consumer,Manitoba,Office Supplies,Notebook,2,31.7,0.1,57.06,46.19,10.87,2024,1,Jan,2024-01,19.05012267788293
ORD-04021,2025-03-13,CUST-0855,Consumer,Quebec,Electronics,Mouse,3,1093.9,0.05,3117.62,2055.75,1061.86,2025,3,Mar,2025-03,34.059955992070876
ORD-04022,2025-10-02,CUST-0150,Corporate,Quebec,Clothing,Jacket,2,112.14,0.1,201.85,120.95,80.91,2025,10,Oct,2025-10,40.08422095615556
ORD-04023,2024-11-04,CUST-0342,Consumer,British Columbia,Furniture,Lamp,1,552.64,0.0,552.64,376.94,175.7,2024,11,Nov,2024-11,31.792848870874344
ORD-04024,2023-08-25,CUST-0282,Corporate,Manitoba,Electronics,Monitor,5,140.25,0.2,561.0,406.83,154.17,2023,8,Aug,2023-08,27.48128342245989
ORD-04025,2024-07-28,CUST-0685,Corporate,British Columbia,Furniture,Lamp,3,496.88,0.05,1416.11,1143.86,272.25,2024,7,Jul,2024-07,19.22520143209214
ORD-04026,2024-06-17,CUST-0785,Consumer,British Columbia,Electronics,Mouse,3,493.79,0.15,1259.16,900.14,359.02,2024,6,Jun,2024-06,28.512659233139548
ORD-04027,2025-01-11,CUST-0795,Consumer,Quebec,Furniture,Desk,5,84.74,0.0,423.7,277.75,145.95,2025,1,Jan,2025-01,34.44654236488081
ORD-04028,2025-01-15,CUST-0479,Consumer,British Columbia,Electronics,Headphones,5,1681.67,0.0,8408.35,6495.65,1912.7,2025,1,Jan,2025-01,22.747625871901146
ORD-04029,2023-05-25,CUST-0396,Consumer,Ontario,Electronics,Mouse,3,748.86,0.15,1909.59,1196.85,712.74,2023,5,May,2023-05,37.32424237663582
ORD-04030,2025-01-19,CUST-0018,Consumer,Alberta,Furniture,Bookshelf,5,312.22,0.05,1483.04,988.29,494.75,2025,1,Jan,2025-01,33.360529722731684
ORD-04031,2025-06-04,CUST-0810,Consumer,Quebec,Office Supplies,Folders,3,111.08,0.0,333.24,261.42,71.82,2025,6,Jun,2025-06,21.552034569679506
ORD-04032,2025-08-08,CUST-0511,Corporate,Alberta,Office Supplies,Printer Paper,2,48.3,0.0,96.6,65.47,31.13,2025,8,Aug,2025-08,32.22567287784679
ORD-04033,2023-01-14,CUST-0296,Consumer,British Columbia,Furniture,Cabinet,2,280.8,0.1,505.44,286.94,218.5,2023,1,Jan,2023-01,43.22966128521684
ORD-04034,2024-04-29,CUST-0652,Consumer,Alberta,Furniture,Office Chair,2,660.41,0.1,1188.74,732.65,456.08,2024,4,Apr,2024-04,38.36667395729933
ORD-04035,2025-01-14,CUST-0529,Consumer,Manitoba,Clothing,T-Shirt,5,203.34,0.05,965.86,551.76,414.11,2025,1,Jan,2025-01,42.87474375168244
ORD-04036,2024-12-28,CUST-0583,Consumer,British Columbia,Office Supplies,Stapler,2,35.59,0.15,60.5,45.46,15.04,2024,12,Dec,2024-12,24.859504132231404
ORD-04037,2023-08-17,CUST-0554,Consumer,Ontario,Electronics,Laptop,4,1029.05,0.05,3910.39,2511.44,1398.95,2023,8,Aug,2023-08,35.775204007784396
ORD-04038,2023-05-09,CUST-0117,Small Business,Alberta,Office Supplies,Pens,3,70.83,0.1,191.24,129.07,62.17,2023,5,May,2023-05,32.50888935369169
ORD-04039,2023-05-19,CUST-0474,Consumer,British Columbia,Clothing,Sweater,5,242.28,0.0,1211.4,797.85,413.55,2023,5,May,2023-05,34.138187221396734
ORD-04040,2024-09-28,CUST-0635,Consumer,Manitoba,Office Supplies,Printer Paper,5,19.41,0.0,97.05,64.6,32.45,2024,9,Sep,2024-09,33.43637300360639
ORD-04041,2025-03-13,CUST-0043,Consumer,Quebec,Furniture,Bookshelf,3,514.38,0.2,1234.51,687.79,546.72,2025,3,Mar,2025-03,44.2863970320208
ORD-04042,2025-08-20,CUST-0821,Consumer,Alberta,Furniture,Lamp,1,339.61,0.05,322.63,218.75,103.88,2025,8,Aug,2025-08,32.19787372532002
ORD-04043,2025-11-19,CUST-0307,Corporate,Alberta,Furniture,Office Chair,3,351.48,0.1,949.0,762.16,186.84,2025,11,Nov,2025-11,19.688092729188618
ORD-04044,2024-06-03,CUST-0623,Consumer,Quebec,Electronics,Monitor,5,199.47,0.15,847.75,539.82,307.93,2024,6,Jun,2024-06,36.32320849306989
ORD-04045,2025-03-06,CUST-0664,Consumer,British Columbia,Furniture,Cabinet,3,710.95,0.0,2132.85,1434.05,698.8,2025,3,Mar,2025-03,32.763673019668516
ORD-04046,2025-02-17,CUST-0081,Small Business,Quebec,Furniture,Bookshelf,3,72.87,0.0,218.61,162.22,56.39,2025,2,Feb,2025-02,25.794794382690633
ORD-04047,2024-09-21,CUST-0238,Consumer,Manitoba,Furniture,Bookshelf,3,895.58,0.0,2686.74,2029.45,657.29,2024,9,Sep,2024-09,24.46422057958716
ORD-04048,2023-04-29,CUST-0997,Consumer,Manitoba,Clothing,Sweater,3,60.7,0.0,182.1,143.38,38.72,2023,4,Apr,2023-04,21.26304228445909
ORD-04049,2025-02-14,CUST-0572,Corporate,Ontario,Office Supplies,Printer Paper,2,90.44,0.15,153.75,87.11,66.64,2025,2,Feb,2025-02,43.34308943089431
ORD-04050,2023-07-06,CUST-0421,Small Business,Manitoba,Electronics,Keyboard,5,533.53,0.2,2134.12,1397.29,736.83,2023,7,Jul,2023-07,34.52617472307087
ORD-04051,2023-10-19,CUST-0492,Corporate,British Columbia,Electronics,Keyboard,2,1114.86,0.2,1783.78,1250.69,533.09,2023,10,Oct,2023-10,29.88541187814641
ORD-04052,2023-04-11,CUST-0683,Consumer,Alberta,Office Supplies,Pens,1,30.15,0.0,30.15,18.7,11.45,2023,4,Apr,2023-04,37.97678275290215
ORD-04053,2025-04-25,CUST-0388,Corporate,Manitoba,Furniture,Office Chair,4,484.93,0.0,1939.72,1429.55,510.17,2025,4,Apr,2025-04,26.301218732600585
ORD-04054,2025-05-23,CUST-0553,Consumer,British Columbia,Clothing,Jacket,3,96.1,0.0,288.3,216.47,71.83,2025,5,May,2025-05,24.91501907734998
ORD-04055,2023-04-19,CUST-0393,Consumer,Ontario,Furniture,Office Chair,2,476.09,0.0,952.18,540.92,411.26,2023,4,Apr,2023-04,43.191413388224916
ORD-04056,2024-01-03,CUST-0559,Corporate,Manitoba,Furniture,Lamp,3,842.05,0.0,2526.15,1891.38,634.77,2024,1,Jan,2024-01,25.127961522474912
ORD-04057,2025-03-03,CUST-0992,Consumer,British Columbia,Clothing,Jacket,2,92.55,0.0,185.1,112.52,72.58,2025,3,Mar,2025-03,39.211237169097785
ORD-04058,2024-06-26,CUST-0189,Consumer,Manitoba,Office Supplies,Printer Paper,5,107.73,0.15,457.85,372.05,85.8,2024,6,Jun,2024-06,18.73976193076335
ORD-04059,2023-01-21,CUST-0830,Consumer,Ontario,Furniture,Office Chair,1,640.61,0.1,576.55,461.36,115.19,2023,1,Jan,2023-01,19.97918654062961
ORD-04060,2025-05-07,CUST-0266,Consumer,Manitoba,Furniture,Desk,5,773.39,0.15,3286.91,2222.64,1064.27,2025,5,May,2025-05,32.37904293089863
ORD-04061,2025-05-05,CUST-0600,Consumer,Ontario,Office Supplies,Pens,1,9.69,0.0,9.69,6.47,3.22,2025,5,May,2025-05,33.23013415892673
ORD-04062,2023-10-30,CUST-0005,Consumer,Ontario,Office Supplies,Printer Paper,2,34.98,0.05,66.46,36.57,29.89,2023,10,Oct,2023-10,44.97442070418297
ORD-04063,2025-04-29,CUST-0657,Consumer,Alberta,Clothing,Shoes,3,243.91,0.1,658.56,515.26,143.29,2025,4,Apr,2025-04,21.75807823129252
ORD-04064,2025-06-05,CUST-0009,Corporate,Ontario,Furniture,Bookshelf,2,148.17,0.0,296.34,226.16,70.18,2025,6,Jun,2025-06,23.682256867112105
ORD-04065,2025-02-10,CUST-0023,Consumer,Quebec,Furniture,Bookshelf,4,215.15,0.0,860.6,619.95,240.65,2025,2,Feb,2025-02,27.963049035556587
ORD-04066,2024-04-19,CUST-0363,Consumer,Alberta,Office Supplies,Printer Paper,3,101.35,0.15,258.44,193.47,64.98,2024,4,Apr,2024-04,25.143166692462472
ORD-04067,2023-03-06,CUST-0657,Consumer,Quebec,Furniture,Office Chair,1,638.4,0.0,638.4,364.21,274.19,2023,3,Mar,2023-03,42.949561403508774
ORD-04068,2023-04-01,CUST-0932,Corporate,British Columbia,Furniture,Cabinet,3,85.14,0.0,255.42,172.35,83.07,2023,4,Apr,2023-04,32.52290345313601
ORD-04069,2025-09-09,CUST-0201,Small Business,Quebec,Clothing,Jacket,2,171.96,0.0,343.92,203.35,140.57,2025,9,Sep,2025-09,40.87287741335194
ORD-04070,2023-06-27,CUST-0645,Small Business,Ontario,Electronics,Laptop,1,1603.76,0.05,1523.57,933.68,589.89,2023,6,Jun,2023-06,38.71761717544977
ORD-04071,2025-01-26,CUST-0321,Consumer,Ontario,Furniture,Cabinet,5,814.68,0.2,3258.72,1981.34,1277.38,2025,1,Jan,2025-01,39.198826533117305
ORD-04072,2025-03-11,CUST-0745,Consumer,Alberta,Office Supplies,Notebook,1,39.66,0.2,31.73,25.18,6.55,2025,3,Mar,2025-03,20.642924676961865
ORD-04073,2025-07-14,CUST-0757,Corporate,British Columbia,Electronics,Mouse,3,447.09,0.0,1341.27,1020.66,320.61,2025,7,Jul,2025-07,23.90346462680892
ORD-04074,2024-10-17,CUST-0517,Consumer,British Columbia,Office Supplies,Folders,2,36.28,0.05,68.93,46.39,22.54,2024,10,Oct,2024-10,32.69984041781517
ORD-04075,2023-11-11,CUST-0843,Consumer,Alberta,Furniture,Desk,4,171.29,0.15,582.39,336.65,245.73,2023,11,Nov,2023-11,42.19337557306959
ORD-04076,2025-03-17,CUST-0410,Consumer,Alberta,Clothing,Shoes,1,138.93,0.0,138.93,96.89,42.04,2025,3,Mar,2025-03,30.25984308644641
ORD-04077,2025-02-20,CUST-0887,Small Business,Ontario,Electronics,Keyboard,4,449.59,0.0,1798.36,1211.33,587.03,2025,2,Feb,2025-02,32.6425187392958
ORD-04078,2024-08-09,CUST-0534,Consumer,Alberta,Furniture,Desk,2,136.99,0.05,260.28,148.28,112.0,2024,8,Aug,2024-08,43.03058244966959
ORD-04079,2025-05-11,CUST-0819,Small Business,Manitoba,Office Supplies,Pens,3,72.31,0.05,206.08,137.35,68.73,2025,5,May,2025-05,33.35112577639752
ORD-04080,2025-06-29,CUST-0869,Small Business,British Columbia,Furniture,Desk,4,835.28,0.1,3007.01,2290.88,716.13,2025,6,Jun,2025-06,23.815351462083594
ORD-04081,2024-11-17,CUST-0052,Consumer,Alberta,Electronics,Mouse,5,386.19,0.1,1737.86,1028.86,709.0,2024,11,Nov,2024-11,40.7973024294247
ORD-04082,2024-12-15,CUST-0199,Consumer,Manitoba,Furniture,Bookshelf,4,260.51,0.0,1042.04,618.89,423.15,2024,12,Dec,2024-12,40.60784614794058
ORD-04083,2024-12-17,CUST-0910,Consumer,Quebec,Office Supplies,Printer Paper,3,100.52,0.0,301.56,243.35,58.21,2024,12,Dec,2024-12,19.30295795198302
ORD-04084,2023-06-21,CUST-0989,Consumer,Manitoba,Clothing,Jacket,3,38.06,0.05,108.47,81.05,27.42,2023,6,Jun,2023-06,25.278878952705817
ORD-04085,2024-03-09,CUST-0872,Corporate,British Columbia,Furniture,Lamp,5,648.21,0.15,2754.89,1713.67,1041.22,2024,3,Mar,2024-03,37.795338470864536
ORD-04086,2023-06-29,CUST-0227,Small Business,Quebec,Clothing,Sweater,5,149.8,0.1,674.1,495.62,178.48,2023,6,Jun,2023-06,26.47678385996143
ORD-04087,2025-12-10,CUST-0274,Consumer,British Columbia,Electronics,Headphones,2,233.47,0.2,373.55,303.16,70.39,2025,12,Dec,2025-12,18.84352830946326
ORD-04088,2023-09-20,CUST-0686,Consumer,Quebec,Clothing,Sweater,4,90.46,0.0,361.84,252.61,109.23,2023,9,Sep,2023-09,30.187375635640063
ORD-04089,2024-12-16,CUST-0018,Consumer,Quebec,Electronics,Monitor,2,789.24,0.0,1578.48,1044.42,534.06,2024,12,Dec,2024-12,33.833814809183515
ORD-04090,2024-03-11,CUST-0039,Consumer,Quebec,Electronics,Laptop,4,1419.44,0.0,5677.76,3197.22,2480.54,2024,3,Mar,2024-03,43.68870822296117
ORD-04091,2025-03-08,CUST-0694,Consumer,Alberta,Furniture,Cabinet,5,227.41,0.0,1137.05,705.43,431.62,2025,3,Mar,2025-03,37.95963238204125
ORD-04092,2025-03-29,CUST-0572,Corporate,British Columbia,Electronics,Laptop,4,910.16,0.0,3640.64,2374.16,1266.48,2025,3,Mar,2025-03,34.78729014678738
ORD-04093,2025-12-17,CUST-0831,Consumer,Manitoba,Furniture,Lamp,4,259.66,0.15,882.84,618.31,264.54,2025,12,Dec,2025-12,29.964659507951612
ORD-04094,2023-06-01,CUST-0949,Corporate,Alberta,Clothing,Shoes,1,209.96,0.15,178.47,135.6,42.86,2023,6,Jun,2023-06,24.015240656693003
ORD-04095,2024-11-08,CUST-0355,Consumer,Alberta,Furniture,Lamp,3,770.34,0.2,1848.82,1143.86,704.96,2024,11,Nov,2024-11,38.13026687292436
ORD-04096,2025-01-18,CUST-0650,Consumer,Ontario,Office Supplies,Folders,2,105.29,0.15,178.99,125.89,53.1,2025,1,Jan,2025-01,29.66646181350913
ORD-04097,2025-08-13,CUST-0520,Corporate,Ontario,Furniture,Office Chair,4,535.93,0.0,2143.72,1471.41,672.31,2025,8,Aug,2025-08,31.361838299777954
ORD-04098,2023-08-09,CUST-0944,Small Business,Manitoba,Electronics,Headphones,5,1596.68,0.0,7983.4,5282.15,2701.25,2023,8,Aug,2023-08,33.835834356289304
ORD-04099,2023-10-14,CUST-0167,Consumer,Quebec,Office Supplies,Notebook,2,17.96,0.05,34.12,27.93,6.19,2023,10,Oct,2023-10,18.14185228604924
ORD-04100,2024-11-27,CUST-0290,Corporate,Ontario,Clothing,Jacket,3,99.94,0.1,269.84,198.51,71.33,2024,11,Nov,2024-11,26.434183219685742
ORD-04101,2023-11-04,CUST-0518,Small Business,Manitoba,Electronics,Monitor,5,1654.38,0.1,7444.71,5928.27,1516.44,2023,11,Nov,2023-11,20.36936294362037
ORD-04102,2024-11-11,CUST-0404,Corporate,Alberta,Electronics,Laptop,1,426.25,0.0,426.25,314.4,111.85,2024,11,Nov,2024-11,26.24046920821114
ORD-04103,2025-08-12,CUST-0003,Consumer,Manitoba,Electronics,Monitor,4,881.61,0.1,3173.8,2223.07,950.72,2025,8,Aug,2025-08,29.95525868044615
ORD-04104,2023-01-03,CUST-0739,Consumer,Alberta,Office Supplies,Stapler,1,16.98,0.05,16.13,10.7,5.44,2023,1,Jan,2023-01,33.72597644141352
ORD-04105,2024-07-12,CUST-0696,Consumer,Quebec,Office Supplies,Printer Paper,2,93.14,0.15,158.34,94.56,63.77,2024,7,Jul,2024-07,40.274093722369585
ORD-04106,2025-04-12,CUST-0721,Consumer,Alberta,Office Supplies,Notebook,4,113.71,0.1,409.36,294.12,115.23,2025,4,Apr,2025-04,28.148817666601524
ORD-04107,2024-01-12,CUST-0333,Consumer,Alberta,Clothing,Shoes,4,55.38,0.1,199.37,150.34,49.03,2024,1,Jan,2024-01,24.592466268746552
ORD-04108,2025-02-11,CUST-0914,Consumer,Quebec,Office Supplies,Printer Paper,1,111.67,0.0,111.67,71.81,39.86,2025,2,Feb,2025-02,35.69445688188412
ORD-04109,2025-11-05,CUST-0481,Consumer,Ontario,Clothing,Shoes,1,78.93,0.15,67.09,51.84,15.25,2025,11,Nov,2025-11,22.73066030705023
ORD-04110,2023-08-21,CUST-0062,Consumer,Alberta,Office Supplies,Folders,1,78.58,0.05,74.65,46.04,28.61,2023,8,Aug,2023-08,38.325519089082384
ORD-04111,2025-10-28,CUST-0782,Consumer,British Columbia,Electronics,Headphones,4,1031.28,0.0,4125.12,2931.57,1193.55,2025,10,Oct,2025-10,28.933703746800095
ORD-04112,2023-08-14,CUST-0963,Corporate,Alberta,Office Supplies,Folders,5,23.77,0.0,118.85,74.06,44.79,2023,8,Aug,2023-08,37.68615902397981
ORD-04113,2024-08-29,CUST-0607,Consumer,Manitoba,Electronics,Mouse,4,1425.19,0.0,5700.76,4158.52,1542.24,2024,8,Aug,2024-08,27.053235007262188
ORD-04114,2023-11-10,CUST-0037,Consumer,Alberta,Clothing,Sweater,2,26.06,0.0,52.12,31.18,20.94,2023,11,Nov,2023-11,40.17651573292403
ORD-04115,2025-09-10,CUST-0367,Consumer,Ontario,Clothing,Shoes,2,156.68,0.1,282.02,183.19,98.83,2025,9,Sep,2025-09,35.0436139280902
ORD-04116,2025-09-13,CUST-0743,Consumer,British Columbia,Furniture,Cabinet,5,77.45,0.05,367.89,202.92,164.97,2025,9,Sep,2025-09,44.842208268776
ORD-04117,2024-09-15,CUST-0150,Consumer,British Columbia,Electronics,Headphones,2,857.6,0.1,1543.68,1141.01,402.67,2024,9,Sep,2024-09,26.085069444444443
ORD-04118,2025-04-14,CUST-0152,Consumer,Manitoba,Clothing,Sweater,5,125.78,0.15,534.56,324.81,209.76,2025,4,Apr,2025-04,39.23974857826998
ORD-04119,2025-08-14,CUST-0303,Consumer,British Columbia,Electronics,Headphones,4,148.5,0.15,504.9,342.82,162.08,2025,8,Aug,2025-08,32.10140621905328
ORD-04120,2025-02-10,CUST-0376,Consumer,Ontario,Furniture,Office Chair,1,290.39,0.0,290.39,194.21,96.18,2025,2,Feb,2025-02,33.12097524019423
ORD-04121,2024-09-16,CUST-0758,Corporate,Ontario,Electronics,Monitor,5,407.79,0.1,1835.06,1445.36,389.7,2024,9,Sep,2024-09,21.236362843721732
ORD-04122,2024-06-23,CUST-0923,Consumer,British Columbia,Electronics,Monitor,2,669.69,0.1,1205.44,675.46,529.99,2024,6,Jun,2024-06,43.96651844969471
ORD-04123,2023-01-01,CUST-0888,Consumer,Manitoba,Office Supplies,Notebook,1,101.39,0.1,91.25,62.24,29.01,2023,1,Jan,2023-01,31.791780821917808
ORD-04124,2025-02-24,CUST-0098,Consumer,British Columbia,Furniture,Desk,3,540.13,0.0,1620.39,1127.11,493.28,2025,2,Feb,2025-02,30.44205407340208
ORD-04125,2023-05-23,CUST-0991,Consumer,Quebec,Office Supplies,Folders,3,35.3,0.0,105.9,66.85,39.05,2023,5,May,2023-05,36.874409820585456
ORD-04126,2024-06-28,CUST-0624,Small Business,Quebec,Electronics,Mouse,3,639.13,0.0,1917.39,1356.82,560.57,2024,6,Jun,2024-06,29.23609698600702
ORD-04127,2023-08-11,CUST-0354,Corporate,Ontario,Electronics,Mouse,5,600.95,0.2,2403.8,1423.87,979.93,2023,8,Aug,2023-08,40.76587070471753
ORD-04128,2025-04-16,CUST-0977,Corporate,Alberta,Furniture,Office Chair,2,627.72,0.1,1129.9,691.12,438.78,2025,4,Apr,2025-04,38.83352509071599
ORD-04129,2025-03-21,CUST-0316,Corporate,British Columbia,Clothing,Jeans,3,135.02,0.0,405.06,276.7,128.36,2025,3,Mar,2025-03,31.689132474201354
ORD-04130,2024-08-15,CUST-0660,Consumer,Ontario,Electronics,Laptop,5,259.2,0.0,1296.0,1060.33,235.67,2024,8,Aug,2024-08,18.184413580246915
ORD-04131,2024-01-14,CUST-0598,Consumer,Alberta,Electronics,Monitor,1,91.65,0.0,91.65,59.51,32.14,2024,1,Jan,2024-01,35.06819421713039
ORD-04132,2025-05-26,CUST-0325,Consumer,Manitoba,Electronics,Mouse,1,996.08,0.15,846.67,580.21,266.46,2025,5,May,2025-05,31.471529639647088
ORD-04133,2023-02-28,CUST-0956,Consumer,Manitoba,Electronics,Mouse,5,977.1,0.1,4396.95,3433.69,963.26,2023,2,Feb,2023-02,21.90745857924243
ORD-04134,2023-06-29,CUST-0715,Consumer,Manitoba,Clothing,Sweater,5,141.38,0.2,565.52,312.0,253.52,2023,6,Jun,2023-06,44.82953741689065
ORD-04135,2024-07-25,CUST-0670,Corporate,British Columbia,Office Supplies,Stapler,5,24.38,0.1,109.71,78.25,31.46,2024,7,Jul,2024-07,28.67559930726461
ORD-04136,2024-02-17,CUST-0052,Consumer,Quebec,Furniture,Bookshelf,4,682.5,0.05,2593.5,1904.52,688.98,2024,2,Feb,2024-02,26.56564488143436
ORD-04137,2025-04-22,CUST-0952,Small Business,Quebec,Furniture,Desk,3,90.47,0.2,217.13,147.33,69.8,2025,4,Apr,2025-04,32.146640261594435
ORD-04138,2025-08-01,CUST-0913,Consumer,Quebec,Furniture,Office Chair,2,199.24,0.2,318.78,251.65,67.13,2025,8,Aug,2025-08,21.058410188844974
ORD-04139,2024-08-10,CUST-0610,Consumer,Manitoba,Office Supplies,Stapler,1,20.81,0.05,19.77,16.1,3.67,2024,8,Aug,2024-08,18.563480020232674
ORD-04140,2025-04-03,CUST-0449,Small Business,Alberta,Clothing,Sweater,4,171.59,0.1,617.72,455.69,162.04,2025,4,Apr,2025-04,26.231949750696103
ORD-04141,2025-07-28,CUST-0909,Corporate,British Columbia,Electronics,Mouse,4,262.45,0.05,997.31,814.04,183.27,2025,7,Jul,2025-07,18.376432603703964
ORD-04142,2025-02-22,CUST-0155,Consumer,British Columbia,Office Supplies,Pens,3,106.46,0.05,303.41,175.32,128.09,2025,2,Feb,2025-02,42.216802346659634
ORD-04143,2023-08-12,CUST-0445,Corporate,Manitoba,Electronics,Mouse,5,1038.87,0.1,4674.92,3216.34,1458.57,2023,8,Aug,2023-08,31.1998921906685
ORD-04144,2023-12-29,CUST-0415,Consumer,Quebec,Office Supplies,Stapler,5,98.42,0.1,442.89,247.66,195.23,2023,12,Dec,2023-12,44.080923028291444
ORD-04145,2023-01-24,CUST-0605,Consumer,Alberta,Furniture,Lamp,1,379.04,0.05,360.09,201.17,158.92,2023,1,Jan,2023-01,44.133411091671526
ORD-04146,2025-02-13,CUST-0894,Small Business,British Columbia,Electronics,Headphones,3,936.24,0.15,2387.41,1833.73,553.68,2025,2,Feb,2025-02,23.191659580884725
ORD-04147,2025-05-27,CUST-0977,Corporate,Alberta,Office Supplies,Stapler,1,79.73,0.1,71.76,40.68,31.08,2025,5,May,2025-05,43.31103678929765
ORD-04148,2024-03-26,CUST-0283,Consumer,Ontario,Electronics,Monitor,5,541.51,0.0,2707.55,1885.04,822.51,2024,3,Mar,2024-03,30.378386364056066
ORD-04149,2023-11-01,CUST-0624,Consumer,British Columbia,Furniture,Cabinet,3,674.87,0.0,2024.61,1520.72,503.89,2023,11,Nov,2023-11,24.888250082731982
ORD-04150,2023-08-23,CUST-0886,Consumer,British Columbia,Furniture,Office Chair,3,762.23,0.1,2058.02,1354.71,703.31,2023,8,Aug,2023-08,34.17410909514971
ORD-04151,2024-10-12,CUST-0625,Corporate,Quebec,Electronics,Keyboard,2,465.85,0.05,885.12,529.27,355.85,2024,10,Oct,2024-10,40.203588214027484
ORD-04152,2024-09-11,CUST-0331,Consumer,Manitoba,Electronics,Headphones,4,932.07,0.1,3355.45,2321.82,1033.63,2024,9,Sep,2024-09,30.804512062465545
ORD-04153,2023-05-06,CUST-0865,Corporate,Quebec,Office Supplies,Stapler,5,52.76,0.0,263.8,175.01,88.79,2023,5,May,2023-05,33.65807429871114
ORD-04154,2024-02-27,CUST-0615,Corporate,Manitoba,Office Supplies,Notebook,2,61.71,0.15,104.91,65.24,39.66,2024,2,Feb,2024-02,37.80383185587646
ORD-04155,2023-08-18,CUST-0055,Consumer,Manitoba,Furniture,Lamp,3,714.34,0.0,2143.02,1599.21,543.81,2023,8,Aug,2023-08,25.37587143377103
ORD-04156,2025-06-23,CUST-0179,Consumer,Quebec,Office Supplies,Printer Paper,4,118.74,0.05,451.21,286.08,165.13,2025,6,Jun,2025-06,36.59714988586246
ORD-04157,2024-02-05,CUST-0974,Corporate,Alberta,Electronics,Headphones,2,978.8,0.15,1663.96,1344.49,319.47,2024,2,Feb,2024-02,19.199379792783482
ORD-04158,2023-12-15,CUST-0181,Consumer,Quebec,Electronics,Monitor,3,361.63,0.15,922.16,729.29,192.87,2023,12,Dec,2023-12,20.915025592088142
ORD-04159,2024-03-28,CUST-0964,Consumer,Alberta,Office Supplies,Printer Paper,5,94.7,0.0,473.5,300.25,173.25,2024,3,Mar,2024-03,36.58922914466737
ORD-04160,2023-08-26,CUST-0137,Consumer,British Columbia,Electronics,Laptop,1,176.96,0.15,150.42,105.13,45.29,2023,8,Aug,2023-08,30.10902805477995
ORD-04161,2025-08-11,CUST-0694,Consumer,British Columbia,Furniture,Cabinet,1,626.75,0.2,501.4,284.31,217.09,2025,8,Aug,2025-08,43.29676904666933
ORD-04162,2023-05-15,CUST-0266,Corporate,British Columbia,Office Supplies,Pens,5,107.32,0.1,482.94,336.63,146.31,2023,5,May,2023-05,30.295688905454092
ORD-04163,2023-12-04,CUST-0054,Consumer,Quebec,Electronics,Monitor,4,180.05,0.15,612.17,487.4,124.77,2023,12,Dec,2023-12,20.381593348252938
ORD-04164,2024-01-07,CUST-0604,Corporate,Manitoba,Electronics,Headphones,3,37.19,0.1,100.41,62.37,38.04,2024,1,Jan,2024-01,37.884672841350465
ORD-04165,2025-07-14,CUST-0263,Consumer,Ontario,Clothing,Jeans,5,234.03,0.05,1111.64,830.34,281.3,2025,7,Jul,2025-07,25.304954841495448
ORD-04166,2025-03-08,CUST-0081,Corporate,Alberta,Furniture,Bookshelf,5,862.81,0.2,3451.24,2461.94,989.3,2025,3,Mar,2025-03,28.665059514841047
ORD-04167,2025-09-08,CUST-0903,Small Business,Quebec,Electronics,Headphones,4,552.11,0.1,1987.6,1605.97,381.62,2025,9,Sep,2025-09,19.200040249547193
ORD-04168,2023-07-07,CUST-0009,Consumer,British Columbia,Clothing,T-Shirt,1,214.94,0.0,214.94,148.12,66.82,2023,7,Jul,2023-07,31.087745417325763
ORD-04169,2024-08-13,CUST-0317,Consumer,Quebec,Office Supplies,Pens,3,97.32,0.15,248.17,139.63,108.53,2024,8,Aug,2024-08,43.7321191118991
ORD-04170,2023-07-09,CUST-0363,Corporate,Quebec,Electronics,Laptop,1,660.29,0.2,528.23,420.12,108.11,2023,7,Jul,2023-07,20.46646347235106
ORD-04171,2023-12-29,CUST-0092,Consumer,Ontario,Office Supplies,Folders,1,31.31,0.05,29.74,20.67,9.07,2023,12,Dec,2023-12,30.497646267652996
ORD-04172,2024-12-24,CUST-0602,Consumer,Ontario,Clothing,T-Shirt,5,126.9,0.0,634.5,429.28,205.22,2024,12,Dec,2024-12,32.34357762017336
ORD-04173,2023-12-28,CUST-0632,Consumer,Ontario,Furniture,Office Chair,4,313.98,0.0,1255.92,803.35,452.57,2023,12,Dec,2023-12,36.03493853111663
ORD-04174,2025-10-11,CUST-0867,Consumer,Alberta,Electronics,Laptop,1,1159.69,0.15,985.74,769.0,216.73,2025,10,Oct,2025-10,21.986527887678292
ORD-04175,2023-09-27,CUST-0195,Consumer,Alberta,Electronics,Keyboard,5,412.68,0.15,1753.89,1072.49,681.4,2023,9,Sep,2023-09,38.850783116387
ORD-04176,2024-04-29,CUST-0523,Consumer,Manitoba,Clothing,Shoes,4,91.36,0.0,365.44,274.66,90.78,2024,4,Apr,2024-04,24.84128721541156
ORD-04177,2025-10-25,CUST-0220,Corporate,Quebec,Electronics,Monitor,5,1195.41,0.0,5977.05,4755.97,1221.08,2025,10,Oct,2025-10,20.429476079336794
ORD-04178,2023-05-14,CUST-0175,Small Business,Manitoba,Office Supplies,Printer Paper,4,70.15,0.15,238.51,195.45,43.06,2023,5,May,2023-05,18.05375036686093
ORD-04179,2023-10-15,CUST-0661,Consumer,British Columbia,Electronics,Mouse,3,737.87,0.0,2213.61,1559.66,653.95,2023,10,Oct,2023-10,29.542240954820407
ORD-04180,2023-09-21,CUST-0417,Consumer,Quebec,Office Supplies,Notebook,5,94.42,0.0,472.1,283.62,188.48,2023,9,Sep,2023-09,39.92374496928616
ORD-04181,2024-01-29,CUST-0436,Consumer,Quebec,Office Supplies,Folders,5,87.86,0.15,373.4,294.62,78.78,2024,1,Jan,2024-01,21.098018211033747
ORD-04182,2023-01-16,CUST-0773,Small Business,Quebec,Office Supplies,Pens,1,31.09,0.05,29.54,21.87,7.67,2023,1,Jan,2023-01,25.964793500338523
ORD-04183,2024-04-05,CUST-0820,Consumer,Manitoba,Electronics,Keyboard,1,734.2,0.05,697.49,533.55,163.94,2024,4,Apr,2024-04,23.50427963124919
ORD-04184,2025-01-02,CUST-0249,Consumer,Quebec,Electronics,Headphones,2,1709.29,0.0,3418.58,1995.86,1422.72,2025,1,Jan,2025-01,41.61727968922769
ORD-04185,2023-09-06,CUST-0186,Consumer,Alberta,Clothing,Shoes,3,67.4,0.0,202.2,156.01,46.19,2023,9,Sep,2023-09,22.84371909000989
ORD-04186,2023-07-20,CUST-0849,Small Business,Quebec,Electronics,Headphones,2,1071.44,0.05,2035.74,1600.53,435.21,2023,7,Jul,2023-07,21.378466798314125
ORD-04187,2024-06-23,CUST-0792,Consumer,Quebec,Furniture,Lamp,2,342.3,0.0,684.6,457.8,226.8,2024,6,Jun,2024-06,33.128834355828225
ORD-04188,2025-04-13,CUST-0349,Consumer,Ontario,Office Supplies,Notebook,2,50.91,0.1,91.64,59.48,32.16,2025,4,Apr,2025-04,35.09384548232213
ORD-04189,2023-03-12,CUST-0113,Corporate,Alberta,Electronics,Laptop,1,1702.49,0.0,1702.49,1156.93,545.56,2023,3,Mar,2023-03,32.04482845714218
ORD-04190,2023-08-19,CUST-0721,Consumer,Manitoba,Furniture,Bookshelf,5,768.26,0.0,3841.3,2942.3,899.0,2023,8,Aug,2023-08,23.40353526150001
ORD-04191,2023-04-10,CUST-0957,Corporate,British Columbia,Furniture,Office Chair,1,321.34,0.0,321.34,229.22,92.12,2023,4,Apr,2023-04,28.66745503205328
ORD-04192,2023-06-02,CUST-0019,Consumer,Manitoba,Office Supplies,Pens,3,82.7,0.0,248.1,170.97,77.13,2023,6,Jun,2023-06,31.088270858524787
ORD-04193,2024-08-13,CUST-0070,Corporate,British Columbia,Office Supplies,Pens,4,10.61,0.15,36.07,28.25,7.83,2024,8,Aug,2024-08,21.70779040754089
ORD-04194,2024-09-01,CUST-0049,Corporate,Alberta,Electronics,Headphones,4,1307.63,0.0,5230.52,3708.95,1521.57,2024,9,Sep,2024-09,29.09022429892247
ORD-04195,2025-03-24,CUST-0021,Consumer,Ontario,Office Supplies,Printer Paper,5,84.16,0.0,420.8,256.4,164.4,2025,3,Mar,2025-03,39.06844106463878
ORD-04196,2023-12-26,CUST-0874,Corporate,Quebec,Clothing,Jeans,5,137.71,0.1,619.7,400.75,218.95,2023,12,Dec,2023-12,35.33161207035662
ORD-04197,2023-06-05,CUST-0020,Corporate,British Columbia,Office Supplies,Printer Paper,5,52.95,0.0,264.75,146.83,117.92,2023,6,Jun,2023-06,44.54013220018886
ORD-04198,2023-06-12,CUST-0937,Consumer,Alberta,Electronics,Monitor,4,567.08,0.0,2268.32,1774.99,493.33,2023,6,Jun,2023-06,21.748695069478728
ORD-04199,2025-02-17,CUST-0347,Corporate,Manitoba,Electronics,Laptop,5,947.6,0.0,4738.0,2730.57,2007.43,2025,2,Feb,2025-02,42.36872097931617
ORD-04200,2024-07-27,CUST-0042,Consumer,Quebec,Furniture,Bookshelf,2,509.77,0.05,968.56,596.29,372.28,2024,7,Jul,2024-07,38.43644172792599
ORD-04201,2024-02-11,CUST-0668,Small Business,Alberta,Electronics,Headphones,1,1433.64,0.0,1433.64,809.15,624.49,2024,2,Feb,2024-02,43.55975000697525
ORD-04202,2024-04-08,CUST-0896,Consumer,Manitoba,Office Supplies,Folders,4,75.62,0.05,287.36,179.78,107.57,2024,4,Apr,2024-04,37.43388084632516
ORD-04203,2024-01-10,CUST-0428,Corporate,Alberta,Clothing,Jeans,3,89.48,0.15,228.17,161.27,66.91,2024,1,Jan,2024-01,29.324626375071215
ORD-04204,2024-05-02,CUST-0078,Consumer,Quebec,Office Supplies,Folders,4,15.87,0.05,60.31,46.25,14.05,2024,5,May,2024-05,23.296302437406734
ORD-04205,2025-05-29,CUST-0566,Corporate,Manitoba,Office Supplies,Printer Paper,4,115.54,0.0,462.16,354.22,107.94,2025,5,May,2025-05,23.35554786221222
ORD-04206,2023-05-14,CUST-0185,Small Business,Quebec,Office Supplies,Folders,1,74.87,0.05,71.13,40.12,31.01,2023,5,May,2023-05,43.596232250808384
ORD-04207,2025-01-28,CUST-0290,Consumer,Manitoba,Office Supplies,Stapler,1,41.35,0.05,39.28,22.12,17.16,2025,1,Jan,2025-01,43.686354378818734
ORD-04208,2023-05-19,CUST-0750,Corporate,Ontario,Electronics,Laptop,5,226.6,0.1,1019.7,785.8,233.9,2023,5,May,2023-05,22.93811905462391
ORD-04209,2023-08-08,CUST-0836,Consumer,Ontario,Electronics,Headphones,3,1249.19,0.0,3747.57,2459.86,1287.71,2023,8,Aug,2023-08,34.3611993905384
ORD-04210,2023-09-08,CUST-0340,Small Business,Manitoba,Furniture,Desk,1,250.79,0.05,238.25,175.02,63.23,2023,9,Sep,2023-09,26.53934942287513
ORD-04211,2024-04-17,CUST-0228,Small Business,Quebec,Office Supplies,Notebook,4,61.05,0.15,207.57,123.43,84.14,2024,4,Apr,2024-04,40.53572288866407
ORD-04212,2025-08-04,CUST-0256,Small Business,Manitoba,Electronics,Headphones,5,1204.88,0.0,6024.4,4889.44,1134.96,2025,8,Aug,2025-08,18.839386494920657
ORD-04213,2023-10-09,CUST-0539,Consumer,Alberta,Office Supplies,Pens,2,23.0,0.2,36.8,21.49,15.31,2023,10,Oct,2023-10,41.603260869565226
ORD-04214,2024-04-15,CUST-0623,Corporate,Alberta,Furniture,Cabinet,2,831.1,0.1,1495.98,1019.85,476.13,2024,4,Apr,2024-04,31.827297156379096
ORD-04215,2025-01-02,CUST-0908,Corporate,Alberta,Electronics,Headphones,3,154.32,0.05,439.81,300.15,139.66,2025,1,Jan,2025-01,31.75462131374912
ORD-04216,2023-10-08,CUST-0456,Consumer,Ontario,Electronics,Keyboard,4,545.56,0.0,2182.24,1310.9,871.34,2023,10,Oct,2023-10,39.92869711855708
ORD-04217,2023-03-27,CUST-0823,Corporate,Manitoba,Furniture,Desk,1,440.62,0.2,352.5,196.33,156.16,2023,3,Mar,2023-03,44.300709219858156
ORD-04218,2025-12-14,CUST-0098,Consumer,British Columbia,Electronics,Headphones,5,1219.84,0.15,5184.32,3785.09,1399.23,2025,12,Dec,2025-12,26.989653416455777
ORD-04219,2025-01-28,CUST-0373,Corporate,Alberta,Electronics,Mouse,4,789.83,0.1,2843.39,2073.73,769.66,2025,1,Jan,2025-01,27.06839371313819
ORD-04220,2023-10-04,CUST-0796,Consumer,Alberta,Electronics,Headphones,2,610.7,0.1,1099.26,648.25,451.01,2023,10,Oct,2023-10,41.02851008860506
ORD-04221,2025-08-07,CUST-0364,Consumer,Alberta,Office Supplies,Pens,2,89.84,0.15,152.73,104.49,48.23,2025,8,Aug,2025-08,31.5786027630459
ORD-04222,2025-04-27,CUST-0433,Consumer,Alberta,Office Supplies,Printer Paper,2,38.73,0.1,69.71,44.12,25.6,2025,4,Apr,2025-04,36.72356907186918
ORD-04223,2023-11-14,CUST-0285,Consumer,British Columbia,Electronics,Laptop,1,586.55,0.05,557.22,361.59,195.64,2023,11,Nov,2023-11,35.110010408815185
ORD-04224,2023-01-28,CUST-0310,Small Business,Alberta,Clothing,Jeans,1,68.46,0.2,54.77,38.99,15.78,2023,1,Jan,2023-01,28.811393098411536
ORD-04225,2024-04-09,CUST-0355,Consumer,British Columbia,Electronics,Keyboard,1,1541.17,0.15,1309.99,877.28,432.72,2024,4,Apr,2024-04,33.03231322376507
ORD-04226,2023-11-30,CUST-0088,Consumer,Alberta,Electronics,Keyboard,4,616.88,0.1,2220.77,1577.81,642.96,2023,11,Nov,2023-11,28.952120210557602
ORD-04227,2024-03-13,CUST-0505,Corporate,British Columbia,Electronics,Monitor,2,1616.19,0.0,3232.38,1877.16,1355.22,2024,3,Mar,2024-03,41.92638241790878
ORD-04228,2024-09-12,CUST-0686,Corporate,Alberta,Electronics,Laptop,5,1266.35,0.0,6331.75,4001.21,2330.54,2024,9,Sep,2024-09,36.80720180045011
ORD-04229,2023-11-14,CUST-0434,Corporate,Manitoba,Clothing,T-Shirt,5,87.4,0.15,371.45,223.06,148.39,2023,11,Nov,2023-11,39.948849104859335
ORD-04230,2024-12-24,CUST-0196,Corporate,Alberta,Furniture,Cabinet,4,751.23,0.0,3004.92,1778.7,1226.22,2024,12,Dec,2024-12,40.807076394712674
ORD-04231,2025-06-16,CUST-0635,Consumer,Alberta,Office Supplies,Printer Paper,4,77.21,0.1,277.96,224.69,53.27,2025,6,Jun,2025-06,19.16462800402936
ORD-04232,2024-04-15,CUST-0283,Consumer,Manitoba,Furniture,Cabinet,1,149.55,0.05,142.07,83.85,58.23,2024,4,Apr,2024-04,40.98683747448441
ORD-04233,2024-10-13,CUST-0647,Consumer,British Columbia,Clothing,T-Shirt,4,205.56,0.05,781.13,509.76,271.37,2024,10,Oct,2024-10,34.740696170931855
ORD-04234,2024-06-02,CUST-0155,Consumer,Ontario,Furniture,Cabinet,4,288.99,0.05,1098.16,771.36,326.8,2024,6,Jun,2024-06,29.758869381510888
ORD-04235,2024-03-19,CUST-0007,Corporate,Manitoba,Electronics,Laptop,2,382.86,0.05,727.43,572.53,154.91,2024,3,Mar,2024-03,21.29551984383377
ORD-04236,2025-12-11,CUST-0352,Consumer,Manitoba,Electronics,Headphones,5,166.33,0.15,706.9,477.72,229.18,2025,12,Dec,2025-12,32.42042721742821
ORD-04237,2024-06-11,CUST-0607,Consumer,Alberta,Clothing,Shoes,5,237.44,0.2,949.76,756.9,192.86,2024,6,Jun,2024-06,20.306182614555258
ORD-04238,2024-08-23,CUST-0031,Consumer,Manitoba,Clothing,Shoes,5,55.34,0.2,221.36,149.58,71.78,2024,8,Aug,2024-08,32.42681604625949
ORD-04239,2024-11-17,CUST-0844,Consumer,Ontario,Office Supplies,Pens,1,98.82,0.05,93.88,66.06,27.82,2024,11,Nov,2024-11,29.633574776310184
ORD-04240,2023-12-03,CUST-0998,Consumer,Ontario,Electronics,Monitor,1,1195.77,0.0,1195.77,797.88,397.89,2023,12,Dec,2023-12,33.274793647607815
ORD-04241,2024-10-14,CUST-0807,Corporate,Quebec,Electronics,Monitor,3,1201.09,0.05,3423.11,2124.87,1298.23,2024,10,Oct,2024-10,37.92545375404238
ORD-04242,2023-01-03,CUST-0219,Consumer,Manitoba,Electronics,Mouse,1,524.27,0.05,498.06,333.2,164.86,2023,1,Jan,2023-01,33.100429667108386
ORD-04243,2025-11-02,CUST-0882,Consumer,Manitoba,Electronics,Mouse,2,279.08,0.15,474.44,304.82,169.62,2025,11,Nov,2025-11,35.7516229660231
ORD-04244,2023-06-11,CUST-0518,Corporate,Manitoba,Clothing,Sweater,5,191.63,0.0,958.15,723.96,234.19,2023,6,Jun,2023-06,24.441893231748683
ORD-04245,2024-10-29,CUST-0710,Corporate,Alberta,Clothing,Jacket,5,203.46,0.1,915.57,516.26,399.31,2024,10,Oct,2024-10,43.61326823727295
ORD-04246,2025-10-04,CUST-0268,Corporate,Quebec,Electronics,Headphones,2,455.48,0.0,910.96,737.74,173.22,2025,10,Oct,2025-10,19.015104944234654
ORD-04247,2023-11-01,CUST-0873,Corporate,Ontario,Clothing,Jacket,5,102.19,0.05,485.4,286.19,199.21,2023,11,Nov,2023-11,41.04037906880924
ORD-04248,2025-01-02,CUST-0762,Consumer,Ontario,Clothing,Jeans,4,22.97,0.1,82.69,61.33,21.36,2025,1,Jan,2025-01,25.831418551215386
ORD-04249,2025-02-02,CUST-0903,Consumer,British Columbia,Electronics,Mouse,1,159.56,0.1,143.6,85.9,57.7,2025,2,Feb,2025-02,40.18105849582173
ORD-04250,2024-10-14,CUST-0686,Corporate,Quebec,Clothing,Shoes,1,150.99,0.1,135.89,106.31,29.58,2024,10,Oct,2024-10,21.767606152034734
ORD-04251,2025-11-04,CUST-0950,Consumer,Alberta,Clothing,Shoes,4,221.76,0.15,753.98,443.35,310.63,2025,11,Nov,2025-11,41.19870553595586
ORD-04252,2025-03-06,CUST-0231,Small Business,British Columbia,Clothing,Shoes,4,177.88,0.2,569.22,315.09,254.12,2025,3,Mar,2025-03,44.64354731035452
ORD-04253,2025-09-18,CUST-0993,Consumer,Quebec,Furniture,Bookshelf,5,717.46,0.0,3587.3,2927.58,659.72,2025,9,Sep,2025-09,18.39043291612076
ORD-04254,2024-05-04,CUST-0673,Consumer,Quebec,Office Supplies,Folders,3,83.58,0.15,213.13,135.8,77.32,2024,5,May,2024-05,36.27832778116642
ORD-04255,2025-11-22,CUST-0556,Small Business,Alberta,Furniture,Desk,1,162.92,0.15,138.48,95.55,42.93,2025,11,Nov,2025-11,31.000866551126517
ORD-04256,2023-03-24,CUST-0480,Consumer,Quebec,Clothing,T-Shirt,4,170.05,0.0,680.2,477.56,202.64,2023,3,Mar,2023-03,29.791237871214342
ORD-04257,2023-11-15,CUST-0860,Consumer,Manitoba,Clothing,Shoes,3,211.56,0.2,507.74,331.78,175.96,2023,11,Nov,2023-11,34.65553235908142
ORD-04258,2023-09-10,CUST-0817,Corporate,Ontario,Office Supplies,Pens,4,28.56,0.15,97.1,76.19,20.92,2023,9,Sep,2023-09,21.54479917610711
ORD-04259,2025-03-28,CUST-0964,Consumer,British Columbia,Office Supplies,Notebook,4,31.6,0.0,126.4,91.22,35.18,2025,3,Mar,2025-03,27.832278481012658
ORD-04260,2023-01-26,CUST-0469,Corporate,British Columbia,Electronics,Keyboard,1,341.16,0.0,341.16,212.64,128.52,2023,1,Jan,2023-01,37.67147379528667
ORD-04261,2023-09-11,CUST-0167,Corporate,British Columbia,Furniture,Desk,2,724.83,0.0,1449.66,828.57,621.09,2023,9,Sep,2023-09,42.84383924506436
ORD-04262,2023-12-16,CUST-0111,Corporate,Quebec,Office Supplies,Notebook,3,79.2,0.0,237.6,173.44,64.16,2023,12,Dec,2023-12,27.003367003367
ORD-04263,2025-05-24,CUST-0848,Small Business,Manitoba,Clothing,Sweater,4,39.13,0.1,140.87,98.9,41.96,2025,5,May,2025-05,29.786327819975867
ORD-04264,2024-07-23,CUST-0185,Corporate,Manitoba,Furniture,Desk,5,734.56,0.0,3672.8,2324.66,1348.14,2024,7,Jul,2024-07,36.70605532563712
ORD-04265,2023-06-14,CUST-0687,Consumer,Quebec,Electronics,Laptop,2,1717.4,0.1,3091.32,2113.43,977.89,2023,6,Jun,2023-06,31.633412264016663
ORD-04266,2025-08-15,CUST-0369,Consumer,Ontario,Office Supplies,Printer Paper,3,65.88,0.0,197.64,146.72,50.92,2025,8,Aug,2025-08,25.76401538150172
ORD-04267,2025-02-04,CUST-0422,Consumer,Manitoba,Furniture,Desk,5,806.6,0.0,4033.0,2695.76,1337.24,2025,2,Feb,2025-02,33.157451029010666
ORD-04268,2025-01-31,CUST-0697,Consumer,British Columbia,Furniture,Bookshelf,2,227.49,0.0,454.98,359.76,95.22,2025,1,Jan,2025-01,20.928392456811288
ORD-04269,2024-02-25,CUST-0292,Small Business,Quebec,Office Supplies,Folders,2,79.03,0.05,150.16,101.57,48.59,2024,2,Feb,2024-02,32.35881726158764
ORD-04270,2024-05-22,CUST-0661,Corporate,Ontario,Electronics,Monitor,2,573.84,0.05,1090.3,630.82,459.47,2024,5,May,2024-05,42.14161240025681
ORD-04271,2023-12-25,CUST-0569,Consumer,Alberta,Clothing,T-Shirt,2,113.19,0.2,181.1,122.33,58.77,2023,12,Dec,2023-12,32.45168415240199
ORD-04272,2023-04-21,CUST-0151,Consumer,Alberta,Furniture,Desk,1,322.77,0.05,306.63,180.24,126.39,2023,4,Apr,2023-04,41.219058800508755
ORD-04273,2024-09-15,CUST-0508,Consumer,Alberta,Clothing,Jacket,5,242.69,0.15,1031.43,704.15,327.28,2024,9,Sep,2024-09,31.730703974094215
ORD-04274,2023-03-17,CUST-0110,Corporate,Quebec,Electronics,Laptop,4,1049.47,0.05,3987.99,2644.37,1343.62,2023,3,Mar,2023-03,33.69165920676832
ORD-04275,2023-02-09,CUST-0033,Consumer,British Columbia,Electronics,Headphones,1,502.21,0.0,502.21,279.39,222.82,2023,2,Feb,2023-02,44.36789390892256
ORD-04276,2025-12-17,CUST-0288,Consumer,Quebec,Electronics,Headphones,2,100.96,0.15,171.63,101.5,70.14,2025,12,Dec,2025-12,40.86698129697606
ORD-04277,2025-01-05,CUST-0522,Corporate,Quebec,Electronics,Laptop,2,1306.22,0.0,2612.44,1732.33,880.11,2025,1,Jan,2025-01,33.68919477576519
ORD-04278,2025-11-20,CUST-0367,Corporate,Manitoba,Electronics,Mouse,4,1542.92,0.1,5554.51,4491.52,1062.99,2025,11,Nov,2025-11,19.137421662756932
ORD-04279,2023-04-06,CUST-0509,Consumer,Manitoba,Furniture,Office Chair,2,61.97,0.0,123.94,97.17,26.77,2023,4,Apr,2023-04,21.599160884298854
ORD-04280,2023-03-05,CUST-0996,Corporate,Manitoba,Electronics,Keyboard,5,354.49,0.1,1595.21,888.52,706.69,2023,3,Mar,2023-03,44.30075037142445
ORD-04281,2024-05-21,CUST-0625,Consumer,Quebec,Furniture,Cabinet,4,247.61,0.0,990.44,634.97,355.47,2024,5,May,2024-05,35.890109446306695
ORD-04282,2023-04-05,CUST-0080,Consumer,British Columbia,Clothing,Sweater,3,215.86,0.0,647.58,369.26,278.32,2023,4,Apr,2023-04,42.97847370209086
ORD-04283,2023-02-21,CUST-0818,Consumer,Alberta,Office Supplies,Notebook,1,35.02,0.05,33.27,22.66,10.61,2023,2,Feb,2023-02,31.890592125037564
ORD-04284,2023-11-16,CUST-0978,Consumer,Quebec,Office Supplies,Printer Paper,1,43.17,0.2,34.54,26.9,7.64,2023,11,Nov,2023-11,22.119281991893455
ORD-04285,2023-07-02,CUST-0581,Corporate,Alberta,Office Supplies,Folders,5,106.72,0.05,506.92,340.75,166.17,2023,7,Jul,2023-07,32.78032036613272
ORD-04286,2024-03-27,CUST-0330,Consumer,Ontario,Furniture,Bookshelf,3,68.2,0.1,184.14,105.39,78.75,2024,3,Mar,2024-03,42.7663734115347
ORD-04287,2025-05-11,CUST-0540,Corporate,British Columbia,Electronics,Mouse,2,1186.73,0.0,2373.46,1313.53,1059.93,2025,5,May,2025-05,44.657588499490195
ORD-04288,2023-03-28,CUST-0287,Consumer,British Columbia,Furniture,Lamp,4,856.72,0.0,3426.88,1942.38,1484.5,2023,3,Mar,2023-03,43.319287515174146
ORD-04289,2023-09-11,CUST-0230,Consumer,British Columbia,Office Supplies,Pens,4,111.84,0.05,424.99,293.43,131.57,2023,9,Sep,2023-09,30.95837549118803
ORD-04290,2023-12-08,CUST-0939,Corporate,Manitoba,Clothing,T-Shirt,5,216.78,0.0,1083.9,711.25,372.65,2023,12,Dec,2023-12,34.38047790386566
ORD-04291,2024-10-05,CUST-0439,Consumer,Alberta,Office Supplies,Folders,1,37.24,0.0,37.24,25.92,11.32,2024,10,Oct,2024-10,30.397422126745433
ORD-04292,2024-10-22,CUST-0701,Corporate,Ontario,Clothing,Sweater,2,237.9,0.15,404.43,318.63,85.8,2024,10,Oct,2024-10,21.215043394406944
ORD-04293,2024-10-15,CUST-0304,Consumer,Ontario,Furniture,Bookshelf,4,428.21,0.0,1712.84,1044.93,667.91,2024,10,Oct,2024-10,38.99430186123631
ORD-04294,2023-12-13,CUST-0141,Consumer,Quebec,Clothing,Jeans,5,178.5,0.0,892.5,695.1,197.4,2023,12,Dec,2023-12,22.11764705882353
ORD-04295,2023-06-21,CUST-0977,Consumer,Alberta,Office Supplies,Stapler,5,11.6,0.1,52.2,29.34,22.86,2023,6,Jun,2023-06,43.79310344827586
ORD-04296,2023-12-18,CUST-0348,Consumer,British Columbia,Office Supplies,Folders,2,17.04,0.05,32.38,18.39,13.99,2023,12,Dec,2023-12,43.20568252007412
ORD-04297,2025-02-07,CUST-0814,Corporate,Quebec,Furniture,Bookshelf,3,524.64,0.15,1337.83,1000.28,337.55,2025,2,Feb,2025-02,25.231157919915088
ORD-04298,2024-05-15,CUST-0146,Small Business,Alberta,Furniture,Lamp,3,633.36,0.1,1710.07,1128.3,581.77,2024,5,May,2024-05,34.02024478530119
ORD-04299,2025-04-13,CUST-0771,Small Business,Ontario,Furniture,Lamp,2,199.11,0.1,358.4,259.35,99.05,2025,4,Apr,2025-04,27.63671875
ORD-04300,2025-07-11,CUST-0030,Consumer,Alberta,Office Supplies,Pens,4,7.58,0.1,27.29,17.74,9.54,2025,7,Jul,2025-07,34.95786002198608
ORD-04301,2025-08-24,CUST-0472,Corporate,British Columbia,Furniture,Bookshelf,2,174.46,0.15,296.58,197.81,98.77,2025,8,Aug,2025-08,33.30298738957448
ORD-04302,2024-06-14,CUST-0128,Consumer,Manitoba,Furniture,Cabinet,2,714.94,0.1,1286.89,998.29,288.6,2024,6,Jun,2024-06,22.42615918998516
ORD-04303,2023-03-29,CUST-0568,Corporate,Alberta,Electronics,Keyboard,4,932.27,0.1,3356.17,2074.14,1282.03,2023,3,Mar,2023-03,38.199197299302476
ORD-04304,2024-10-14,CUST-0022,Corporate,Ontario,Office Supplies,Printer Paper,4,53.22,0.1,191.59,149.72,41.87,2024,10,Oct,2024-10,21.8539589748943
ORD-04305,2024-03-15,CUST-0722,Consumer,British Columbia,Electronics,Mouse,2,1705.32,0.05,3240.11,1985.68,1254.43,2024,3,Mar,2024-03,38.71566088805627
ORD-04306,2025-02-03,CUST-0339,Consumer,British Columbia,Furniture,Lamp,3,404.25,0.05,1152.11,835.48,316.63,2025,2,Feb,2025-02,27.48261884715869
ORD-04307,2024-06-21,CUST-0456,Consumer,Quebec,Furniture,Office Chair,1,639.37,0.1,575.43,330.19,245.24,2024,6,Jun,2024-06,42.618563509028036
ORD-04308,2025-09-09,CUST-0707,Consumer,British Columbia,Furniture,Office Chair,5,589.88,0.05,2801.93,1713.85,1088.08,2025,9,Sep,2025-09,38.83323280738634
ORD-04309,2025-08-11,CUST-0427,Corporate,Quebec,Electronics,Keyboard,4,1369.56,0.0,5478.24,4401.62,1076.62,2025,8,Aug,2025-08,19.652662168871753
ORD-04310,2025-10-27,CUST-0126,Corporate,Quebec,Electronics,Keyboard,3,991.1,0.0,2973.3,2066.57,906.73,2025,10,Oct,2025-10,30.49574546799852
ORD-04311,2024-01-31,CUST-0630,Corporate,British Columbia,Office Supplies,Stapler,5,86.3,0.0,431.5,238.06,193.44,2024,1,Jan,2024-01,44.829663962920044
ORD-04312,2024-03-31,CUST-0225,Small Business,Ontario,Electronics,Mouse,3,513.6,0.05,1463.76,909.45,554.31,2024,3,Mar,2024-03,37.86891293654697
ORD-04313,2025-10-11,CUST-0608,Consumer,Quebec,Electronics,Monitor,1,1139.6,0.15,968.66,688.4,280.26,2025,10,Oct,2025-10,28.93275246216423
ORD-04314,2025-10-22,CUST-0905,Consumer,Quebec,Furniture,Bookshelf,3,341.89,0.15,871.82,674.64,197.18,2025,10,Oct,2025-10,22.61705397903237
ORD-04315,2023-04-20,CUST-0548,Consumer,British Columbia,Office Supplies,Printer Paper,2,105.16,0.15,178.77,109.69,69.08,2023,4,Apr,2023-04,38.64183028472338
ORD-04316,2023-09-09,CUST-0516,Corporate,British Columbia,Electronics,Monitor,3,1784.06,0.0,5352.18,3816.35,1535.83,2023,9,Sep,2023-09,28.695410094578282
ORD-04317,2025-06-22,CUST-0508,Small Business,Quebec,Furniture,Cabinet,3,557.5,0.2,1338.0,912.8,425.2,2025,6,Jun,2025-06,31.77877428998505
ORD-04318,2023-02-25,CUST-0667,Consumer,Quebec,Electronics,Mouse,5,1055.57,0.15,4486.17,3540.14,946.04,2023,2,Feb,2023-02,21.0879213226427
ORD-04319,2025-01-29,CUST-0283,Small Business,British Columbia,Electronics,Mouse,1,1313.08,0.15,1116.12,757.47,358.65,2025,1,Jan,2025-01,32.133641543920014
ORD-04320,2024-09-12,CUST-0089,Consumer,Ontario,Clothing,Shoes,1,172.84,0.0,172.84,129.1,43.74,2024,9,Sep,2024-09,25.30664198102291
ORD-04321,2023-10-04,CUST-0786,Small Business,Manitoba,Furniture,Desk,4,469.99,0.0,1879.96,1263.41,616.55,2023,10,Oct,2023-10,32.79591055128832
ORD-04322,2024-07-15,CUST-0714,Small Business,British Columbia,Furniture,Desk,2,604.86,0.05,1149.23,796.87,352.37,2024,7,Jul,2024-07,30.661399371753262
ORD-04323,2024-07-29,CUST-0431,Small Business,Ontario,Clothing,Jacket,4,163.87,0.0,655.48,478.37,177.11,2024,7,Jul,2024-07,27.019893818270578
ORD-04324,2025-06-15,CUST-0831,Consumer,Manitoba,Furniture,Cabinet,1,734.78,0.0,734.78,572.55,162.23,2025,6,Jun,2025-06,22.07871743923351
ORD-04325,2024-03-10,CUST-0014,Corporate,British Columbia,Electronics,Keyboard,4,1282.3,0.0,5129.2,3349.07,1780.13,2024,3,Mar,2024-03,34.70580207439757
ORD-04326,2024-03-05,CUST-0629,Consumer,Manitoba,Electronics,Mouse,2,1618.9,0.2,2590.24,1497.68,1092.56,2024,3,Mar,2024-03,42.17987522391748
ORD-04327,2024-05-31,CUST-0737,Corporate,Ontario,Office Supplies,Folders,5,47.62,0.0,238.1,183.2,54.9,2024,5,May,2024-05,23.057538849223018
ORD-04328,2024-06-15,CUST-0490,Corporate,Manitoba,Furniture,Bookshelf,4,801.6,0.0,3206.4,2622.14,584.26,2024,6,Jun,2024-06,18.221681636726547
ORD-04329,2023-11-20,CUST-0513,Small Business,Ontario,Furniture,Lamp,4,456.02,0.2,1459.26,1189.29,269.97,2023,11,Nov,2023-11,18.500472842399574
ORD-04330,2024-04-16,CUST-0807,Consumer,Quebec,Electronics,Keyboard,4,1727.45,0.1,6218.82,4954.29,1264.53,2024,4,Apr,2024-04,20.333921869422174
ORD-04331,2023-11-25,CUST-0334,Corporate,Alberta,Furniture,Bookshelf,1,102.9,0.0,102.9,77.78,25.12,2023,11,Nov,2023-11,24.412050534499514
ORD-04332,2023-12-05,CUST-0671,Consumer,Ontario,Electronics,Headphones,4,1687.42,0.05,6412.2,4426.65,1985.55,2023,12,Dec,2023-12,30.965191353981474
ORD-04333,2024-01-17,CUST-0463,Corporate,Manitoba,Electronics,Headphones,3,1779.77,0.15,4538.41,2739.42,1799.0,2024,1,Jan,2024-01,39.639433193563384
ORD-04334,2024-08-03,CUST-0430,Corporate,Manitoba,Clothing,Jeans,3,217.34,0.0,652.02,385.63,266.39,2024,8,Aug,2024-08,40.856108708321834
ORD-04335,2025-07-24,CUST-0616,Consumer,British Columbia,Furniture,Desk,1,352.38,0.15,299.52,237.37,62.15,2025,7,Jul,2025-07,20.74986645299145
ORD-04336,2025-07-24,CUST-0207,Corporate,British Columbia,Electronics,Laptop,5,147.36,0.0,736.8,590.18,146.62,2025,7,Jul,2025-07,19.89956568946797
ORD-04337,2023-07-19,CUST-0226,Consumer,Manitoba,Clothing,Jacket,1,35.12,0.0,35.12,27.35,7.77,2023,7,Jul,2023-07,22.124145785876994
ORD-04338,2024-06-04,CUST-0005,Small Business,Alberta,Office Supplies,Pens,2,108.29,0.1,194.92,152.87,42.06,2024,6,Jun,2024-06,21.578083316232302
ORD-04339,2025-09-18,CUST-0483,Consumer,Ontario,Electronics,Headphones,2,1098.77,0.1,1977.79,1183.28,794.5,2025,9,Sep,2025-09,40.171100066235546
ORD-04340,2023-01-29,CUST-0814,Consumer,Alberta,Furniture,Lamp,4,247.17,0.1,889.81,609.0,280.81,2023,1,Jan,2023-01,31.558422584596713
ORD-04341,2023-04-29,CUST-0601,Corporate,Manitoba,Clothing,Sweater,2,116.93,0.0,233.86,134.65,99.21,2023,4,Apr,2023-04,42.4228170700419
ORD-04342,2024-09-18,CUST-0345,Consumer,Alberta,Furniture,Office Chair,2,839.44,0.1,1510.99,1108.43,402.57,2024,9,Sep,2024-09,26.6427971065328
ORD-04343,2023-11-29,CUST-0895,Corporate,Quebec,Clothing,Shoes,2,209.65,0.0,419.3,313.55,105.75,2023,11,Nov,2023-11,25.220605771523967
ORD-04344,2023-02-14,CUST-0910,Consumer,Manitoba,Clothing,Jeans,1,124.81,0.0,124.81,71.11,53.7,2023,2,Feb,2023-02,43.02539860588094
ORD-04345,2025-05-29,CUST-0058,Small Business,Alberta,Office Supplies,Notebook,5,6.6,0.0,33.0,18.5,14.5,2025,5,May,2025-05,43.93939393939394
ORD-04346,2025-01-03,CUST-0861,Consumer,Alberta,Electronics,Monitor,5,86.65,0.05,411.59,258.38,153.21,2025,1,Jan,2025-01,37.223936441604515
ORD-04347,2025-08-18,CUST-0187,Consumer,Manitoba,Clothing,T-Shirt,1,204.04,0.1,183.64,122.79,60.84,2025,8,Aug,2025-08,33.130037028969724
ORD-04348,2024-03-01,CUST-0070,Consumer,Manitoba,Electronics,Headphones,5,1061.79,0.0,5308.95,3537.83,1771.12,2024,3,Mar,2024-03,33.36102242439654
ORD-04349,2025-08-11,CUST-0189,Consumer,Quebec,Furniture,Lamp,2,79.91,0.0,159.82,110.41,49.41,2025,8,Aug,2025-08,30.916030534351147
ORD-04350,2023-03-20,CUST-0735,Consumer,British Columbia,Office Supplies,Stapler,2,100.79,0.0,201.58,130.95,70.63,2023,3,Mar,2023-03,35.038198233951775
ORD-04351,2023-04-20,CUST-0494,Small Business,Quebec,Electronics,Monitor,1,1673.3,0.0,1673.3,1368.5,304.8,2023,4,Apr,2023-04,18.215502300842648
ORD-04352,2024-04-18,CUST-0310,Small Business,Quebec,Office Supplies,Notebook,5,79.05,0.05,375.49,233.25,142.24,2024,4,Apr,2024-04,37.881168606354365
ORD-04353,2023-01-11,CUST-0389,Small Business,British Columbia,Office Supplies,Folders,2,50.66,0.1,91.19,73.38,17.81,2023,1,Jan,2023-01,19.53065029060204
ORD-04354,2024-08-29,CUST-0338,Corporate,Ontario,Electronics,Keyboard,3,1104.37,0.05,3147.45,1943.43,1204.03,2024,8,Aug,2024-08,38.254142242132524
ORD-04355,2023-07-25,CUST-0679,Consumer,Quebec,Electronics,Headphones,5,1073.6,0.1,4831.2,2909.98,1921.22,2023,7,Jul,2023-07,39.766931611193904
ORD-04356,2025-03-09,CUST-0337,Consumer,Ontario,Clothing,Jeans,3,46.83,0.15,119.42,87.15,32.26,2025,3,Mar,2025-03,27.013900519176016
ORD-04357,2023-04-19,CUST-0149,Corporate,Quebec,Office Supplies,Pens,4,75.51,0.1,271.84,208.31,63.53,2023,4,Apr,2023-04,23.370364920541498
ORD-04358,2023-10-02,CUST-0144,Consumer,Quebec,Furniture,Lamp,1,456.55,0.2,365.24,261.18,104.06,2023,10,Oct,2023-10,28.490855328003505
ORD-04359,2025-09-08,CUST-0725,Consumer,British Columbia,Clothing,Jeans,4,92.5,0.05,351.5,262.63,88.87,2025,9,Sep,2025-09,25.28307254623044
ORD-04360,2025-08-25,CUST-0130,Consumer,British Columbia,Clothing,Sweater,1,243.91,0.2,195.13,127.2,67.93,2025,8,Aug,2025-08,34.81268897657972
ORD-04361,2024-05-04,CUST-0733,Consumer,Manitoba,Furniture,Cabinet,1,297.41,0.0,297.41,239.76,57.65,2024,5,May,2024-05,19.384015332369454
ORD-04362,2024-11-15,CUST-0194,Corporate,Manitoba,Clothing,T-Shirt,4,119.19,0.05,452.92,285.55,167.37,2024,11,Nov,2024-11,36.95354588006712
ORD-04363,2025-06-23,CUST-0027,Corporate,Alberta,Office Supplies,Folders,3,60.0,0.0,180.0,135.79,44.21,2025,6,Jun,2025-06,24.56111111111111
ORD-04364,2024-05-14,CUST-0748,Consumer,British Columbia,Electronics,Mouse,5,208.62,0.05,990.94,725.63,265.32,2024,5,May,2024-05,26.774577673723936
ORD-04365,2023-03-28,CUST-0155,Small Business,British Columbia,Furniture,Desk,4,486.78,0.05,1849.76,1390.71,459.06,2023,3,Mar,2023-03,24.817273592249805
ORD-04366,2024-08-17,CUST-0825,Consumer,Alberta,Furniture,Desk,2,144.41,0.0,288.82,230.31,58.51,2024,8,Aug,2024-08,20.25829236202479
ORD-04367,2024-04-19,CUST-0675,Consumer,Alberta,Furniture,Bookshelf,3,420.56,0.05,1198.6,826.78,371.81,2024,4,Apr,2024-04,31.02035708326381
ORD-04368,2024-04-22,CUST-0628,Consumer,Manitoba,Electronics,Laptop,1,869.69,0.0,869.69,541.69,328.0,2024,4,Apr,2024-04,37.71458795662822
ORD-04369,2024-02-25,CUST-0111,Small Business,Alberta,Office Supplies,Pens,1,96.49,0.2,77.19,56.61,20.58,2024,2,Feb,2024-02,26.661484648270502
ORD-04370,2023-06-07,CUST-0175,Consumer,Quebec,Clothing,Jacket,3,171.99,0.1,464.37,293.67,170.71,2023,6,Jun,2023-06,36.7616340418201
ORD-04371,2023-06-06,CUST-0149,Consumer,Manitoba,Electronics,Laptop,1,1138.59,0.0,1138.59,760.88,377.71,2023,6,Jun,2023-06,33.173486505238934
ORD-04372,2025-10-19,CUST-0589,Corporate,Manitoba,Furniture,Cabinet,1,243.28,0.05,231.12,147.44,83.68,2025,10,Oct,2025-10,36.20629975770163
ORD-04373,2023-11-10,CUST-0251,Small Business,British Columbia,Furniture,Desk,4,302.66,0.2,968.51,599.54,368.97,2023,11,Nov,2023-11,38.0966639477135
ORD-04374,2023-05-14,CUST-0350,Consumer,Alberta,Clothing,Shoes,4,248.55,0.0,994.2,578.25,415.95,2023,5,May,2023-05,41.83765841882921
ORD-04375,2023-06-14,CUST-0737,Consumer,Alberta,Office Supplies,Printer Paper,4,102.22,0.0,408.88,243.33,165.55,2023,6,Jun,2023-06,40.48865192721581
ORD-04376,2024-09-28,CUST-0335,Corporate,Alberta,Office Supplies,Stapler,3,29.95,0.05,85.36,59.08,26.28,2024,9,Sep,2024-09,30.787253983130274
ORD-04377,2023-03-04,CUST-0652,Consumer,Alberta,Office Supplies,Folders,3,18.71,0.05,53.32,41.86,11.46,2023,3,Mar,2023-03,21.492873218304577
ORD-04378,2024-11-04,CUST-0509,Consumer,Manitoba,Electronics,Laptop,2,1037.76,0.2,1660.42,1012.93,647.49,2024,11,Nov,2024-11,38.99555534141964
ORD-04379,2025-08-05,CUST-0580,Consumer,British Columbia,Furniture,Bookshelf,5,897.72,0.2,3590.88,2219.14,1371.74,2025,8,Aug,2025-08,38.200663904112645
ORD-04380,2023-01-17,CUST-0797,Corporate,Manitoba,Clothing,Jeans,1,116.52,0.05,110.69,80.38,30.31,2023,1,Jan,2023-01,27.38278073900081
ORD-04381,2025-08-09,CUST-0825,Corporate,Ontario,Electronics,Laptop,4,1286.02,0.05,4886.88,3305.5,1581.37,2025,8,Aug,2025-08,32.35950135874013
ORD-04382,2023-05-21,CUST-0853,Consumer,Quebec,Furniture,Cabinet,2,673.44,0.2,1077.5,859.44,218.07,2023,5,May,2023-05,20.238515081206497
ORD-04383,2025-06-22,CUST-0552,Corporate,Quebec,Electronics,Laptop,4,737.23,0.15,2506.58,2052.76,453.83,2025,6,Jun,2025-06,18.105546202395296
ORD-04384,2025-05-01,CUST-0334,Consumer,Manitoba,Furniture,Office Chair,1,598.55,0.05,568.62,419.67,148.95,2025,5,May,2025-05,26.19499841722064
ORD-04385,2024-07-29,CUST-0554,Consumer,Manitoba,Office Supplies,Notebook,3,22.86,0.05,65.15,39.52,25.63,2024,7,Jul,2024-07,39.339984650805825
ORD-04386,2023-09-11,CUST-0821,Small Business,Manitoba,Electronics,Mouse,4,653.11,0.2,2089.95,1314.62,775.33,2023,9,Sep,2023-09,37.098016698964095
ORD-04387,2024-08-28,CUST-0220,Small Business,Ontario,Office Supplies,Folders,4,80.56,0.05,306.13,205.38,100.75,2024,8,Aug,2024-08,32.91085486557998
ORD-04388,2025-12-19,CUST-0522,Consumer,Ontario,Electronics,Laptop,4,376.86,0.1,1356.7,907.68,449.02,2025,12,Dec,2025-12,33.09648411586939
ORD-04389,2025-04-29,CUST-0068,Small Business,Alberta,Office Supplies,Folders,1,101.74,0.15,86.48,57.21,29.27,2025,4,Apr,2025-04,33.84597594819611
ORD-04390,2025-11-22,CUST-0123,Consumer,Manitoba,Furniture,Office Chair,2,803.75,0.0,1607.5,1065.97,541.53,2025,11,Nov,2025-11,33.687713841368584
ORD-04391,2024-12-29,CUST-0169,Consumer,Ontario,Furniture,Lamp,3,320.13,0.1,864.35,492.72,371.63,2024,12,Dec,2024-12,42.99531439810262
ORD-04392,2025-03-19,CUST-0138,Corporate,Ontario,Furniture,Desk,2,270.82,0.0,541.64,392.16,149.48,2025,3,Mar,2025-03,27.59766634665091
ORD-04393,2023-01-19,CUST-0256,Small Business,Manitoba,Clothing,Shoes,3,157.63,0.0,472.89,282.47,190.42,2023,1,Jan,2023-01,40.26729260504557
ORD-04394,2025-09-24,CUST-0633,Consumer,Manitoba,Furniture,Office Chair,1,478.49,0.1,430.64,312.65,117.99,2025,9,Sep,2025-09,27.39875534088798
ORD-04395,2025-02-28,CUST-0804,Consumer,Ontario,Office Supplies,Notebook,4,68.65,0.1,247.14,183.58,63.56,2025,2,Feb,2025-02,25.718216395565268
ORD-04396,2025-04-16,CUST-0419,Consumer,Ontario,Office Supplies,Stapler,3,11.46,0.0,34.38,25.27,9.11,2025,4,Apr,2025-04,26.497963932518903
ORD-04397,2023-07-27,CUST-0969,Consumer,Ontario,Furniture,Bookshelf,4,855.15,0.0,3420.6,2331.97,1088.63,2023,7,Jul,2023-07,31.82570309302462
ORD-04398,2025-09-09,CUST-0114,Consumer,Manitoba,Office Supplies,Pens,2,29.04,0.05,55.18,42.34,12.83,2025,9,Sep,2025-09,23.251177963030084
ORD-04399,2025-02-23,CUST-0235,Consumer,Quebec,Office Supplies,Notebook,3,77.83,0.0,233.49,144.9,88.59,2025,2,Feb,2025-02,37.941667737376335
ORD-04400,2023-08-24,CUST-0803,Consumer,Quebec,Furniture,Bookshelf,1,841.15,0.05,799.09,452.87,346.22,2023,8,Aug,2023-08,43.32678421704689
ORD-04401,2025-10-18,CUST-0896,Small Business,Alberta,Office Supplies,Notebook,4,53.48,0.0,213.92,170.49,43.43,2025,10,Oct,2025-10,20.301982049364252
ORD-04402,2025-03-24,CUST-0566,Consumer,Manitoba,Furniture,Desk,3,720.88,0.2,1730.11,1406.19,323.92,2025,3,Mar,2025-03,18.722508973417877
ORD-04403,2025-05-12,CUST-0593,Consumer,Manitoba,Electronics,Monitor,2,1285.31,0.0,2570.62,1516.42,1054.2,2025,5,May,2025-05,41.00956189557383
ORD-04404,2024-11-16,CUST-0242,Corporate,British Columbia,Clothing,T-Shirt,1,154.62,0.1,139.16,95.52,43.63,2024,11,Nov,2024-11,31.35240011497557
ORD-04405,2023-05-22,CUST-0610,Consumer,British Columbia,Office Supplies,Notebook,5,115.02,0.0,575.1,418.61,156.49,2023,5,May,2023-05,27.21091984002782
ORD-04406,2024-02-13,CUST-0734,Consumer,Quebec,Office Supplies,Stapler,5,99.35,0.1,447.08,324.39,122.69,2024,2,Feb,2024-02,27.442515880826697
ORD-04407,2024-03-15,CUST-0661,Consumer,Manitoba,Furniture,Lamp,4,119.07,0.05,452.47,346.14,106.33,2024,3,Mar,2024-03,23.499900545892544
ORD-04408,2023-12-07,CUST-0168,Consumer,Ontario,Office Supplies,Notebook,3,106.95,0.1,288.77,201.42,87.35,2023,12,Dec,2023-12,30.248987083145757
ORD-04409,2025-10-16,CUST-0745,Consumer,Alberta,Office Supplies,Folders,1,111.04,0.15,94.38,55.49,38.89,2025,10,Oct,2025-10,41.205763933036664
ORD-04410,2024-12-19,CUST-0357,Consumer,Alberta,Furniture,Cabinet,2,146.76,0.2,234.82,138.99,95.83,2024,12,Dec,2024-12,40.809982113959634
ORD-04411,2023-11-22,CUST-0015,Consumer,Alberta,Furniture,Bookshelf,3,297.36,0.0,892.08,679.89,212.19,2023,11,Nov,2023-11,23.785983319881623
ORD-04412,2024-02-17,CUST-0069,Consumer,Manitoba,Electronics,Mouse,2,1474.96,0.05,2802.42,1692.78,1109.64,2024,2,Feb,2024-02,39.595777934784934
ORD-04413,2023-04-28,CUST-0226,Consumer,Alberta,Office Supplies,Notebook,4,99.59,0.0,398.36,274.84,123.52,2023,4,Apr,2023-04,31.007129229842352
ORD-04414,2023-04-24,CUST-0718,Small Business,British Columbia,Electronics,Keyboard,5,1722.24,0.15,7319.52,5252.6,2066.92,2023,4,Apr,2023-04,28.238463724397228
ORD-04415,2023-05-21,CUST-0872,Corporate,Ontario,Furniture,Cabinet,5,163.22,0.1,734.49,523.46,211.03,2023,5,May,2023-05,28.73150076924124
ORD-04416,2025-09-09,CUST-0393,Consumer,Ontario,Clothing,Shoes,5,146.78,0.05,697.2,426.04,271.16,2025,9,Sep,2025-09,38.89271371199082
ORD-04417,2023-03-10,CUST-0139,Consumer,Manitoba,Office Supplies,Folders,1,23.6,0.1,21.24,13.45,7.79,2023,3,Mar,2023-03,36.67608286252354
ORD-04418,2024-07-26,CUST-0757,Consumer,Quebec,Electronics,Headphones,4,599.94,0.0,2399.76,1962.89,436.87,2024,7,Jul,2024-07,18.204737140380704
ORD-04419,2023-09-22,CUST-0140,Consumer,Manitoba,Clothing,Jeans,3,114.33,0.0,342.99,270.4,72.59,2023,9,Sep,2023-09,21.16388232893087
ORD-04420,2025-12-07,CUST-0482,Small Business,Alberta,Electronics,Keyboard,2,1666.47,0.2,2666.35,1789.06,877.3,2025,12,Dec,2025-12,32.902657190541376
ORD-04421,2023-06-26,CUST-0086,Corporate,Manitoba,Furniture,Office Chair,3,677.01,0.15,1726.38,1362.66,363.72,2023,6,Jun,2023-06,21.068362701143435
ORD-04422,2023-05-31,CUST-0612,Consumer,Quebec,Furniture,Cabinet,5,145.21,0.15,617.14,505.8,111.34,2023,5,May,2023-05,18.041287228181613
ORD-04423,2024-01-21,CUST-0790,Consumer,British Columbia,Office Supplies,Stapler,2,73.69,0.05,140.01,100.48,39.53,2024,1,Jan,2024-01,28.23369759302907
ORD-04424,2025-05-12,CUST-0969,Consumer,Quebec,Clothing,Sweater,3,78.4,0.05,223.44,125.11,98.33,2025,5,May,2025-05,44.007339778016465
ORD-04425,2025-07-23,CUST-0631,Corporate,Manitoba,Clothing,Jacket,3,242.06,0.15,617.25,414.79,202.46,2025,7,Jul,2025-07,32.800324017820984
ORD-04426,2024-08-27,CUST-0909,Consumer,Ontario,Clothing,Shoes,4,196.66,0.05,747.31,559.64,187.67,2024,8,Aug,2024-08,25.112737685833185
ORD-04427,2024-06-15,CUST-0907,Corporate,Alberta,Electronics,Keyboard,3,888.23,0.2,2131.75,1551.31,580.44,2024,6,Jun,2024-06,27.228333528790905
ORD-04428,2024-09-06,CUST-0970,Corporate,Manitoba,Office Supplies,Pens,1,21.0,0.05,19.95,16.29,3.66,2024,9,Sep,2024-09,18.345864661654137
ORD-04429,2023-04-13,CUST-0956,Consumer,British Columbia,Furniture,Lamp,2,239.85,0.1,431.73,306.64,125.09,2023,4,Apr,2023-04,28.97412734811109
ORD-04430,2023-09-03,CUST-0504,Consumer,Quebec,Furniture,Cabinet,4,128.33,0.0,513.32,393.29,120.03,2023,9,Sep,2023-09,23.383074885061948
ORD-04431,2024-12-17,CUST-0519,Corporate,Quebec,Electronics,Laptop,1,1126.31,0.15,957.36,647.78,309.59,2024,12,Dec,2024-12,32.337887524024396
ORD-04432,2023-02-21,CUST-0262,Consumer,Manitoba,Electronics,Headphones,4,63.95,0.1,230.22,149.01,81.21,2023,2,Feb,2023-02,35.27495439145165
ORD-04433,2023-08-20,CUST-0544,Consumer,Manitoba,Electronics,Laptop,4,476.6,0.05,1811.08,1473.61,337.47,2023,8,Aug,2023-08,18.633632970382315
ORD-04434,2023-10-15,CUST-0544,Small Business,Ontario,Electronics,Headphones,1,1500.85,0.1,1350.76,849.48,501.28,2023,10,Oct,2023-10,37.11095975598922
ORD-04435,2024-07-10,CUST-0198,Consumer,Manitoba,Office Supplies,Folders,3,31.08,0.0,93.24,74.12,19.12,2024,7,Jul,2024-07,20.506220506220508
ORD-04436,2024-08-11,CUST-0634,Corporate,Manitoba,Electronics,Laptop,4,1175.79,0.0,4703.16,3648.25,1054.91,2024,8,Aug,2024-08,22.429813146905488
ORD-04437,2024-07-06,CUST-0980,Small Business,British Columbia,Furniture,Bookshelf,5,101.95,0.05,484.26,297.17,187.09,2024,7,Jul,2024-07,38.63420476603478
ORD-04438,2024-05-13,CUST-0767,Corporate,Ontario,Clothing,T-Shirt,1,184.75,0.05,175.51,99.98,75.53,2024,5,May,2024-05,43.03458492393596
ORD-04439,2025-02-23,CUST-0570,Consumer,Manitoba,Office Supplies,Printer Paper,4,31.8,0.0,127.2,97.33,29.87,2025,2,Feb,2025-02,23.482704402515722
ORD-04440,2024-03-03,CUST-0687,Consumer,Manitoba,Office Supplies,Pens,3,32.08,0.0,96.24,67.79,28.45,2024,3,Mar,2024-03,29.561512884455528
ORD-04441,2023-06-23,CUST-0586,Consumer,Alberta,Electronics,Keyboard,5,1447.43,0.05,6875.29,5621.96,1253.33,2023,6,Jun,2023-06,18.22948559260773
ORD-04442,2025-03-25,CUST-0902,Consumer,Alberta,Electronics,Mouse,3,897.23,0.15,2287.94,1357.73,930.2,2025,3,Mar,2025-03,40.65666057676338
ORD-04443,2025-10-09,CUST-0220,Corporate,Manitoba,Electronics,Keyboard,3,1366.93,0.0,4100.79,3062.58,1038.21,2025,10,Oct,2025-10,25.31731690723007
ORD-04444,2023-11-12,CUST-0042,Corporate,Manitoba,Furniture,Lamp,4,788.23,0.1,2837.63,1913.18,924.45,2023,11,Nov,2023-11,32.57824311132882
ORD-04445,2023-11-11,CUST-0655,Corporate,Alberta,Electronics,Keyboard,5,1412.67,0.15,6003.85,3843.8,2160.05,2023,11,Nov,2023-11,35.977747611949
ORD-04446,2025-10-27,CUST-0029,Corporate,British Columbia,Office Supplies,Printer Paper,2,110.89,0.1,199.6,158.08,41.53,2025,10,Oct,2025-10,20.806613226452907
ORD-04447,2025-10-20,CUST-0642,Corporate,Alberta,Electronics,Mouse,4,552.87,0.15,1879.76,1363.56,516.2,2025,10,Oct,2025-10,27.46095246201643
ORD-04448,2024-01-17,CUST-0478,Consumer,Ontario,Office Supplies,Notebook,5,63.47,0.15,269.75,174.18,95.57,2024,1,Jan,2024-01,35.429101019462465
ORD-04449,2025-03-10,CUST-0555,Consumer,Alberta,Office Supplies,Notebook,1,104.42,0.0,104.42,77.33,27.09,2025,3,Mar,2025-03,25.943305880099597
ORD-04450,2025-12-28,CUST-0173,Corporate,Alberta,Electronics,Headphones,4,474.57,0.0,1898.28,1252.64,645.64,2025,12,Dec,2025-12,34.01184229934467
ORD-04451,2023-03-16,CUST-0544,Consumer,Manitoba,Clothing,Sweater,5,214.25,0.1,964.12,550.82,413.31,2023,3,Mar,2023-03,42.86914491971954
ORD-04452,2023-11-12,CUST-0386,Consumer,Manitoba,Office Supplies,Stapler,1,105.95,0.1,95.36,57.41,37.94,2023,11,Nov,2023-11,39.78607382550335
ORD-04453,2024-07-11,CUST-0149,Small Business,Ontario,Furniture,Desk,2,334.5,0.2,535.2,438.08,97.12,2024,7,Jul,2024-07,18.146487294469356
ORD-04454,2024-12-02,CUST-0068,Consumer,Manitoba,Electronics,Keyboard,2,971.19,0.15,1651.02,1159.07,491.95,2024,12,Dec,2024-12,29.7967317173626
ORD-04455,2024-01-28,CUST-0398,Consumer,Ontario,Electronics,Mouse,5,1218.24,0.2,4872.96,3122.48,1750.48,2024,1,Jan,2024-01,35.92231415812976
ORD-04456,2023-04-12,CUST-0025,Corporate,Quebec,Electronics,Mouse,3,237.75,0.2,570.6,436.95,133.65,2023,4,Apr,2023-04,23.422712933753942
ORD-04457,2024-08-19,CUST-0788,Corporate,Alberta,Office Supplies,Printer Paper,4,81.0,0.05,307.8,236.09,71.71,2024,8,Aug,2024-08,23.297595841455486
ORD-04458,2025-12-22,CUST-0919,Consumer,Manitoba,Office Supplies,Notebook,5,82.5,0.05,391.88,239.86,152.02,2025,12,Dec,2025-12,38.7924874961723
ORD-04459,2025-06-30,CUST-0251,Corporate,Manitoba,Clothing,Sweater,1,215.07,0.1,193.56,137.67,55.9,2025,6,Jun,2025-06,28.879933870634428
ORD-04460,2024-11-12,CUST-0783,Consumer,Manitoba,Furniture,Bookshelf,4,536.67,0.0,2146.68,1391.29,755.39,2024,11,Nov,2024-11,35.18875659157396
ORD-04461,2025-12-19,CUST-0179,Consumer,Quebec,Office Supplies,Pens,3,83.11,0.0,249.33,177.58,71.75,2025,12,Dec,2025-12,28.777122688806
ORD-04462,2023-08-05,CUST-0215,Consumer,Quebec,Office Supplies,Notebook,1,19.37,0.0,19.37,13.12,6.25,2023,8,Aug,2023-08,32.26639132679401
ORD-04463,2024-08-10,CUST-0670,Consumer,Alberta,Office Supplies,Notebook,4,64.45,0.1,232.02,177.57,54.45,2024,8,Aug,2024-08,23.467804499612104
ORD-04464,2024-06-15,CUST-0967,Consumer,British Columbia,Clothing,T-Shirt,4,219.02,0.0,876.08,569.33,306.75,2024,6,Jun,2024-06,35.01392566888868
ORD-04465,2025-05-01,CUST-0650,Corporate,Ontario,Furniture,Desk,3,201.51,0.0,604.53,395.85,208.68,2025,5,May,2025-05,34.519378690883826
ORD-04466,2023-06-28,CUST-0015,Corporate,British Columbia,Electronics,Headphones,2,551.71,0.05,1048.25,855.14,193.11,2023,6,Jun,2023-06,18.42213212497019
ORD-04467,2025-01-29,CUST-0559,Consumer,Alberta,Clothing,Sweater,2,64.76,0.0,129.52,102.51,27.01,2025,1,Jan,2025-01,20.853922174181594
ORD-04468,2025-05-19,CUST-0861,Corporate,British Columbia,Electronics,Laptop,5,669.46,0.05,3179.94,2016.71,1163.23,2025,5,May,2025-05,36.5802499418228
ORD-04469,2025-06-01,CUST-0947,Consumer,British Columbia,Electronics,Keyboard,5,1440.93,0.05,6844.42,3897.59,2946.82,2025,6,Jun,2025-06,43.054342077195734
ORD-04470,2023-05-24,CUST-0802,Consumer,Alberta,Furniture,Office Chair,4,731.93,0.0,2927.72,1775.39,1152.33,2023,5,May,2023-05,39.35929665405162
ORD-04471,2024-05-04,CUST-0978,Corporate,Alberta,Office Supplies,Stapler,5,77.56,0.1,349.02,236.66,112.36,2024,5,May,2024-05,32.19299753595782
ORD-04472,2024-10-31,CUST-0914,Corporate,Quebec,Electronics,Mouse,3,85.35,0.2,204.84,145.18,59.66,2024,10,Oct,2024-10,29.125170865065414
ORD-04473,2024-12-19,CUST-0142,Corporate,Manitoba,Office Supplies,Printer Paper,3,112.61,0.15,287.16,231.86,55.29,2024,12,Dec,2024-12,19.254074383618885
ORD-04474,2023-12-27,CUST-0224,Corporate,British Columbia,Electronics,Monitor,1,1015.88,0.0,1015.88,653.56,362.32,2023,12,Dec,2023-12,35.66562979879514
ORD-04475,2025-12-27,CUST-0777,Consumer,Quebec,Furniture,Desk,2,332.09,0.1,597.76,470.47,127.29,2025,12,Dec,2025-12,21.294499464668096
ORD-04476,2023-02-14,CUST-0617,Consumer,British Columbia,Electronics,Monitor,3,774.69,0.05,2207.87,1720.62,487.25,2023,2,Feb,2023-02,22.068781223532184
ORD-04477,2024-07-28,CUST-0069,Consumer,British Columbia,Office Supplies,Folders,4,78.92,0.1,284.11,194.6,89.51,2024,7,Jul,2024-07,31.50540283692936
ORD-04478,2023-08-31,CUST-0841,Consumer,Ontario,Clothing,Jacket,5,213.1,0.0,1065.5,746.98,318.52,2023,8,Aug,2023-08,29.89394650398874
ORD-04479,2024-10-03,CUST-0167,Consumer,Manitoba,Furniture,Desk,4,436.31,0.2,1396.19,925.4,470.79,2024,10,Oct,2024-10,33.71962268745658
ORD-04480,2024-10-19,CUST-0703,Consumer,Manitoba,Electronics,Headphones,3,1702.04,0.05,4850.81,3547.06,1303.75,2024,10,Oct,2024-10,26.876954570473792
ORD-04481,2024-02-12,CUST-0022,Consumer,Manitoba,Electronics,Laptop,4,512.71,0.1,1845.76,1419.62,426.14,2024,2,Feb,2024-02,23.087508668515948
ORD-04482,2025-05-27,CUST-0462,Consumer,Quebec,Office Supplies,Pens,5,87.26,0.1,392.67,310.71,81.96,2025,5,May,2025-05,20.87248834899534
ORD-04483,2024-11-27,CUST-0819,Consumer,Manitoba,Electronics,Monitor,1,1539.44,0.2,1231.55,996.08,235.48,2024,11,Nov,2024-11,19.12062035646137
ORD-04484,2025-03-23,CUST-0094,Consumer,British Columbia,Clothing,T-Shirt,5,63.72,0.1,286.74,176.67,110.07,2025,3,Mar,2025-03,38.386691776522284
ORD-04485,2024-08-19,CUST-0994,Consumer,Alberta,Electronics,Keyboard,3,1675.55,0.15,4272.65,3117.83,1154.83,2024,8,Aug,2024-08,27.028424982153933
ORD-04486,2024-07-14,CUST-0452,Corporate,British Columbia,Electronics,Monitor,1,1672.12,0.05,1588.51,986.07,602.44,2024,7,Jul,2024-07,37.92484781335969
ORD-04487,2024-11-25,CUST-0056,Consumer,Alberta,Furniture,Office Chair,1,239.53,0.15,203.6,113.99,89.61,2024,11,Nov,2024-11,44.01277013752456
ORD-04488,2023-09-21,CUST-0789,Consumer,Alberta,Office Supplies,Printer Paper,4,47.93,0.0,191.72,130.31,61.41,2023,9,Sep,2023-09,32.03108700187774
ORD-04489,2025-05-27,CUST-0535,Consumer,Alberta,Electronics,Laptop,4,1277.3,0.2,4087.36,2463.66,1623.7,2025,5,May,2025-05,39.72490800908165
ORD-04490,2023-05-15,CUST-0529,Consumer,Quebec,Clothing,Jacket,1,147.9,0.0,147.9,114.53,33.37,2023,5,May,2023-05,22.56254225828262
ORD-04491,2024-09-05,CUST-0901,Consumer,Manitoba,Electronics,Monitor,2,1150.87,0.1,2071.57,1412.03,659.54,2024,9,Sep,2024-09,31.837688323348956
ORD-04492,2023-09-15,CUST-0761,Corporate,Alberta,Office Supplies,Notebook,5,96.48,0.1,434.16,343.02,91.14,2023,9,Sep,2023-09,20.992260917634052
ORD-04493,2025-08-10,CUST-0617,Corporate,Quebec,Furniture,Cabinet,5,237.25,0.1,1067.62,663.08,404.55,2025,8,Aug,2025-08,37.89269590303667
ORD-04494,2025-09-17,CUST-0866,Consumer,Ontario,Office Supplies,Printer Paper,5,22.53,0.0,112.65,70.99,41.66,2025,9,Sep,2025-09,36.98180204172215
ORD-04495,2025-03-11,CUST-0620,Consumer,Ontario,Clothing,T-Shirt,3,225.1,0.05,641.54,524.47,117.06,2025,3,Mar,2025-03,18.246718832808558
ORD-04496,2025-04-20,CUST-0171,Consumer,British Columbia,Clothing,T-Shirt,3,59.04,0.2,141.7,112.06,29.64,2025,4,Apr,2025-04,20.91743119266055
ORD-04497,2025-05-20,CUST-0526,Consumer,Ontario,Office Supplies,Folders,4,116.1,0.05,441.18,259.85,181.33,2025,5,May,2025-05,41.101137857563806
ORD-04498,2023-03-11,CUST-0231,Consumer,Quebec,Furniture,Office Chair,4,230.38,0.15,783.29,437.95,345.34,2023,3,Mar,2023-03,44.08839637937418
ORD-04499,2024-07-21,CUST-0486,Consumer,Ontario,Furniture,Desk,2,408.05,0.0,816.1,623.63,192.47,2024,7,Jul,2024-07,23.584119593187108
ORD-04500,2024-07-05,CUST-0310,Corporate,Quebec,Electronics,Monitor,2,886.23,0.15,1506.59,1115.23,391.36,2024,7,Jul,2024-07,25.97654305418196
ORD-04501,2025-10-04,CUST-0001,Consumer,Manitoba,Electronics,Headphones,5,1377.79,0.0,6888.95,4074.08,2814.87,2025,10,Oct,2025-10,40.86065365549176
ORD-04502,2025-01-01,CUST-0474,Consumer,Quebec,Electronics,Laptop,2,864.4,0.1,1555.92,963.55,592.37,2025,1,Jan,2025-01,38.072008843642344
ORD-04503,2023-09-04,CUST-0890,Consumer,British Columbia,Electronics,Monitor,4,632.62,0.1,2277.43,1865.49,411.94,2023,9,Sep,2023-09,18.0879324501741
ORD-04504,2023-09-29,CUST-0740,Consumer,Ontario,Clothing,Jeans,5,51.1,0.1,229.95,187.66,42.29,2023,9,Sep,2023-09,18.39095455533812
ORD-04505,2024-10-07,CUST-0530,Consumer,Ontario,Furniture,Desk,3,279.62,0.1,754.97,601.32,153.65,2024,10,Oct,2024-10,20.351802058359937
ORD-04506,2024-07-28,CUST-0391,Corporate,Ontario,Furniture,Bookshelf,1,823.67,0.15,700.12,489.65,210.47,2024,7,Jul,2024-07,30.0619893732503
ORD-04507,2024-05-22,CUST-0830,Small Business,Alberta,Electronics,Keyboard,3,1790.59,0.2,4297.42,2696.73,1600.69,2024,5,May,2024-05,37.24769745568271
ORD-04508,2025-08-03,CUST-0475,Corporate,Alberta,Clothing,T-Shirt,3,172.52,0.0,517.56,404.01,113.55,2025,8,Aug,2025-08,21.939485277069327
ORD-04509,2023-11-16,CUST-0113,Consumer,British Columbia,Office Supplies,Pens,5,7.04,0.0,35.2,22.97,12.23,2023,11,Nov,2023-11,34.74431818181818
ORD-04510,2023-10-19,CUST-0800,Small Business,Manitoba,Office Supplies,Notebook,3,37.03,0.0,111.09,68.93,42.16,2023,10,Oct,2023-10,37.9512107300387
ORD-04511,2024-12-11,CUST-0637,Small Business,Ontario,Electronics,Mouse,2,1402.31,0.2,2243.7,1325.09,918.6,2024,12,Dec,2024-12,40.941302313143474
ORD-04512,2023-04-29,CUST-0694,Consumer,Manitoba,Furniture,Bookshelf,3,165.59,0.15,422.25,244.32,177.94,2023,4,Apr,2023-04,42.140911782119595
ORD-04513,2024-10-21,CUST-0673,Consumer,Ontario,Office Supplies,Printer Paper,3,21.56,0.0,64.68,51.2,13.48,2024,10,Oct,2024-10,20.841063698206554
ORD-04514,2023-06-26,CUST-0862,Small Business,Ontario,Electronics,Mouse,3,238.47,0.0,715.41,515.86,199.55,2023,6,Jun,2023-06,27.89309626647657
ORD-04515,2025-04-18,CUST-0999,Corporate,Manitoba,Office Supplies,Notebook,3,48.4,0.15,123.42,71.87,51.55,2025,4,Apr,2025-04,41.76794684816075
ORD-04516,2024-02-05,CUST-0481,Consumer,Manitoba,Furniture,Office Chair,3,628.31,0.15,1602.19,972.76,629.44,2024,2,Feb,2024-02,39.286226976825475
ORD-04517,2023-08-02,CUST-0071,Consumer,British Columbia,Electronics,Mouse,5,1323.2,0.05,6285.2,4793.72,1491.48,2023,8,Aug,2023-08,23.730032457201045
ORD-04518,2025-11-30,CUST-0010,Consumer,Ontario,Electronics,Monitor,3,1204.15,0.15,3070.58,2410.34,660.24,2025,11,Nov,2025-11,21.502126634056108
ORD-04519,2023-09-30,CUST-0983,Consumer,British Columbia,Clothing,T-Shirt,2,135.01,0.05,256.52,194.67,61.84,2023,9,Sep,2023-09,24.107282083268363
ORD-04520,2023-07-14,CUST-0910,Consumer,Manitoba,Clothing,Jeans,5,127.16,0.1,572.22,315.35,256.87,2023,7,Jul,2023-07,44.89007724301842
ORD-04521,2024-06-24,CUST-0855,Consumer,Manitoba,Office Supplies,Notebook,1,94.59,0.05,89.86,58.46,31.4,2024,6,Jun,2024-06,34.94324504785221
ORD-04522,2024-01-01,CUST-0643,Corporate,Manitoba,Furniture,Desk,5,266.07,0.2,1064.28,607.44,456.84,2024,1,Jan,2024-01,42.9247942270831
ORD-04523,2023-08-05,CUST-0397,Small Business,Manitoba,Office Supplies,Pens,2,24.08,0.2,38.53,30.26,8.27,2023,8,Aug,2023-08,21.463794445886318
ORD-04524,2025-10-07,CUST-0771,Consumer,Ontario,Furniture,Lamp,1,611.76,0.1,550.58,435.03,115.55,2025,10,Oct,2025-10,20.9869592066548
ORD-04525,2024-11-09,CUST-0824,Consumer,Alberta,Electronics,Laptop,2,934.21,0.0,1868.42,1181.59,686.83,2024,11,Nov,2024-11,36.759936202780956
ORD-04526,2024-07-30,CUST-0421,Consumer,Manitoba,Office Supplies,Stapler,4,42.19,0.0,168.76,123.36,45.4,2024,7,Jul,2024-07,26.90210950462195
ORD-04527,2023-05-23,CUST-0006,Small Business,Manitoba,Electronics,Monitor,5,1117.67,0.05,5308.93,3362.66,1946.27,2023,5,May,2023-05,36.66030631407835
ORD-04528,2025-02-26,CUST-0421,Small Business,Quebec,Clothing,Sweater,5,36.9,0.0,184.5,110.16,74.34,2025,2,Feb,2025-02,40.29268292682927
ORD-04529,2024-10-11,CUST-0435,Corporate,Quebec,Office Supplies,Printer Paper,5,79.47,0.0,397.35,307.54,89.81,2024,10,Oct,2024-10,22.60223983893293
ORD-04530,2023-03-14,CUST-0207,Consumer,Ontario,Electronics,Mouse,4,1055.55,0.05,4011.09,2340.34,1670.75,2023,3,Mar,2023-03,41.65326631913021
ORD-04531,2024-10-15,CUST-0664,Consumer,Quebec,Electronics,Headphones,1,1214.13,0.1,1092.72,754.05,338.67,2024,10,Oct,2024-10,30.993301120140565
ORD-04532,2023-05-27,CUST-0256,Corporate,Alberta,Electronics,Mouse,4,225.44,0.15,766.5,533.68,232.82,2023,5,May,2023-05,30.374429223744293
ORD-04533,2025-10-21,CUST-0393,Small Business,Alberta,Furniture,Lamp,2,304.75,0.0,609.5,458.5,151.0,2025,10,Oct,2025-10,24.774405250205085
ORD-04534,2025-03-27,CUST-0764,Small Business,Quebec,Furniture,Lamp,4,874.28,0.05,3322.26,1984.47,1337.79,2025,3,Mar,2025-03,40.26746853045818
ORD-04535,2023-02-04,CUST-0097,Small Business,Alberta,Electronics,Laptop,5,197.41,0.0,987.05,660.11,326.94,2023,2,Feb,2023-02,33.12294210019756
ORD-04536,2025-08-31,CUST-0683,Consumer,Manitoba,Office Supplies,Pens,3,49.66,0.1,134.08,84.65,49.43,2025,8,Aug,2025-08,36.86605011933174
ORD-04537,2024-08-10,CUST-0484,Corporate,Alberta,Electronics,Mouse,4,703.83,0.2,2252.26,1800.27,451.99,2024,8,Aug,2024-08,20.068286965092838
ORD-04538,2024-02-17,CUST-0682,Small Business,Ontario,Electronics,Monitor,3,1447.09,0.05,4124.21,2539.06,1585.15,2024,2,Feb,2024-02,38.43523971863703
ORD-04539,2023-01-19,CUST-0455,Consumer,British Columbia,Electronics,Keyboard,2,812.94,0.0,1625.88,917.26,708.62,2023,1,Jan,2023-01,43.58378232095849
ORD-04540,2025-01-07,CUST-0910,Consumer,Manitoba,Office Supplies,Stapler,3,29.42,0.1,79.43,64.21,15.23,2025,1,Jan,2025-01,19.17411557346091
ORD-04541,2024-09-27,CUST-0718,Consumer,Alberta,Electronics,Headphones,3,1749.48,0.1,4723.6,3419.33,1304.27,2024,9,Sep,2024-09,27.61177915149462
ORD-04542,2023-03-12,CUST-0952,Small Business,Ontario,Clothing,Jacket,4,60.22,0.0,240.88,185.67,55.21,2023,3,Mar,2023-03,22.920126203918965
ORD-04543,2023-04-05,CUST-0677,Consumer,Quebec,Furniture,Office Chair,3,706.8,0.15,1802.34,1460.58,341.76,2023,4,Apr,2023-04,18.96201604580712
ORD-04544,2023-04-21,CUST-0802,Consumer,Manitoba,Electronics,Monitor,3,756.23,0.0,2268.69,1622.16,646.53,2023,4,Apr,2023-04,28.497943747272654
ORD-04545,2025-11-30,CUST-0051,Consumer,British Columbia,Electronics,Mouse,2,524.5,0.05,996.55,627.76,368.79,2025,11,Nov,2025-11,37.00667302192564
ORD-04546,2024-02-21,CUST-0812,Corporate,Alberta,Electronics,Mouse,5,377.12,0.15,1602.76,941.12,661.64,2024,2,Feb,2024-02,41.281289775137886
ORD-04547,2024-06-23,CUST-0514,Small Business,British Columbia,Furniture,Office Chair,3,498.76,0.0,1496.28,933.2,563.08,2024,6,Jun,2024-06,37.63199401181597
ORD-04548,2023-09-23,CUST-0083,Small Business,British Columbia,Furniture,Lamp,4,402.57,0.05,1529.77,937.49,592.28,2023,9,Sep,2023-09,38.71693130339855
ORD-04549,2024-01-14,CUST-0522,Consumer,Quebec,Furniture,Desk,1,157.65,0.05,149.77,120.56,29.2,2024,1,Jan,2024-01,19.496561394137675
ORD-04550,2025-05-14,CUST-0505,Small Business,British Columbia,Electronics,Headphones,4,1623.57,0.05,6169.57,4742.69,1426.88,2025,5,May,2025-05,23.127705820664975
ORD-04551,2025-03-03,CUST-0098,Corporate,Quebec,Furniture,Lamp,5,485.52,0.05,2306.22,1657.47,648.75,2025,3,Mar,2025-03,28.130447225329764
ORD-04552,2023-01-11,CUST-0315,Consumer,British Columbia,Furniture,Bookshelf,2,412.2,0.0,824.4,536.67,287.73,2023,1,Jan,2023-01,34.90174672489083
ORD-04553,2023-04-02,CUST-0912,Consumer,British Columbia,Clothing,Sweater,2,31.94,0.1,57.49,45.91,11.58,2023,4,Apr,2023-04,20.142633501478517
ORD-04554,2023-01-21,CUST-0908,Corporate,Ontario,Clothing,Sweater,4,155.04,0.05,589.15,341.88,247.27,2023,1,Jan,2023-01,41.9706356615463
ORD-04555,2024-02-23,CUST-0244,Consumer,Quebec,Furniture,Lamp,1,281.1,0.0,281.1,170.16,110.94,2024,2,Feb,2024-02,39.46638207043756
ORD-04556,2025-02-28,CUST-0542,Consumer,Quebec,Electronics,Keyboard,2,1457.09,0.1,2622.76,1534.41,1088.35,2025,2,Feb,2025-02,41.4963626103799
ORD-04557,2023-09-07,CUST-0859,Small Business,Alberta,Electronics,Monitor,2,1049.83,0.1,1889.69,1385.32,504.37,2023,9,Sep,2023-09,26.69062121300319
ORD-04558,2023-08-07,CUST-0279,Consumer,Quebec,Clothing,T-Shirt,2,45.78,0.05,86.98,61.79,25.19,2023,8,Aug,2023-08,28.96068061623362
ORD-04559,2023-02-04,CUST-0327,Consumer,Quebec,Clothing,Jacket,5,82.37,0.2,329.48,249.19,80.29,2023,2,Feb,2023-02,24.368702197401966
ORD-04560,2023-05-17,CUST-0045,Corporate,Alberta,Office Supplies,Notebook,1,15.19,0.1,13.67,9.85,3.82,2023,5,May,2023-05,27.94440380395026
ORD-04561,2025-12-27,CUST-0899,Corporate,Ontario,Electronics,Laptop,3,603.26,0.1,1628.8,1308.5,320.3,2025,12,Dec,2025-12,19.664783889980356
ORD-04562,2024-01-04,CUST-0433,Small Business,Quebec,Office Supplies,Pens,5,67.27,0.0,336.35,235.75,100.6,2024,1,Jan,2024-01,29.90932064813438
ORD-04563,2025-07-26,CUST-0372,Consumer,Manitoba,Office Supplies,Pens,1,116.62,0.1,104.96,81.26,23.69,2025,7,Jul,2025-07,22.57050304878049
ORD-04564,2025-11-19,CUST-0608,Consumer,British Columbia,Electronics,Laptop,1,1773.75,0.1,1596.38,924.59,671.79,2025,11,Nov,2025-11,42.08208571893909
ORD-04565,2025-12-17,CUST-0623,Consumer,Alberta,Clothing,T-Shirt,1,71.07,0.05,67.52,39.03,28.48,2025,12,Dec,2025-12,42.18009478672986
ORD-04566,2025-09-28,CUST-0944,Consumer,Manitoba,Furniture,Desk,4,674.7,0.05,2563.86,2062.67,501.19,2025,9,Sep,2025-09,19.548259265326497
ORD-04567,2025-05-08,CUST-0596,Consumer,Quebec,Electronics,Keyboard,3,572.58,0.05,1631.85,1224.06,407.8,2025,5,May,2025-05,24.99004197689739
ORD-04568,2025-12-11,CUST-0601,Corporate,Quebec,Office Supplies,Notebook,3,62.68,0.0,188.04,113.74,74.3,2025,12,Dec,2025-12,39.5128696022123
ORD-04569,2025-11-17,CUST-0857,Small Business,Quebec,Office Supplies,Pens,3,97.83,0.1,264.14,187.85,76.29,2025,11,Nov,2025-11,28.882410842734917
ORD-04570,2025-01-10,CUST-0079,Corporate,Manitoba,Office Supplies,Pens,3,55.7,0.0,167.1,102.81,64.29,2025,1,Jan,2025-01,38.473967684021545
ORD-04571,2024-03-18,CUST-0687,Corporate,British Columbia,Electronics,Mouse,2,1201.62,0.0,2403.24,1803.69,599.55,2024,3,Mar,2024-03,24.947570779447744
ORD-04572,2025-06-20,CUST-0499,Consumer,British Columbia,Office Supplies,Printer Paper,1,93.58,0.2,74.86,41.66,33.21,2025,6,Jun,2025-06,44.36281057974887
ORD-04573,2024-11-06,CUST-0559,Small Business,British Columbia,Clothing,Jeans,4,209.15,0.15,711.11,565.77,145.34,2024,11,Nov,2024-11,20.43846943510849
ORD-04574,2023-09-04,CUST-0467,Small Business,British Columbia,Furniture,Cabinet,5,423.91,0.2,1695.64,1010.7,684.94,2023,9,Sep,2023-09,40.394187445448324
ORD-04575,2025-01-28,CUST-0273,Consumer,Quebec,Office Supplies,Printer Paper,1,24.1,0.1,21.69,12.79,8.9,2025,1,Jan,2025-01,41.032733978792066
ORD-04576,2024-10-18,CUST-0025,Corporate,British Columbia,Electronics,Laptop,2,1587.85,0.05,3016.91,2172.32,844.6,2024,10,Oct,2024-10,27.99553185212685
ORD-04577,2024-11-29,CUST-0346,Consumer,British Columbia,Clothing,Jeans,5,109.9,0.2,439.6,293.14,146.46,2024,11,Nov,2024-11,33.31665150136487
ORD-04578,2024-10-07,CUST-0111,Consumer,Manitoba,Electronics,Headphones,3,835.36,0.15,2130.17,1211.02,919.15,2024,10,Oct,2024-10,43.149138331682444
ORD-04579,2025-12-16,CUST-0584,Small Business,Alberta,Clothing,Jeans,1,186.2,0.0,186.2,130.37,55.83,2025,12,Dec,2025-12,29.983888292158973
ORD-04580,2023-12-21,CUST-0960,Consumer,Manitoba,Electronics,Laptop,1,1472.76,0.2,1178.21,809.99,368.22,2023,12,Dec,2023-12,31.25249318882033
ORD-04581,2024-05-14,CUST-0873,Corporate,Alberta,Electronics,Monitor,3,1733.47,0.05,4940.39,3053.92,1886.47,2024,5,May,2024-05,38.184637245237724
ORD-04582,2023-12-07,CUST-0826,Consumer,Alberta,Office Supplies,Notebook,1,107.06,0.1,96.35,53.82,42.53,2023,12,Dec,2023-12,44.14115204981837
ORD-04583,2025-12-30,CUST-0505,Corporate,Ontario,Clothing,Jacket,1,120.6,0.15,102.51,65.33,37.18,2025,12,Dec,2025-12,36.26963223100185
ORD-04584,2024-03-23,CUST-0382,Corporate,Quebec,Electronics,Headphones,1,722.54,0.0,722.54,550.32,172.22,2024,3,Mar,2024-03,23.835358596063887
ORD-04585,2024-08-12,CUST-0915,Consumer,Manitoba,Furniture,Office Chair,4,811.32,0.05,3083.02,2388.84,694.18,2024,8,Aug,2024-08,22.516234082166186
ORD-04586,2025-05-03,CUST-0939,Consumer,Ontario,Clothing,Jeans,1,25.4,0.05,24.13,17.76,6.37,2025,5,May,2025-05,26.398673849979282
ORD-04587,2024-07-31,CUST-0188,Consumer,Quebec,Furniture,Bookshelf,2,809.65,0.15,1376.4,996.21,380.2,2024,7,Jul,2024-07,27.62278407439698
ORD-04588,2024-09-09,CUST-0129,Consumer,Ontario,Electronics,Headphones,3,511.49,0.0,1534.47,1005.71,528.76,2024,9,Sep,2024-09,34.458803365331356
ORD-04589,2023-06-08,CUST-0107,Consumer,British Columbia,Clothing,Sweater,5,78.57,0.0,392.85,298.99,93.86,2023,6,Jun,2023-06,23.892070764922995
ORD-04590,2024-11-14,CUST-0211,Consumer,Ontario,Electronics,Laptop,2,215.96,0.2,345.54,202.9,142.64,2024,11,Nov,2024-11,41.28031486947965
ORD-04591,2024-02-05,CUST-0115,Consumer,Manitoba,Clothing,Shoes,1,41.08,0.05,39.03,22.32,16.71,2024,2,Feb,2024-02,42.813220599538816
ORD-04592,2023-03-28,CUST-0517,Consumer,Manitoba,Office Supplies,Pens,3,91.62,0.15,233.63,187.74,45.89,2023,3,Mar,2023-03,19.64216924196379
ORD-04593,2023-08-28,CUST-0950,Consumer,Quebec,Furniture,Office Chair,2,510.03,0.0,1020.06,585.56,434.5,2023,8,Aug,2023-08,42.59553359606298
ORD-04594,2024-04-02,CUST-0031,Consumer,British Columbia,Electronics,Mouse,3,1765.82,0.1,4767.71,3664.72,1102.99,2024,4,Apr,2024-04,23.134586625444918
ORD-04595,2025-10-09,CUST-0237,Corporate,British Columbia,Electronics,Headphones,1,1372.59,0.05,1303.96,842.45,461.51,2025,10,Oct,2025-10,35.39295683916684
ORD-04596,2025-08-10,CUST-0486,Consumer,Ontario,Electronics,Headphones,1,173.4,0.05,164.73,100.61,64.12,2025,8,Aug,2025-08,38.92430037030293
ORD-04597,2025-08-17,CUST-0872,Small Business,Manitoba,Office Supplies,Pens,5,7.01,0.1,31.54,24.42,7.13,2025,8,Aug,2025-08,22.606214331008243
ORD-04598,2025-04-06,CUST-0969,Corporate,Ontario,Office Supplies,Printer Paper,2,103.52,0.15,175.98,100.59,75.39,2025,4,Apr,2025-04,42.840095465393794
ORD-04599,2024-05-03,CUST-0836,Corporate,British Columbia,Furniture,Desk,5,264.17,0.15,1122.72,739.28,383.44,2024,5,May,2024-05,34.15277183981759
ORD-04600,2023-11-05,CUST-0400,Consumer,Manitoba,Office Supplies,Pens,1,86.42,0.0,86.42,64.02,22.4,2023,11,Nov,2023-11,25.919925943068733
ORD-04601,2025-07-07,CUST-0556,Consumer,Alberta,Electronics,Monitor,2,723.84,0.0,1447.68,1154.85,292.83,2025,7,Jul,2025-07,20.22753647214854
ORD-04602,2023-07-29,CUST-0294,Corporate,Quebec,Electronics,Keyboard,3,714.25,0.05,2035.61,1407.49,628.12,2023,7,Jul,2023-07,30.85659826784109
ORD-04603,2024-01-21,CUST-0808,Small Business,Alberta,Clothing,T-Shirt,3,190.66,0.2,457.58,321.45,136.14,2024,1,Jan,2024-01,29.752174483150483
ORD-04604,2023-08-23,CUST-0756,Consumer,British Columbia,Clothing,Sweater,1,28.86,0.0,28.86,18.24,10.62,2023,8,Aug,2023-08,36.79833679833679
ORD-04605,2023-07-25,CUST-0403,Small Business,Quebec,Electronics,Headphones,5,70.01,0.15,297.54,164.62,132.92,2023,7,Jul,2023-07,44.672985144854465
ORD-04606,2025-11-11,CUST-0865,Consumer,Quebec,Clothing,T-Shirt,2,225.79,0.05,429.0,331.44,97.56,2025,11,Nov,2025-11,22.74125874125874
ORD-04607,2025-03-03,CUST-0725,Consumer,Alberta,Electronics,Laptop,4,215.23,0.0,860.92,546.27,314.65,2025,3,Mar,2025-03,36.548111322770986
ORD-04608,2025-07-27,CUST-0845,Corporate,British Columbia,Electronics,Laptop,3,136.45,0.05,388.88,221.81,167.07,2025,7,Jul,2025-07,42.96183912775149
ORD-04609,2025-06-23,CUST-0036,Consumer,Manitoba,Office Supplies,Folders,3,81.81,0.05,233.16,160.92,72.24,2025,6,Jun,2025-06,30.98301595470921
ORD-04610,2024-10-05,CUST-0578,Consumer,Alberta,Electronics,Mouse,3,526.58,0.05,1500.75,913.49,587.27,2024,10,Oct,2024-10,39.13176744960853
ORD-04611,2025-11-19,CUST-0086,Consumer,British Columbia,Electronics,Monitor,1,68.84,0.05,65.4,44.49,20.9,2025,11,Nov,2025-11,31.957186544342502
ORD-04612,2025-01-31,CUST-0841,Corporate,British Columbia,Furniture,Desk,5,478.43,0.15,2033.33,1155.19,878.14,2025,1,Jan,2025-01,43.18728391358019
ORD-04613,2024-03-03,CUST-0909,Consumer,Manitoba,Furniture,Desk,3,552.74,0.15,1409.49,1092.12,317.36,2024,3,Mar,2024-03,22.515945483827483
ORD-04614,2023-08-30,CUST-0938,Consumer,Ontario,Clothing,Jacket,4,56.48,0.0,225.92,180.63,45.29,2023,8,Aug,2023-08,20.046919263456093
ORD-04615,2025-08-22,CUST-0779,Corporate,Ontario,Electronics,Monitor,2,1447.22,0.2,2315.55,1479.15,836.4,2025,8,Aug,2025-08,36.1210079678694
ORD-04616,2023-01-06,CUST-0057,Consumer,Ontario,Electronics,Headphones,4,860.94,0.0,3443.76,2370.37,1073.39,2023,1,Jan,2023-01,31.169129091458174
ORD-04617,2024-06-29,CUST-0059,Corporate,British Columbia,Office Supplies,Pens,1,110.87,0.2,88.7,70.01,18.69,2024,6,Jun,2024-06,21.071025930101467
ORD-04618,2024-07-25,CUST-0582,Small Business,Alberta,Furniture,Cabinet,3,842.39,0.15,2148.09,1642.73,505.36,2024,7,Jul,2024-07,23.52601613526435
ORD-04619,2024-04-14,CUST-0216,Consumer,Quebec,Electronics,Laptop,3,298.07,0.0,894.21,530.76,363.45,2024,4,Apr,2024-04,40.64481497634784
ORD-04620,2024-10-31,CUST-0376,Consumer,Quebec,Electronics,Headphones,3,823.91,0.15,2100.97,1237.18,863.79,2024,10,Oct,2024-10,41.113866452162576
ORD-04621,2023-03-02,CUST-0906,Consumer,British Columbia,Office Supplies,Pens,5,57.97,0.0,289.85,230.21,59.64,2023,3,Mar,2023-03,20.576160082801447
ORD-04622,2023-12-05,CUST-0618,Consumer,Alberta,Clothing,Jacket,1,237.46,0.0,237.46,172.32,65.14,2023,12,Dec,2023-12,27.43198854543923
ORD-04623,2023-09-10,CUST-0685,Consumer,Alberta,Electronics,Monitor,2,370.06,0.15,629.1,445.14,183.96,2023,9,Sep,2023-09,29.241773962804007
ORD-04624,2023-10-23,CUST-0903,Corporate,Ontario,Clothing,Jacket,1,90.14,0.15,76.62,57.61,19.01,2023,10,Oct,2023-10,24.810754372226572
ORD-04625,2024-10-10,CUST-0277,Corporate,British Columbia,Office Supplies,Pens,3,48.73,0.0,146.19,85.02,61.17,2024,10,Oct,2024-10,41.84280730556126
ORD-04626,2023-07-18,CUST-0969,Consumer,Manitoba,Furniture,Lamp,3,805.47,0.1,2174.77,1474.33,700.43,2023,7,Jul,2023-07,32.20708396750001
ORD-04627,2023-06-20,CUST-0427,Consumer,Alberta,Clothing,Shoes,4,30.9,0.15,105.06,62.62,42.44,2023,6,Jun,2023-06,40.39596421092709
ORD-04628,2023-06-27,CUST-0996,Corporate,Quebec,Electronics,Keyboard,5,1415.04,0.2,5660.16,3840.07,1820.09,2023,6,Jun,2023-06,32.15615812980552
ORD-04629,2024-02-12,CUST-0981,Consumer,Quebec,Office Supplies,Printer Paper,5,118.18,0.0,590.9,404.53,186.37,2024,2,Feb,2024-02,31.540023692672197
ORD-04630,2023-02-18,CUST-0192,Small Business,Manitoba,Clothing,Shoes,2,20.58,0.0,41.16,27.68,13.48,2023,2,Feb,2023-02,32.75024295432459
ORD-04631,2023-05-22,CUST-0777,Corporate,Quebec,Office Supplies,Printer Paper,5,48.22,0.1,216.99,168.66,48.33,2023,5,May,2023-05,22.272915802571543
ORD-04632,2023-08-24,CUST-0555,Consumer,Alberta,Electronics,Laptop,1,84.74,0.15,72.03,46.9,25.13,2023,8,Aug,2023-08,34.88824101068999
ORD-04633,2025-04-07,CUST-0175,Consumer,Manitoba,Electronics,Keyboard,5,1613.86,0.0,8069.3,5349.84,2719.46,2025,4,Apr,2025-04,33.7013123814953
ORD-04634,2024-11-28,CUST-0326,Consumer,British Columbia,Electronics,Monitor,5,609.24,0.2,2436.96,1640.81,796.15,2024,11,Nov,2024-11,32.669801720175954
ORD-04635,2024-01-09,CUST-0987,Consumer,Quebec,Electronics,Monitor,3,1228.63,0.0,3685.89,2860.79,825.1,2024,1,Jan,2024-01,22.38536689917496
ORD-04636,2025-04-21,CUST-0539,Consumer,Ontario,Electronics,Laptop,4,668.04,0.1,2404.94,1894.53,510.41,2025,4,Apr,2025-04,21.223398504744402
ORD-04637,2023-07-05,CUST-0041,Consumer,Manitoba,Furniture,Office Chair,2,517.03,0.1,930.65,684.89,245.76,2023,7,Jul,2023-07,26.40734970182131
ORD-04638,2024-10-16,CUST-0893,Small Business,Manitoba,Clothing,T-Shirt,1,215.11,0.15,182.84,114.41,68.43,2024,10,Oct,2024-10,37.42616495296434
ORD-04639,2023-01-17,CUST-0602,Consumer,British Columbia,Electronics,Laptop,4,1003.91,0.15,3413.29,2251.1,1162.19,2023,1,Jan,2023-01,34.04896741853168
ORD-04640,2025-01-22,CUST-0434,Corporate,Alberta,Electronics,Headphones,5,436.27,0.1,1963.22,1168.28,794.94,2025,1,Jan,2025-01,40.491641283198014
ORD-04641,2023-07-22,CUST-0628,Consumer,Alberta,Electronics,Monitor,1,1226.55,0.05,1165.22,899.27,265.95,2023,7,Jul,2023-07,22.82401606563567
ORD-04642,2024-07-24,CUST-0917,Consumer,British Columbia,Electronics,Mouse,3,1176.66,0.15,3000.48,1755.63,1244.85,2024,7,Jul,2024-07,41.48836186210206
ORD-04643,2023-07-21,CUST-0065,Consumer,Quebec,Furniture,Lamp,4,812.52,0.2,2600.06,1937.39,662.68,2023,7,Jul,2023-07,25.48710414375053
ORD-04644,2024-01-12,CUST-0102,Consumer,Manitoba,Furniture,Office Chair,5,689.68,0.0,3448.4,2545.32,903.08,2024,1,Jan,2024-01,26.18837721842014
ORD-04645,2025-10-25,CUST-0776,Small Business,British Columbia,Office Supplies,Printer Paper,3,91.65,0.0,274.95,181.98,92.97,2025,10,Oct,2025-10,33.813420621931265
ORD-04646,2023-10-30,CUST-0317,Corporate,Quebec,Office Supplies,Pens,5,81.43,0.0,407.15,226.45,180.7,2023,10,Oct,2023-10,44.381677514429576
ORD-04647,2025-05-13,CUST-0211,Consumer,Quebec,Furniture,Lamp,5,300.36,0.0,1501.8,1099.4,402.4,2025,5,May,2025-05,26.794513250765746
ORD-04648,2024-12-10,CUST-0261,Consumer,Quebec,Clothing,Shoes,2,227.07,0.05,431.43,306.64,124.79,2024,12,Dec,2024-12,28.924738659805765
ORD-04649,2023-09-20,CUST-0618,Small Business,Ontario,Furniture,Cabinet,1,489.46,0.05,464.99,325.76,139.23,2023,9,Sep,2023-09,29.942579410309893
ORD-04650,2023-09-28,CUST-0140,Consumer,Manitoba,Electronics,Laptop,4,1625.78,0.05,6177.96,3839.53,2338.44,2023,9,Sep,2023-09,37.851329565099164
ORD-04651,2023-01-12,CUST-0366,Consumer,Alberta,Office Supplies,Stapler,4,57.95,0.05,220.21,164.99,55.22,2023,1,Jan,2023-01,25.076063757322554
ORD-04652,2023-06-02,CUST-0198,Consumer,Alberta,Clothing,Jeans,5,225.0,0.05,1068.75,740.49,328.26,2023,6,Jun,2023-06,30.714385964912278
ORD-04653,2025-09-02,CUST-0300,Consumer,Alberta,Furniture,Cabinet,4,858.16,0.0,3432.64,2036.49,1396.15,2025,9,Sep,2025-09,40.67277663838912
ORD-04654,2025-03-13,CUST-0325,Consumer,Quebec,Office Supplies,Notebook,5,27.87,0.05,132.38,103.17,29.22,2025,3,Mar,2025-03,22.072820667774586
ORD-04655,2025-01-08,CUST-0551,Consumer,Ontario,Electronics,Mouse,3,1429.77,0.0,4289.31,2555.25,1734.06,2025,1,Jan,2025-01,40.42748134315309
ORD-04656,2025-10-13,CUST-0580,Consumer,British Columbia,Furniture,Lamp,2,426.31,0.2,682.1,453.8,228.3,2025,10,Oct,2025-10,33.47016566485853
ORD-04657,2023-04-12,CUST-0947,Consumer,Manitoba,Electronics,Keyboard,4,151.67,0.2,485.34,344.24,141.1,2023,4,Apr,2023-04,29.07240285160918
ORD-04658,2025-07-22,CUST-0148,Consumer,Manitoba,Office Supplies,Stapler,1,92.89,0.0,92.89,74.11,18.78,2025,7,Jul,2025-07,20.21746151361826
ORD-04659,2024-08-21,CUST-0376,Consumer,Ontario,Electronics,Monitor,1,265.42,0.0,265.42,173.87,91.55,2024,8,Aug,2024-08,34.492502448948834
ORD-04660,2023-11-26,CUST-0517,Consumer,Ontario,Electronics,Laptop,2,182.82,0.15,310.79,196.56,114.23,2023,11,Nov,2023-11,36.75472183789697
ORD-04661,2023-11-28,CUST-0371,Consumer,Quebec,Clothing,Shoes,2,50.03,0.1,90.05,53.33,36.72,2023,11,Nov,2023-11,40.777345918933925
ORD-04662,2023-09-05,CUST-0789,Small Business,Alberta,Office Supplies,Pens,1,35.26,0.1,31.73,23.81,7.92,2023,9,Sep,2023-09,24.960605105578317
ORD-04663,2024-08-08,CUST-0574,Corporate,Ontario,Furniture,Cabinet,3,417.58,0.15,1064.83,658.42,406.41,2024,8,Aug,2024-08,38.16665571030118
ORD-04664,2023-02-21,CUST-0455,Consumer,British Columbia,Furniture,Bookshelf,5,516.59,0.15,2195.51,1527.66,667.85,2023,2,Feb,2023-02,30.418900392164005
ORD-04665,2025-08-08,CUST-0210,Small Business,British Columbia,Furniture,Cabinet,1,380.84,0.1,342.76,207.54,135.21,2025,8,Aug,2025-08,39.44742677091843
ORD-04666,2025-03-07,CUST-0605,Consumer,British Columbia,Office Supplies,Printer Paper,4,30.72,0.05,116.74,90.42,26.31,2025,3,Mar,2025-03,22.53726229227343
ORD-04667,2025-03-23,CUST-0284,Consumer,British Columbia,Office Supplies,Notebook,1,48.25,0.0,48.25,38.15,10.1,2025,3,Mar,2025-03,20.932642487046632
ORD-04668,2025-05-27,CUST-0480,Small Business,Ontario,Office Supplies,Printer Paper,2,39.99,0.1,71.98,52.14,19.84,2025,5,May,2025-05,27.563212003334257
ORD-04669,2023-06-15,CUST-0179,Consumer,British Columbia,Furniture,Cabinet,2,219.21,0.05,416.5,245.64,170.86,2023,6,Jun,2023-06,41.02280912364946
ORD-04670,2024-10-10,CUST-0901,Corporate,British Columbia,Clothing,Shoes,2,112.88,0.05,214.47,132.85,81.62,2024,10,Oct,2024-10,38.05660465333147
ORD-04671,2025-10-03,CUST-0059,Consumer,British Columbia,Clothing,Jacket,2,136.55,0.0,273.1,164.78,108.32,2025,10,Oct,2025-10,39.663127059685095
ORD-04672,2025-07-19,CUST-0998,Small Business,Quebec,Clothing,Jacket,5,216.0,0.05,1026.0,752.19,273.81,2025,7,Jul,2025-07,26.687134502923975
ORD-04673,2024-04-17,CUST-0117,Corporate,Alberta,Office Supplies,Notebook,1,111.84,0.1,100.66,82.47,18.19,2024,4,Apr,2024-04,18.070733161136502
ORD-04674,2025-06-16,CUST-0069,Consumer,Manitoba,Office Supplies,Printer Paper,5,58.71,0.15,249.52,183.33,66.18,2025,6,Jun,2025-06,26.522924014107087
ORD-04675,2024-05-20,CUST-0216,Corporate,Quebec,Clothing,Sweater,2,110.33,0.0,220.66,171.98,48.68,2024,5,May,2024-05,22.06108945889604
ORD-04676,2025-01-02,CUST-0775,Consumer,Ontario,Clothing,Sweater,1,33.12,0.15,28.15,19.24,8.91,2025,1,Jan,2025-01,31.651865008880996
ORD-04677,2025-06-28,CUST-0994,Corporate,Ontario,Clothing,Shoes,2,106.03,0.1,190.85,110.85,80.01,2025,6,Jun,2025-06,41.9229761592874
ORD-04678,2023-07-20,CUST-0857,Corporate,Quebec,Clothing,Sweater,3,33.2,0.15,84.66,48.23,36.43,2023,7,Jul,2023-07,43.030947318686515
ORD-04679,2023-05-16,CUST-0316,Consumer,Manitoba,Clothing,Sweater,2,45.01,0.15,76.52,45.11,31.41,2023,5,May,2023-05,41.04809200209096
ORD-04680,2023-04-07,CUST-0941,Small Business,Alberta,Clothing,Jacket,5,111.8,0.05,531.05,345.09,185.96,2023,4,Apr,2023-04,35.01741832219189
ORD-04681,2025-07-06,CUST-0411,Consumer,Alberta,Office Supplies,Folders,5,24.99,0.0,124.95,86.41,38.54,2025,7,Jul,2025-07,30.844337735094037
ORD-04682,2023-09-20,CUST-0685,Consumer,Quebec,Electronics,Headphones,5,227.78,0.0,1138.9,891.89,247.01,2023,9,Sep,2023-09,21.688471331987003
ORD-04683,2025-05-29,CUST-0214,Corporate,Ontario,Clothing,Shoes,1,29.37,0.15,24.96,16.69,8.28,2025,5,May,2025-05,33.17307692307692
ORD-04684,2025-12-08,CUST-0862,Consumer,Manitoba,Office Supplies,Printer Paper,4,96.03,0.0,384.12,229.84,154.28,2025,12,Dec,2025-12,40.16453191710924
ORD-04685,2024-01-15,CUST-0061,Corporate,Quebec,Clothing,Sweater,2,183.47,0.15,311.9,184.55,127.34,2024,1,Jan,2024-01,40.82718820134659
ORD-04686,2025-08-13,CUST-0752,Consumer,British Columbia,Furniture,Office Chair,3,495.7,0.0,1487.1,888.42,598.68,2025,8,Aug,2025-08,40.25822069800282
ORD-04687,2024-05-20,CUST-0335,Consumer,British Columbia,Office Supplies,Notebook,3,50.03,0.05,142.59,112.98,29.6,2024,5,May,2024-05,20.758818991514133
ORD-04688,2024-10-03,CUST-0789,Consumer,British Columbia,Furniture,Cabinet,5,309.62,0.0,1548.1,937.88,610.22,2024,10,Oct,2024-10,39.4173503003682
ORD-04689,2023-12-08,CUST-0879,Consumer,British Columbia,Clothing,Shoes,5,53.11,0.0,265.55,207.69,57.86,2023,12,Dec,2023-12,21.788740350216532
ORD-04690,2023-10-07,CUST-0139,Corporate,Ontario,Office Supplies,Notebook,3,64.92,0.1,175.28,105.91,69.37,2023,10,Oct,2023-10,39.57667731629393
ORD-04691,2023-11-23,CUST-0211,Consumer,Quebec,Furniture,Desk,5,606.7,0.0,3033.5,1894.16,1139.34,2023,11,Nov,2023-11,37.55859568155596
ORD-04692,2024-02-20,CUST-0292,Small Business,Manitoba,Electronics,Headphones,1,1510.35,0.2,1208.28,693.42,514.86,2024,2,Feb,2024-02,42.61098420895819
ORD-04693,2023-02-15,CUST-0574,Consumer,Manitoba,Clothing,Shoes,2,58.29,0.05,110.75,86.41,24.34,2023,2,Feb,2023-02,21.977426636568847
ORD-04694,2024-06-29,CUST-0258,Corporate,Manitoba,Clothing,Sweater,3,122.78,0.0,368.34,287.15,81.19,2024,6,Jun,2024-06,22.04213498398219
ORD-04695,2023-06-04,CUST-0755,Small Business,Quebec,Furniture,Bookshelf,4,852.37,0.15,2898.06,1837.38,1060.68,2023,6,Jun,2023-06,36.59965632181529
ORD-04696,2025-06-17,CUST-0552,Small Business,Ontario,Electronics,Mouse,5,646.62,0.0,3233.1,2623.67,609.43,2025,6,Jun,2025-06,18.849710803872444
ORD-04697,2023-04-15,CUST-0943,Small Business,British Columbia,Furniture,Cabinet,5,121.51,0.05,577.17,403.27,173.9,2023,4,Apr,2023-04,30.129771124625332
ORD-04698,2025-09-05,CUST-0868,Consumer,Manitoba,Electronics,Keyboard,3,623.75,0.1,1684.12,932.22,751.91,2025,9,Sep,2025-09,44.64705602926157
ORD-04699,2024-07-23,CUST-0840,Corporate,Ontario,Electronics,Monitor,5,1200.89,0.0,6004.45,3467.48,2536.97,2024,7,Jul,2024-07,42.25149680653515
ORD-04700,2025-04-12,CUST-0703,Corporate,British Columbia,Electronics,Monitor,5,1103.46,0.1,4965.57,3529.4,1436.17,2025,4,Apr,2025-04,28.922560753347554
ORD-04701,2025-01-27,CUST-0246,Small Business,Ontario,Clothing,Jacket,5,216.23,0.15,918.98,721.78,197.2,2025,1,Jan,2025-01,21.458573635987722
ORD-04702,2025-08-19,CUST-0928,Small Business,Alberta,Electronics,Keyboard,5,1115.99,0.15,4742.96,3855.09,887.86,2025,8,Aug,2025-08,18.719533793243038
ORD-04703,2023-04-09,CUST-0984,Consumer,Ontario,Clothing,Jacket,2,200.41,0.15,340.7,267.53,73.17,2023,4,Apr,2023-04,21.47637217493396
ORD-04704,2024-06-13,CUST-0386,Consumer,Manitoba,Clothing,Jacket,3,82.72,0.1,223.34,144.15,79.2,2024,6,Jun,2024-06,35.461628011104146
ORD-04705,2023-02-26,CUST-0723,Small Business,Quebec,Furniture,Cabinet,1,598.84,0.0,598.84,379.43,219.41,2023,2,Feb,2023-02,36.63916906018302
ORD-04706,2024-07-25,CUST-0401,Consumer,Alberta,Office Supplies,Notebook,1,14.96,0.15,12.72,9.09,3.63,2024,7,Jul,2024-07,28.5377358490566
ORD-04707,2025-08-28,CUST-0616,Corporate,Alberta,Electronics,Mouse,1,256.15,0.0,256.15,142.08,114.07,2025,8,Aug,2025-08,44.53250048799532
ORD-04708,2023-11-30,CUST-0241,Consumer,Ontario,Electronics,Monitor,5,612.96,0.15,2605.08,1979.53,625.55,2023,11,Nov,2023-11,24.012698266463985
ORD-04709,2025-10-30,CUST-0844,Small Business,Quebec,Office Supplies,Printer Paper,2,52.29,0.2,83.66,62.2,21.46,2025,10,Oct,2025-10,25.651446330384893
ORD-04710,2025-01-22,CUST-0812,Consumer,Manitoba,Office Supplies,Printer Paper,5,118.5,0.0,592.5,405.02,187.48,2025,1,Jan,2025-01,31.642194092827005
ORD-04711,2023-08-21,CUST-0095,Consumer,Ontario,Electronics,Laptop,5,247.05,0.0,1235.25,1010.08,225.17,2023,8,Aug,2023-08,18.228698643999188
ORD-04712,2024-11-07,CUST-0028,Consumer,Ontario,Furniture,Office Chair,3,308.69,0.05,879.77,635.13,244.64,2024,11,Nov,2024-11,27.807267808631803
ORD-04713,2023-09-23,CUST-0828,Corporate,Quebec,Furniture,Lamp,4,487.24,0.05,1851.51,1094.93,756.58,2023,9,Sep,2023-09,40.86286328456234
ORD-04714,2025-05-26,CUST-0701,Corporate,Manitoba,Clothing,Jacket,5,80.74,0.0,403.7,278.93,124.77,2025,5,May,2025-05,30.906613822145157
ORD-04715,2023-12-07,CUST-0520,Consumer,Quebec,Electronics,Laptop,1,579.02,0.2,463.22,337.6,125.62,2023,12,Dec,2023-12,27.118863606925437
ORD-04716,2024-03-04,CUST-0813,Corporate,Quebec,Furniture,Desk,3,172.86,0.0,518.58,340.39,178.19,2024,3,Mar,2024-03,34.36114003625284
ORD-04717,2023-04-16,CUST-0092,Small Business,Alberta,Furniture,Office Chair,5,226.36,0.15,962.03,579.29,382.74,2023,4,Apr,2023-04,39.784622101181874
ORD-04718,2023-06-17,CUST-0585,Consumer,Ontario,Clothing,T-Shirt,5,229.77,0.0,1148.85,922.65,226.2,2023,6,Jun,2023-06,19.68925447186317
ORD-04719,2023-04-17,CUST-0843,Small Business,British Columbia,Office Supplies,Folders,4,72.91,0.0,291.64,165.45,126.19,2023,4,Apr,2023-04,43.26909888904129
ORD-04720,2023-08-25,CUST-0674,Corporate,Manitoba,Furniture,Cabinet,3,775.12,0.0,2325.36,1431.7,893.66,2023,8,Aug,2023-08,38.431038634878036
ORD-04721,2024-08-15,CUST-0885,Small Business,Alberta,Electronics,Monitor,5,1522.57,0.0,7612.85,5174.28,2438.57,2024,8,Aug,2024-08,32.03228751387457
ORD-04722,2024-01-13,CUST-0413,Consumer,Ontario,Furniture,Desk,2,524.74,0.0,1049.48,814.16,235.32,2024,1,Jan,2024-01,22.422533063993598
ORD-04723,2025-01-04,CUST-0394,Consumer,Manitoba,Electronics,Keyboard,3,1372.51,0.0,4117.53,2351.81,1765.72,2025,1,Jan,2025-01,42.88299053073081
ORD-04724,2024-10-09,CUST-0091,Consumer,Ontario,Furniture,Office Chair,1,877.95,0.0,877.95,556.67,321.28,2024,10,Oct,2024-10,36.59433908536932
ORD-04725,2025-03-20,CUST-0101,Corporate,British Columbia,Office Supplies,Printer Paper,5,9.43,0.0,47.15,28.21,18.94,2025,3,Mar,2025-03,40.16967126193001
ORD-04726,2024-01-22,CUST-0945,Consumer,Manitoba,Electronics,Headphones,3,377.01,0.05,1074.48,593.11,481.36,2024,1,Jan,2024-01,44.799344799344794
ORD-04727,2023-12-31,CUST-0207,Corporate,Quebec,Furniture,Bookshelf,5,77.82,0.0,389.1,280.51,108.59,2023,12,Dec,2023-12,27.90799280390645
ORD-04728,2023-01-09,CUST-0458,Consumer,Manitoba,Clothing,Sweater,3,236.64,0.15,603.43,343.7,259.73,2023,1,Jan,2023-01,43.042274994614125
ORD-04729,2025-04-24,CUST-0910,Consumer,Alberta,Furniture,Lamp,3,709.84,0.0,2129.52,1596.83,532.69,2025,4,Apr,2025-04,25.014557271122133
ORD-04730,2023-11-25,CUST-0234,Consumer,Alberta,Clothing,Shoes,5,145.86,0.0,729.3,492.54,236.76,2023,11,Nov,2023-11,32.46400658165364
ORD-04731,2024-08-12,CUST-0927,Corporate,Alberta,Electronics,Keyboard,3,1618.7,0.2,3884.88,2922.65,962.23,2024,8,Aug,2024-08,24.768590020798584
ORD-04732,2023-05-05,CUST-0932,Corporate,Quebec,Electronics,Laptop,3,183.74,0.05,523.66,359.21,164.45,2023,5,May,2023-05,31.403964404384528
ORD-04733,2023-10-06,CUST-0634,Small Business,Ontario,Office Supplies,Pens,3,76.21,0.15,194.34,113.84,80.49,2023,10,Oct,2023-10,41.41710404445816
ORD-04734,2024-06-27,CUST-0360,Consumer,British Columbia,Office Supplies,Folders,2,115.18,0.05,218.84,131.6,87.25,2024,6,Jun,2024-06,39.869310912081886
ORD-04735,2023-12-23,CUST-0192,Corporate,Manitoba,Electronics,Mouse,3,1441.24,0.1,3891.35,2528.72,1362.63,2023,12,Dec,2023-12,35.01689644981819
ORD-04736,2024-10-10,CUST-0917,Corporate,Alberta,Clothing,T-Shirt,3,198.52,0.1,536.0,344.64,191.37,2024,10,Oct,2024-10,35.70335820895523
ORD-04737,2025-02-10,CUST-0523,Corporate,Ontario,Furniture,Bookshelf,5,316.69,0.1,1425.1,1002.85,422.25,2025,2,Feb,2025-02,29.629499684232684
ORD-04738,2024-11-02,CUST-0325,Consumer,British Columbia,Clothing,Jeans,1,48.27,0.0,48.27,32.9,15.37,2024,11,Nov,2024-11,31.841723637870313
ORD-04739,2024-02-09,CUST-0889,Consumer,British Columbia,Furniture,Cabinet,5,173.56,0.0,867.8,686.75,181.05,2024,2,Feb,2024-02,20.863102097257435
ORD-04740,2024-04-26,CUST-0807,Consumer,Quebec,Furniture,Desk,4,778.63,0.15,2647.34,1516.81,1130.53,2024,4,Apr,2024-04,42.70437495750451
ORD-04741,2023-12-26,CUST-0286,Consumer,Ontario,Furniture,Desk,4,472.64,0.0,1890.56,1447.74,442.82,2023,12,Dec,2023-12,23.422689573459714
ORD-04742,2024-07-28,CUST-0800,Small Business,Manitoba,Office Supplies,Notebook,3,95.93,0.0,287.79,209.3,78.49,2024,7,Jul,2024-07,27.27335904652698
ORD-04743,2024-09-30,CUST-0845,Consumer,Manitoba,Electronics,Monitor,2,417.98,0.15,710.57,450.01,260.56,2024,9,Sep,2024-09,36.669152933560376
ORD-04744,2023-02-28,CUST-0267,Consumer,Manitoba,Electronics,Headphones,5,1764.5,0.05,8381.38,5279.41,3101.96,2023,2,Feb,2023-02,37.01013436928048
ORD-04745,2025-11-04,CUST-0398,Corporate,Quebec,Office Supplies,Pens,1,78.8,0.15,66.98,42.12,24.86,2025,11,Nov,2025-11,37.11555688265153
ORD-04746,2024-05-18,CUST-0193,Consumer,Quebec,Electronics,Headphones,4,1394.06,0.15,4739.8,2707.75,2032.05,2024,5,May,2024-05,42.87206211232541
ORD-04747,2024-09-30,CUST-0131,Consumer,Manitoba,Furniture,Desk,4,411.55,0.15,1399.27,785.25,614.02,2024,9,Sep,2024-09,43.88145247164593
ORD-04748,2023-09-21,CUST-0936,Consumer,British Columbia,Office Supplies,Pens,3,116.18,0.05,331.11,227.53,103.58,2023,9,Sep,2023-09,31.28265531092386
ORD-04749,2025-01-05,CUST-0942,Consumer,Alberta,Office Supplies,Stapler,1,63.19,0.1,56.87,40.58,16.29,2025,1,Jan,2025-01,28.644276419905047
ORD-04750,2024-02-12,CUST-0101,Consumer,British Columbia,Clothing,Jeans,4,196.38,0.15,667.69,503.13,164.56,2024,2,Feb,2024-02,24.646168131917506
ORD-04751,2023-08-17,CUST-0568,Corporate,Alberta,Office Supplies,Pens,2,25.93,0.05,49.27,37.56,11.71,2023,8,Aug,2023-08,23.766998173330627
ORD-04752,2025-12-04,CUST-0735,Corporate,Ontario,Furniture,Lamp,4,393.83,0.15,1339.02,974.01,365.01,2025,12,Dec,2025-12,27.259488282475242
ORD-04753,2023-12-25,CUST-0119,Small Business,Quebec,Furniture,Lamp,1,160.32,0.05,152.3,91.94,60.37,2023,12,Dec,2023-12,39.63887065003283
ORD-04754,2023-12-23,CUST-0669,Small Business,Alberta,Office Supplies,Notebook,2,37.83,0.2,60.53,42.5,18.02,2023,12,Dec,2023-12,29.7703618040641
ORD-04755,2023-03-28,CUST-0808,Consumer,Manitoba,Electronics,Monitor,1,627.56,0.1,564.8,326.42,238.39,2023,3,Mar,2023-03,42.2078611898017
ORD-04756,2023-07-30,CUST-0087,Corporate,British Columbia,Furniture,Desk,1,124.6,0.0,124.6,84.61,39.99,2023,7,Jul,2023-07,32.09470304975923
ORD-04757,2024-02-16,CUST-0431,Corporate,Quebec,Office Supplies,Notebook,3,10.9,0.05,31.06,24.84,6.23,2024,2,Feb,2024-02,20.057952350289764
ORD-04758,2024-07-20,CUST-0891,Small Business,British Columbia,Office Supplies,Pens,1,40.95,0.0,40.95,23.51,17.44,2024,7,Jul,2024-07,42.588522588522586
ORD-04759,2025-03-24,CUST-0019,Corporate,Ontario,Electronics,Laptop,2,895.63,0.1,1612.13,1319.05,293.08,2025,3,Mar,2025-03,18.179675336356247
ORD-04760,2025-12-07,CUST-0132,Consumer,Manitoba,Electronics,Headphones,4,231.74,0.05,880.61,711.15,169.47,2025,12,Dec,2025-12,19.244614528565425
ORD-04761,2025-10-29,CUST-0376,Consumer,Quebec,Furniture,Cabinet,3,652.83,0.1,1762.64,1305.79,456.85,2025,10,Oct,2025-10,25.91850860073526
ORD-04762,2023-03-05,CUST-0186,Consumer,Ontario,Electronics,Monitor,4,1235.12,0.05,4693.46,2976.89,1716.57,2023,3,Mar,2023-03,36.57365781321242
ORD-04763,2025-04-10,CUST-0108,Small Business,Ontario,Furniture,Bookshelf,5,424.41,0.0,2122.05,1617.99,504.06,2025,4,Apr,2025-04,23.75344596027426
ORD-04764,2024-08-18,CUST-0331,Consumer,Alberta,Electronics,Mouse,5,1288.83,0.15,5477.53,4072.33,1405.2,2024,8,Aug,2024-08,25.65389874633275
ORD-04765,2025-03-17,CUST-0364,Consumer,Quebec,Electronics,Keyboard,3,192.38,0.0,577.14,355.37,221.77,2025,3,Mar,2025-03,38.425685275669686
ORD-04766,2023-01-19,CUST-0139,Consumer,Quebec,Office Supplies,Stapler,5,95.42,0.0,477.1,390.95,86.15,2023,1,Jan,2023-01,18.057011108782227
ORD-04767,2024-07-06,CUST-0154,Corporate,Alberta,Electronics,Headphones,3,1268.92,0.15,3235.75,1815.61,1420.13,2024,7,Jul,2024-07,43.88874294985707
ORD-04768,2023-06-12,CUST-0980,Corporate,British Columbia,Office Supplies,Printer Paper,1,110.26,0.0,110.26,80.93,29.33,2023,6,Jun,2023-06,26.600761835661164
ORD-04769,2025-12-20,CUST-0611,Consumer,Ontario,Furniture,Office Chair,3,669.45,0.2,1606.68,1026.6,580.08,2025,12,Dec,2025-12,36.104264694898795
ORD-04770,2023-12-24,CUST-0534,Corporate,Alberta,Clothing,Shoes,2,197.37,0.05,375.0,299.56,75.44,2023,12,Dec,2023-12,20.11733333333333
ORD-04771,2025-09-14,CUST-0029,Small Business,British Columbia,Office Supplies,Folders,5,42.01,0.1,189.04,141.05,48.0,2025,9,Sep,2025-09,25.391451544646635
ORD-04772,2025-01-26,CUST-0702,Consumer,British Columbia,Electronics,Monitor,5,221.76,0.2,887.04,587.62,299.42,2025,1,Jan,2025-01,33.754960317460316
ORD-04773,2025-12-11,CUST-0396,Corporate,Manitoba,Electronics,Mouse,3,1331.21,0.0,3993.63,3148.78,844.85,2025,12,Dec,2025-12,21.15493924074088
ORD-04774,2024-06-03,CUST-0366,Consumer,Quebec,Clothing,T-Shirt,1,188.17,0.0,188.17,147.18,40.99,2024,6,Jun,2024-06,21.783493649359624
ORD-04775,2023-09-21,CUST-0023,Consumer,Ontario,Electronics,Laptop,4,1784.06,0.2,5708.99,3152.55,2556.44,2023,9,Sep,2023-09,44.77919912278704
ORD-04776,2024-03-27,CUST-0991,Consumer,Quebec,Clothing,Jacket,2,198.54,0.1,357.37,236.31,121.06,2024,3,Mar,2024-03,33.87525533760528
ORD-04777,2023-07-05,CUST-0585,Corporate,Manitoba,Electronics,Monitor,4,1668.88,0.05,6341.74,4072.28,2269.47,2023,7,Jul,2023-07,35.786235323428585
ORD-04778,2025-04-25,CUST-0807,Small Business,Ontario,Office Supplies,Pens,5,67.36,0.0,336.8,216.3,120.5,2025,4,Apr,2025-04,35.77790973871734
ORD-04779,2023-12-07,CUST-0534,Consumer,Quebec,Office Supplies,Folders,3,37.84,0.15,96.49,70.23,26.26,2023,12,Dec,2023-12,27.21525546688776
ORD-04780,2025-09-22,CUST-0875,Corporate,Ontario,Electronics,Keyboard,4,871.65,0.2,2789.28,1685.11,1104.17,2025,9,Sep,2025-09,39.58620145700682
ORD-04781,2025-02-25,CUST-0682,Corporate,Ontario,Electronics,Monitor,4,1729.93,0.15,5881.76,3439.76,2442.0,2025,2,Feb,2025-02,41.51818503305133
ORD-04782,2024-05-23,CUST-0570,Corporate,Alberta,Clothing,Shoes,4,121.52,0.1,437.47,272.95,164.52,2024,5,May,2024-05,37.60715020458546
ORD-04783,2023-11-04,CUST-0326,Small Business,British Columbia,Electronics,Keyboard,1,1162.08,0.2,929.66,603.49,326.18,2023,11,Nov,2023-11,35.08594539939333
ORD-04784,2025-08-18,CUST-0605,Consumer,Ontario,Clothing,Shoes,3,187.12,0.0,561.36,442.02,119.34,2025,8,Aug,2025-08,21.25908507909363
ORD-04785,2023-04-28,CUST-0358,Corporate,British Columbia,Office Supplies,Pens,1,112.12,0.15,95.3,59.62,35.68,2023,4,Apr,2023-04,37.43966421825814
ORD-04786,2024-07-29,CUST-0085,Corporate,British Columbia,Clothing,Shoes,2,153.72,0.05,292.07,205.93,86.14,2024,7,Jul,2024-07,29.49292977710823
ORD-04787,2024-09-03,CUST-0972,Corporate,Manitoba,Electronics,Laptop,5,918.79,0.15,3904.86,2719.3,1185.56,2024,9,Sep,2024-09,30.361139707953676
ORD-04788,2024-09-30,CUST-0141,Small Business,Ontario,Electronics,Laptop,4,383.08,0.1,1379.09,1042.6,336.48,2024,9,Sep,2024-09,24.398697691956293
ORD-04789,2025-07-21,CUST-0356,Corporate,Manitoba,Office Supplies,Pens,4,25.36,0.1,91.3,70.37,20.93,2025,7,Jul,2025-07,22.924424972617743
ORD-04790,2025-03-14,CUST-0232,Corporate,Quebec,Furniture,Cabinet,1,196.77,0.05,186.93,118.5,68.43,2025,3,Mar,2025-03,36.607286149895685
ORD-04791,2023-08-09,CUST-0132,Small Business,Quebec,Furniture,Cabinet,2,155.17,0.0,310.34,187.51,122.83,2023,8,Aug,2023-08,39.57917123155249
ORD-04792,2024-12-13,CUST-0610,Small Business,Manitoba,Office Supplies,Pens,3,36.12,0.0,108.36,63.55,44.81,2024,12,Dec,2024-12,41.35289774824658
ORD-04793,2023-03-09,CUST-0013,Consumer,Manitoba,Furniture,Lamp,3,215.59,0.15,549.75,370.71,179.04,2023,3,Mar,2023-03,32.5675306957708
ORD-04794,2023-03-29,CUST-0405,Corporate,Manitoba,Furniture,Desk,3,415.08,0.05,1182.98,784.22,398.76,2023,3,Mar,2023-03,33.70809312076282
ORD-04795,2024-02-19,CUST-0456,Consumer,Ontario,Office Supplies,Notebook,3,54.57,0.05,155.52,120.11,35.41,2024,2,Feb,2024-02,22.768775720164605
ORD-04796,2023-10-22,CUST-0266,Consumer,Quebec,Electronics,Monitor,3,990.11,0.05,2821.81,1868.4,953.42,2023,10,Oct,2023-10,33.7875335334413
ORD-04797,2023-08-24,CUST-0222,Consumer,Alberta,Electronics,Keyboard,1,330.89,0.05,314.35,212.81,101.53,2023,8,Aug,2023-08,32.29839351041832
ORD-04798,2024-05-20,CUST-0685,Small Business,Manitoba,Electronics,Laptop,1,252.99,0.0,252.99,148.26,104.73,2024,5,May,2024-05,41.396893157832324
ORD-04799,2024-08-26,CUST-0305,Consumer,Manitoba,Clothing,Jeans,2,130.39,0.1,234.7,166.15,68.55,2024,8,Aug,2024-08,29.207498934810395
ORD-04800,2025-12-21,CUST-0324,Consumer,Quebec,Furniture,Lamp,1,339.71,0.0,339.71,222.99,116.72,2025,12,Dec,2025-12,34.358717729828385
ORD-04801,2023-11-05,CUST-0369,Consumer,British Columbia,Clothing,Sweater,2,187.77,0.0,375.54,245.51,130.03,2023,11,Nov,2023-11,34.62480694466635
ORD-04802,2023-10-22,CUST-0412,Consumer,Alberta,Office Supplies,Stapler,2,60.37,0.15,102.63,69.76,32.87,2023,10,Oct,2023-10,32.02767222059826
ORD-04803,2025-04-09,CUST-0500,Consumer,Ontario,Electronics,Keyboard,3,718.69,0.0,2156.07,1433.14,722.93,2025,4,Apr,2025-04,33.5299874308348
ORD-04804,2023-11-09,CUST-0656,Corporate,British Columbia,Furniture,Cabinet,4,333.73,0.0,1334.92,1067.98,266.94,2023,11,Nov,2023-11,19.996703922332422
ORD-04805,2024-08-31,CUST-0750,Corporate,Manitoba,Electronics,Keyboard,3,1119.59,0.0,3358.77,1903.6,1455.17,2024,8,Aug,2024-08,43.32449081062413
ORD-04806,2025-01-08,CUST-0252,Consumer,Manitoba,Furniture,Bookshelf,2,206.15,0.1,371.07,273.31,97.76,2025,1,Jan,2025-01,26.345433476163528
ORD-04807,2024-10-20,CUST-0147,Small Business,Alberta,Clothing,T-Shirt,5,220.91,0.05,1049.32,801.67,247.65,2024,10,Oct,2024-10,23.600998742042467
ORD-04808,2023-09-27,CUST-0077,Consumer,Manitoba,Furniture,Lamp,1,83.82,0.05,79.63,48.48,31.15,2023,9,Sep,2023-09,39.11842270501067
ORD-04809,2024-02-02,CUST-0095,Consumer,Manitoba,Office Supplies,Pens,2,22.32,0.2,35.71,28.91,6.8,2024,2,Feb,2024-02,19.042285074208902
ORD-04810,2023-10-10,CUST-0467,Consumer,Manitoba,Furniture,Bookshelf,4,623.86,0.0,2495.44,1899.93,595.51,2023,10,Oct,2023-10,23.863927804315068
ORD-04811,2023-02-24,CUST-0146,Consumer,British Columbia,Office Supplies,Folders,3,93.02,0.05,265.11,181.85,83.26,2023,2,Feb,2023-02,31.40583154162423
ORD-04812,2023-09-05,CUST-0854,Small Business,Manitoba,Furniture,Bookshelf,4,580.96,0.0,2323.84,1356.87,966.97,2023,9,Sep,2023-09,41.61086821812173
ORD-04813,2025-09-24,CUST-0986,Corporate,Alberta,Clothing,T-Shirt,1,160.36,0.1,144.32,90.01,54.31,2025,9,Sep,2025-09,37.631651884700666
ORD-04814,2024-12-30,CUST-0008,Corporate,Ontario,Furniture,Desk,4,295.48,0.0,1181.92,813.12,368.8,2024,12,Dec,2024-12,31.20346554758359
ORD-04815,2023-02-19,CUST-0389,Consumer,British Columbia,Clothing,Jacket,5,179.37,0.15,762.32,602.59,159.73,2023,2,Feb,2023-02,20.953143037044807
ORD-04816,2023-07-08,CUST-0854,Consumer,Alberta,Clothing,T-Shirt,1,180.82,0.05,171.78,103.55,68.23,2023,7,Jul,2023-07,39.71940854581442
ORD-04817,2024-03-08,CUST-0464,Consumer,Alberta,Office Supplies,Folders,4,112.41,0.0,449.64,263.02,186.62,2024,3,Mar,2024-03,41.50431456276132
ORD-04818,2023-06-10,CUST-0463,Small Business,British Columbia,Furniture,Cabinet,2,89.75,0.0,179.5,111.28,68.22,2023,6,Jun,2023-06,38.00557103064067
ORD-04819,2024-09-10,CUST-0238,Corporate,Ontario,Furniture,Desk,3,570.92,0.15,1455.85,955.78,500.07,2024,9,Sep,2024-09,34.34900573548099
ORD-04820,2025-03-11,CUST-0108,Consumer,Alberta,Office Supplies,Printer Paper,1,25.3,0.15,21.5,16.28,5.22,2025,3,Mar,2025-03,24.27906976744186
ORD-04821,2023-02-22,CUST-0441,Consumer,Ontario,Furniture,Bookshelf,3,312.57,0.1,843.94,526.31,317.63,2023,2,Feb,2023-02,37.63656184088916
ORD-04822,2025-01-29,CUST-0924,Corporate,Quebec,Clothing,Jacket,4,246.84,0.0,987.36,594.07,393.29,2025,1,Jan,2025-01,39.83248257980879
ORD-04823,2024-04-18,CUST-0927,Corporate,Manitoba,Office Supplies,Printer Paper,3,101.48,0.0,304.44,175.87,128.57,2024,4,Apr,2024-04,42.23163841807909
ORD-04824,2023-01-03,CUST-0574,Corporate,Alberta,Furniture,Cabinet,5,535.19,0.15,2274.56,1393.59,880.97,2023,1,Jan,2023-01,38.73144696117051
ORD-04825,2023-09-29,CUST-0214,Consumer,Alberta,Electronics,Monitor,1,966.3,0.0,966.3,531.47,434.83,2023,9,Sep,2023-09,44.99948256235124
ORD-04826,2025-10-25,CUST-0961,Consumer,Ontario,Office Supplies,Printer Paper,3,57.18,0.05,162.96,110.31,52.65,2025,10,Oct,2025-10,32.30854197349042
ORD-04827,2023-09-02,CUST-0120,Consumer,Ontario,Office Supplies,Pens,2,112.62,0.0,225.24,170.78,54.46,2023,9,Sep,2023-09,24.17865388030545
ORD-04828,2024-03-15,CUST-0885,Consumer,Manitoba,Electronics,Monitor,2,1002.52,0.0,2005.04,1124.81,880.23,2024,3,Mar,2024-03,43.900869808083634
ORD-04829,2025-08-26,CUST-0898,Corporate,British Columbia,Furniture,Office Chair,1,805.92,0.0,805.92,496.71,309.21,2025,8,Aug,2025-08,38.36733174508636
ORD-04830,2024-02-03,CUST-0514,Consumer,British Columbia,Furniture,Lamp,4,336.5,0.0,1346.0,903.32,442.68,2024,2,Feb,2024-02,32.888558692421995
ORD-04831,2024-06-25,CUST-0457,Consumer,Alberta,Furniture,Desk,5,638.97,0.15,2715.62,1611.99,1103.64,2024,6,Jun,2024-06,40.64044306640841
ORD-04832,2024-02-12,CUST-0559,Consumer,Quebec,Clothing,Sweater,1,69.14,0.05,65.68,43.33,22.36,2024,2,Feb,2024-02,34.04384896467722
ORD-04833,2023-08-27,CUST-0755,Consumer,British Columbia,Electronics,Keyboard,5,639.75,0.05,3038.81,2362.18,676.64,2023,8,Aug,2023-08,22.266610943099437
ORD-04834,2024-07-09,CUST-0234,Small Business,Alberta,Office Supplies,Printer Paper,5,53.61,0.0,268.05,173.55,94.5,2024,7,Jul,2024-07,35.25461667599328
ORD-04835,2024-05-24,CUST-0983,Small Business,Manitoba,Electronics,Mouse,3,527.8,0.05,1504.23,1156.34,347.89,2024,5,May,2024-05,23.127447265378297
ORD-04836,2024-02-13,CUST-0993,Consumer,Alberta,Clothing,T-Shirt,5,100.71,0.1,453.2,272.47,180.72,2024,2,Feb,2024-02,39.87643424536628
ORD-04837,2024-03-25,CUST-0507,Corporate,Quebec,Electronics,Headphones,3,857.14,0.15,2185.71,1409.89,775.82,2024,3,Mar,2024-03,35.495102277978326
ORD-04838,2024-08-06,CUST-0366,Consumer,British Columbia,Electronics,Laptop,4,1170.84,0.15,3980.86,3065.4,915.45,2024,8,Aug,2024-08,22.996287234416684
ORD-04839,2023-06-12,CUST-0590,Consumer,Alberta,Clothing,Shoes,5,97.32,0.0,486.6,298.04,188.56,2023,6,Jun,2023-06,38.75051376900945
ORD-04840,2024-04-25,CUST-0309,Consumer,Manitoba,Clothing,Shoes,4,75.9,0.2,242.88,163.48,79.4,2024,4,Apr,2024-04,32.69104084321476
ORD-04841,2023-02-10,CUST-0409,Small Business,British Columbia,Furniture,Bookshelf,1,694.17,0.05,659.46,472.77,186.69,2023,2,Feb,2023-02,28.309525975798376
ORD-04842,2024-05-02,CUST-0474,Consumer,Manitoba,Furniture,Cabinet,1,598.68,0.0,598.68,363.89,234.79,2024,5,May,2024-05,39.217946148192695
ORD-04843,2023-08-07,CUST-0859,Consumer,British Columbia,Furniture,Desk,5,178.75,0.1,804.38,607.36,197.02,2023,8,Aug,2023-08,24.49339864243268
ORD-04844,2025-05-01,CUST-0159,Consumer,Ontario,Electronics,Mouse,3,181.83,0.1,490.94,296.7,194.24,2025,5,May,2025-05,39.564916283048845
ORD-04845,2024-05-27,CUST-0568,Corporate,British Columbia,Electronics,Keyboard,1,867.08,0.0,867.08,574.83,292.25,2024,5,May,2024-05,33.70507911611385
ORD-04846,2023-05-27,CUST-0201,Corporate,Quebec,Furniture,Desk,5,538.45,0.0,2692.25,1543.42,1148.83,2023,5,May,2023-05,42.67174296592069
ORD-04847,2023-01-23,CUST-0286,Corporate,Quebec,Furniture,Bookshelf,2,608.07,0.1,1094.53,620.2,474.33,2023,1,Jan,2023-01,43.336409235014116
ORD-04848,2025-07-31,CUST-0202,Corporate,Quebec,Furniture,Bookshelf,1,837.86,0.1,754.07,443.98,310.09,2025,7,Jul,2025-07,41.12217698622143
ORD-04849,2024-08-20,CUST-0108,Consumer,Quebec,Clothing,Sweater,1,203.44,0.0,203.44,162.35,41.09,2024,8,Aug,2024-08,20.197601258356272
ORD-04850,2025-07-18,CUST-0164,Consumer,Alberta,Clothing,Jeans,3,165.17,0.1,445.96,279.08,166.88,2025,7,Jul,2025-07,37.42039644811194
ORD-04851,2023-08-12,CUST-0975,Corporate,Manitoba,Office Supplies,Folders,1,97.6,0.0,97.6,57.65,39.95,2023,8,Aug,2023-08,40.93237704918033
ORD-04852,2024-12-28,CUST-0305,Corporate,Alberta,Office Supplies,Stapler,4,22.74,0.0,90.96,53.77,37.19,2024,12,Dec,2024-12,40.88610378188214
ORD-04853,2024-07-28,CUST-0245,Corporate,Manitoba,Electronics,Mouse,4,682.46,0.05,2593.35,1515.78,1077.57,2024,7,Jul,2024-07,41.5512753774076
ORD-04854,2024-09-03,CUST-0402,Consumer,Quebec,Furniture,Cabinet,3,424.77,0.0,1274.31,1017.95,256.36,2024,9,Sep,2024-09,20.11755381343629
ORD-04855,2025-06-29,CUST-0265,Consumer,British Columbia,Clothing,T-Shirt,4,62.47,0.1,224.89,156.47,68.43,2025,6,Jun,2025-06,30.428209346791768
ORD-04856,2024-06-28,CUST-0936,Consumer,Alberta,Electronics,Mouse,3,154.67,0.1,417.61,334.15,83.46,2024,6,Jun,2024-06,19.98515361222193
ORD-04857,2024-01-17,CUST-0936,Consumer,Quebec,Furniture,Cabinet,5,889.2,0.05,4223.7,2522.31,1701.39,2024,1,Jan,2024-01,40.281980254279425
ORD-04858,2023-01-22,CUST-0880,Consumer,Alberta,Clothing,Sweater,2,56.58,0.1,101.84,58.32,43.52,2023,1,Jan,2023-01,42.73369992144541
ORD-04859,2023-12-12,CUST-0328,Corporate,British Columbia,Electronics,Mouse,1,1147.32,0.15,975.22,765.95,209.27,2023,12,Dec,2023-12,21.45874776973401
ORD-04860,2023-09-26,CUST-0701,Corporate,British Columbia,Furniture,Desk,3,736.03,0.0,2208.09,1337.5,870.59,2023,9,Sep,2023-09,39.4272878369994
ORD-04861,2023-02-07,CUST-0636,Consumer,Ontario,Office Supplies,Folders,3,72.36,0.05,206.23,130.12,76.11,2023,2,Feb,2023-02,36.90539688697086
ORD-04862,2023-05-21,CUST-0616,Small Business,Alberta,Office Supplies,Stapler,2,38.28,0.0,76.56,44.85,31.71,2023,5,May,2023-05,41.41849529780564
ORD-04863,2024-09-16,CUST-0130,Small Business,Quebec,Furniture,Desk,1,533.01,0.2,426.41,318.85,107.56,2024,9,Sep,2024-09,25.22454914284374
ORD-04864,2025-07-04,CUST-0463,Corporate,Manitoba,Furniture,Cabinet,1,532.32,0.0,532.32,311.71,220.61,2025,7,Jul,2025-07,41.44311692215209
ORD-04865,2025-11-19,CUST-0624,Consumer,British Columbia,Electronics,Headphones,2,287.85,0.0,575.7,383.9,191.8,2025,11,Nov,2025-11,33.3159631752649
ORD-04866,2025-06-27,CUST-0523,Consumer,Quebec,Electronics,Headphones,4,1080.54,0.15,3673.84,2165.79,1508.05,2025,6,Jun,2025-06,41.0483309017268
ORD-04867,2023-12-20,CUST-0306,Consumer,British Columbia,Furniture,Lamp,2,417.15,0.05,792.58,503.33,289.26,2023,12,Dec,2023-12,36.49600040374473
ORD-04868,2024-07-20,CUST-0816,Small Business,British Columbia,Clothing,Jacket,4,112.4,0.2,359.68,281.97,77.71,2024,7,Jul,2024-07,21.60531583629893
ORD-04869,2025-10-21,CUST-0718,Consumer,British Columbia,Office Supplies,Pens,2,99.74,0.05,189.51,118.3,71.2,2025,10,Oct,2025-10,37.570576750567255
ORD-04870,2024-03-13,CUST-0333,Small Business,Quebec,Office Supplies,Stapler,2,19.45,0.05,36.96,21.35,15.6,2024,3,Mar,2024-03,42.2077922077922
ORD-04871,2025-08-24,CUST-0660,Consumer,Manitoba,Electronics,Laptop,5,1471.6,0.0,7358.0,5956.36,1401.64,2025,8,Aug,2025-08,19.04919815167165
ORD-04872,2024-04-14,CUST-0951,Small Business,Quebec,Office Supplies,Printer Paper,2,24.19,0.0,48.38,27.9,20.48,2024,4,Apr,2024-04,42.33154195948739
ORD-04873,2023-03-09,CUST-0063,Corporate,Ontario,Clothing,Jacket,4,97.34,0.1,350.42,285.26,65.16,2023,3,Mar,2023-03,18.594829062268133
ORD-04874,2025-02-06,CUST-0214,Consumer,British Columbia,Furniture,Desk,4,504.44,0.0,2017.76,1489.64,528.12,2025,2,Feb,2025-02,26.17357862183808
ORD-04875,2023-02-27,CUST-0263,Consumer,Ontario,Clothing,Jacket,2,26.61,0.0,53.22,35.47,17.75,2023,2,Feb,2023-02,33.3521232619316
ORD-04876,2025-03-14,CUST-0740,Small Business,Ontario,Clothing,Jacket,5,107.88,0.0,539.4,317.47,221.93,2025,3,Mar,2025-03,41.14386355209492
ORD-04877,2025-04-05,CUST-0754,Consumer,Quebec,Electronics,Keyboard,5,399.15,0.1,1796.18,1470.82,325.35,2025,4,Apr,2025-04,18.11344074647307
ORD-04878,2024-02-04,CUST-0951,Small Business,Ontario,Electronics,Mouse,1,1483.27,0.05,1409.11,1131.32,277.79,2024,2,Feb,2024-02,19.713861941225318
ORD-04879,2024-12-21,CUST-0052,Consumer,Ontario,Electronics,Mouse,1,1735.28,0.05,1648.52,1230.1,418.42,2024,12,Dec,2024-12,25.3815543639143
ORD-04880,2024-09-26,CUST-0293,Consumer,Manitoba,Electronics,Headphones,1,1104.77,0.2,883.82,708.22,175.6,2024,9,Sep,2024-09,19.86829897490439
ORD-04881,2024-09-30,CUST-0570,Corporate,Alberta,Office Supplies,Printer Paper,1,92.16,0.05,87.55,54.39,33.16,2024,9,Sep,2024-09,37.875499714448885
ORD-04882,2024-10-17,CUST-0834,Corporate,British Columbia,Electronics,Mouse,3,1359.68,0.05,3875.09,2218.29,1656.8,2024,10,Oct,2024-10,42.75513600974429
ORD-04883,2025-01-26,CUST-0403,Consumer,Quebec,Office Supplies,Pens,4,17.53,0.1,63.11,46.37,16.74,2025,1,Jan,2025-01,26.525114878783075
ORD-04884,2023-09-04,CUST-0054,Consumer,Quebec,Electronics,Keyboard,1,524.36,0.0,524.36,331.95,192.41,2023,9,Sep,2023-09,36.69425585475628
ORD-04885,2024-10-06,CUST-0103,Small Business,Alberta,Clothing,Shoes,4,127.38,0.0,509.52,394.46,115.06,2024,10,Oct,2024-10,22.582037996545772
ORD-04886,2023-09-13,CUST-0846,Consumer,British Columbia,Furniture,Cabinet,2,656.39,0.0,1312.78,820.66,492.12,2023,9,Sep,2023-09,37.48685994606865
ORD-04887,2024-08-11,CUST-0953,Consumer,Alberta,Clothing,T-Shirt,5,110.38,0.0,551.9,363.02,188.88,2024,8,Aug,2024-08,34.22359123029534
ORD-04888,2024-07-28,CUST-0161,Corporate,Ontario,Office Supplies,Pens,2,106.25,0.1,191.25,111.44,79.81,2024,7,Jul,2024-07,41.73071895424837
ORD-04889,2024-06-08,CUST-0641,Corporate,Manitoba,Clothing,Shoes,4,218.32,0.0,873.28,688.12,185.16,2024,6,Jun,2024-06,21.202821546353974
ORD-04890,2025-04-17,CUST-0732,Small Business,British Columbia,Furniture,Desk,4,657.91,0.15,2236.89,1475.87,761.02,2025,4,Apr,2025-04,34.0213421312626
ORD-04891,2025-11-19,CUST-0161,Small Business,Quebec,Clothing,T-Shirt,5,80.86,0.05,384.08,263.54,120.55,2025,11,Nov,2025-11,31.386690272859823
ORD-04892,2025-11-25,CUST-0618,Small Business,Quebec,Electronics,Mouse,4,307.75,0.15,1046.35,752.97,293.38,2025,11,Nov,2025-11,28.03841926697568
ORD-04893,2024-06-20,CUST-0028,Corporate,Quebec,Clothing,Sweater,1,97.73,0.15,83.07,47.15,35.92,2024,6,Jun,2024-06,43.240640423739016
ORD-04894,2024-09-02,CUST-0741,Consumer,British Columbia,Furniture,Office Chair,5,713.54,0.1,3210.93,2530.69,680.24,2024,9,Sep,2024-09,21.18513950786844
ORD-04895,2025-05-20,CUST-0856,Consumer,Quebec,Office Supplies,Folders,4,63.09,0.0,252.36,139.82,112.54,2025,5,May,2025-05,44.5950229830401
ORD-04896,2023-06-28,CUST-0469,Consumer,Manitoba,Electronics,Keyboard,2,471.31,0.0,942.62,763.71,178.91,2023,6,Jun,2023-06,18.980076807196962
ORD-04897,2025-08-03,CUST-0948,Consumer,Quebec,Furniture,Bookshelf,1,188.47,0.0,188.47,154.13,34.34,2025,8,Aug,2025-08,18.220406430731686
ORD-04898,2025-03-01,CUST-0489,Corporate,Manitoba,Electronics,Headphones,5,779.17,0.15,3311.47,2136.51,1174.96,2025,3,Mar,2025-03,35.48152331139947
ORD-04899,2024-12-03,CUST-0774,Corporate,Ontario,Office Supplies,Pens,2,80.33,0.1,144.59,87.99,56.6,2024,12,Dec,2024-12,39.145169098831175
ORD-04900,2024-02-18,CUST-0620,Small Business,Manitoba,Clothing,T-Shirt,3,154.05,0.1,415.94,308.6,107.34,2024,2,Feb,2024-02,25.806606722123384
ORD-04901,2023-12-26,CUST-0970,Consumer,Quebec,Office Supplies,Pens,4,24.31,0.0,97.24,54.29,42.95,2023,12,Dec,2023-12,44.169066227889765
ORD-04902,2024-02-02,CUST-0688,Consumer,Manitoba,Clothing,Sweater,2,247.79,0.0,495.58,357.54,138.04,2024,2,Feb,2024-02,27.85423140562573
ORD-04903,2023-05-01,CUST-0235,Consumer,British Columbia,Electronics,Keyboard,3,1683.41,0.0,5050.23,2783.14,2267.09,2023,5,May,2023-05,44.89082675442505
ORD-04904,2023-01-16,CUST-0400,Corporate,Alberta,Furniture,Office Chair,5,286.04,0.15,1215.67,894.72,320.95,2023,1,Jan,2023-01,26.401079240254344
ORD-04905,2025-11-20,CUST-0936,Consumer,Manitoba,Electronics,Mouse,5,319.34,0.0,1596.7,1028.62,568.08,2025,11,Nov,2025-11,35.57838040959479
ORD-04906,2025-11-10,CUST-0983,Consumer,Quebec,Electronics,Mouse,3,1603.51,0.0,4810.53,3315.18,1495.35,2025,11,Nov,2025-11,31.08493242948282
ORD-04907,2025-10-19,CUST-0368,Consumer,Quebec,Office Supplies,Notebook,4,59.96,0.15,203.86,134.21,69.66,2025,10,Oct,2025-10,34.170509172961836
ORD-04908,2023-02-12,CUST-0150,Consumer,Quebec,Office Supplies,Folders,1,52.21,0.15,44.38,27.62,16.76,2023,2,Feb,2023-02,37.76475890040559
ORD-04909,2025-01-22,CUST-0894,Consumer,British Columbia,Furniture,Desk,3,699.13,0.05,1992.52,1337.66,654.86,2025,1,Jan,2025-01,32.86591853532211
ORD-04910,2025-07-31,CUST-0756,Consumer,Manitoba,Clothing,Jeans,3,21.51,0.1,58.08,37.14,20.94,2025,7,Jul,2025-07,36.053719008264466
ORD-04911,2023-02-15,CUST-0638,Consumer,Alberta,Furniture,Cabinet,4,749.27,0.05,2847.23,1819.78,1027.44,2023,2,Feb,2023-02,36.085598985680825
ORD-04912,2023-08-24,CUST-0033,Corporate,British Columbia,Electronics,Headphones,5,1437.13,0.05,6826.37,3862.98,2963.39,2023,8,Aug,2023-08,43.41091971281955
ORD-04913,2025-08-06,CUST-0028,Corporate,Quebec,Office Supplies,Folders,5,67.08,0.05,318.63,180.11,138.52,2025,8,Aug,2025-08,43.4736214417977
ORD-04914,2025-06-06,CUST-0432,Consumer,British Columbia,Clothing,T-Shirt,5,159.02,0.0,795.1,567.7,227.4,2025,6,Jun,2025-06,28.600176078480693
ORD-04915,2023-04-29,CUST-0302,Corporate,British Columbia,Office Supplies,Pens,1,63.34,0.1,57.01,36.7,20.31,2023,4,Apr,2023-04,35.62532888966848
ORD-04916,2023-12-12,CUST-0341,Corporate,Manitoba,Electronics,Laptop,5,981.96,0.2,3927.84,2577.96,1349.88,2023,12,Dec,2023-12,34.36698032506416
ORD-04917,2025-04-29,CUST-0482,Consumer,Manitoba,Furniture,Office Chair,1,224.02,0.0,224.02,180.42,43.6,2025,4,Apr,2025-04,19.462547986786895
ORD-04918,2023-09-02,CUST-0066,Consumer,Ontario,Office Supplies,Stapler,1,91.14,0.0,91.14,61.85,29.29,2023,9,Sep,2023-09,32.13737107746324
ORD-04919,2023-05-06,CUST-0448,Consumer,Manitoba,Office Supplies,Notebook,1,76.62,0.0,76.62,57.15,19.47,2023,5,May,2023-05,25.411119812059514
ORD-04920,2025-12-31,CUST-0996,Consumer,Alberta,Electronics,Mouse,3,1003.44,0.1,2709.29,1879.72,829.57,2025,12,Dec,2025-12,30.61946118724832
ORD-04921,2025-01-27,CUST-0342,Consumer,British Columbia,Furniture,Cabinet,5,365.51,0.05,1736.17,1355.65,380.52,2025,1,Jan,2025-01,21.91720856828536
ORD-04922,2023-02-11,CUST-0251,Corporate,Alberta,Electronics,Headphones,3,472.58,0.1,1275.97,712.59,563.38,2023,2,Feb,2023-02,44.15307569927192
ORD-04923,2025-03-25,CUST-0947,Corporate,Quebec,Electronics,Headphones,1,1383.25,0.05,1314.09,832.13,481.95,2025,3,Mar,2025-03,36.67557016642696
ORD-04924,2024-08-05,CUST-0242,Corporate,British Columbia,Electronics,Keyboard,3,562.71,0.05,1603.72,954.8,648.92,2024,8,Aug,2024-08,40.463422542588475
ORD-04925,2024-07-28,CUST-0824,Corporate,British Columbia,Office Supplies,Pens,1,55.11,0.05,52.35,34.16,18.2,2024,7,Jul,2024-07,34.76599808978032
ORD-04926,2023-10-29,CUST-0369,Consumer,British Columbia,Furniture,Lamp,3,716.5,0.05,2042.02,1565.15,476.87,2023,10,Oct,2023-10,23.352856485245002
ORD-04927,2024-01-22,CUST-0713,Consumer,Quebec,Furniture,Lamp,2,777.87,0.1,1400.17,941.13,459.04,2024,1,Jan,2024-01,32.78459044258911
ORD-04928,2023-01-13,CUST-0230,Corporate,Quebec,Office Supplies,Notebook,5,34.05,0.0,170.25,98.32,71.93,2023,1,Jan,2023-01,42.2496328928047
ORD-04929,2024-03-11,CUST-0007,Consumer,Manitoba,Electronics,Keyboard,3,473.22,0.1,1277.69,846.44,431.25,2024,3,Mar,2024-03,33.75231863754119
ORD-04930,2025-08-15,CUST-0273,Small Business,Quebec,Furniture,Bookshelf,1,217.63,0.15,184.99,134.3,50.68,2025,8,Aug,2025-08,27.396075463538565
ORD-04931,2025-10-28,CUST-0209,Consumer,Quebec,Furniture,Bookshelf,2,304.57,0.1,548.23,357.6,190.63,2025,10,Oct,2025-10,34.77190230377761
ORD-04932,2023-10-31,CUST-0835,Consumer,Quebec,Clothing,Jacket,1,138.72,0.0,138.72,76.96,61.76,2023,10,Oct,2023-10,44.52133794694348
ORD-04933,2023-05-24,CUST-0641,Consumer,British Columbia,Clothing,T-Shirt,2,206.2,0.15,350.54,209.78,140.76,2023,5,May,2023-05,40.15518913676042
ORD-04934,2025-01-28,CUST-0475,Consumer,British Columbia,Electronics,Laptop,1,479.44,0.05,455.47,254.51,200.96,2025,1,Jan,2025-01,44.121456956550375
ORD-04935,2025-05-04,CUST-0130,Consumer,British Columbia,Electronics,Laptop,2,809.81,0.1,1457.66,937.88,519.77,2025,5,May,2025-05,35.65783516046266
ORD-04936,2024-09-29,CUST-0844,Consumer,Alberta,Furniture,Bookshelf,4,365.39,0.1,1315.4,1032.2,283.21,2024,9,Sep,2024-09,21.53033297856165
ORD-04937,2023-05-02,CUST-0625,Small Business,Manitoba,Electronics,Laptop,1,1751.21,0.1,1576.09,1076.08,500.01,2023,5,May,2023-05,31.724711152281916
ORD-04938,2023-12-07,CUST-0671,Consumer,Manitoba,Clothing,T-Shirt,4,99.86,0.0,399.44,301.81,97.63,2023,12,Dec,2023-12,24.44171840576807
ORD-04939,2023-07-19,CUST-0461,Consumer,British Columbia,Office Supplies,Notebook,3,93.95,0.0,281.85,219.89,61.96,2023,7,Jul,2023-07,21.983324463367037
ORD-04940,2023-12-05,CUST-0286,Consumer,Ontario,Office Supplies,Pens,5,24.15,0.0,120.75,88.45,32.3,2023,12,Dec,2023-12,26.74948240165631
ORD-04941,2024-04-03,CUST-0546,Corporate,British Columbia,Electronics,Mouse,4,882.43,0.05,3353.23,1936.62,1416.61,2024,4,Apr,2024-04,42.24613283311911
ORD-04942,2024-09-01,CUST-0479,Consumer,Manitoba,Clothing,Sweater,4,249.99,0.0,999.96,612.38,387.58,2024,9,Sep,2024-09,38.75955038201528
ORD-04943,2024-09-12,CUST-0140,Consumer,British Columbia,Clothing,Shoes,2,180.27,0.15,306.46,229.87,76.59,2024,9,Sep,2024-09,24.99184232852575
ORD-04944,2023-08-01,CUST-0933,Corporate,Manitoba,Electronics,Mouse,2,1708.42,0.05,3246.0,2622.03,623.97,2023,8,Aug,2023-08,19.222735674676525
ORD-04945,2023-07-14,CUST-0336,Small Business,Manitoba,Electronics,Laptop,4,429.62,0.0,1718.48,947.89,770.59,2023,7,Jul,2023-07,44.84137144453238
ORD-04946,2025-02-24,CUST-0001,Consumer,Ontario,Electronics,Keyboard,3,1349.69,0.05,3846.62,3075.49,771.13,2025,2,Feb,2025-02,20.046950309622474
ORD-04947,2024-08-24,CUST-0452,Corporate,Quebec,Electronics,Laptop,5,1347.6,0.15,5727.3,3926.01,1801.29,2024,8,Aug,2024-08,31.45094547168823
ORD-04948,2024-05-21,CUST-0607,Consumer,Alberta,Electronics,Monitor,2,232.5,0.15,395.25,302.85,92.4,2024,5,May,2024-05,23.377609108159394
ORD-04949,2025-05-01,CUST-0644,Consumer,Ontario,Furniture,Bookshelf,3,73.18,0.2,175.63,106.02,69.61,2025,5,May,2025-05,39.63445880544326
ORD-04950,2024-06-21,CUST-0532,Small Business,British Columbia,Clothing,Sweater,2,133.99,0.05,254.58,184.34,70.24,2024,6,Jun,2024-06,27.590541283682924
ORD-04951,2024-05-03,CUST-0971,Consumer,Quebec,Electronics,Monitor,1,411.68,0.2,329.34,213.0,116.34,2024,5,May,2024-05,35.32519584623793
ORD-04952,2025-12-23,CUST-0598,Consumer,Alberta,Electronics,Laptop,2,1541.42,0.2,2466.27,1444.46,1021.82,2025,12,Dec,2025-12,41.4317978161353
ORD-04953,2024-06-12,CUST-0090,Consumer,Alberta,Electronics,Laptop,1,384.92,0.0,384.92,275.97,108.95,2024,6,Jun,2024-06,28.30458277044581
ORD-04954,2024-05-02,CUST-0222,Consumer,Quebec,Electronics,Monitor,4,1724.54,0.05,6553.25,4927.0,1626.25,2024,5,May,2024-05,24.815931026589862
ORD-04955,2024-08-02,CUST-0081,Small Business,Quebec,Furniture,Desk,3,301.07,0.0,903.21,692.75,210.46,2024,8,Aug,2024-08,23.301336344814604
ORD-04956,2023-11-28,CUST-0538,Small Business,Quebec,Electronics,Monitor,5,706.16,0.1,3177.72,1882.55,1295.17,2023,11,Nov,2023-11,40.75783895371525
ORD-04957,2023-06-25,CUST-0093,Small Business,Alberta,Electronics,Monitor,5,202.96,0.05,964.06,737.62,226.44,2023,6,Jun,2023-06,23.488164637055785
ORD-04958,2024-03-03,CUST-0828,Consumer,Ontario,Furniture,Cabinet,2,539.09,0.05,1024.27,717.02,307.25,2024,3,Mar,2024-03,29.996973454264992
ORD-04959,2023-03-31,CUST-0396,Corporate,British Columbia,Electronics,Keyboard,2,1778.62,0.15,3023.65,1860.36,1163.3,2023,3,Mar,2023-03,38.473368280058864
ORD-04960,2024-01-28,CUST-0901,Consumer,Manitoba,Electronics,Headphones,4,37.55,0.2,120.16,85.34,34.82,2024,1,Jan,2024-01,28.978029294274304
ORD-04961,2023-02-10,CUST-0159,Consumer,Manitoba,Clothing,Sweater,4,156.68,0.05,595.38,421.53,173.85,2023,2,Feb,2023-02,29.199838758439988
ORD-04962,2023-12-02,CUST-0038,Consumer,British Columbia,Electronics,Headphones,3,795.98,0.1,2149.15,1403.62,745.53,2023,12,Dec,2023-12,34.68952841821184
ORD-04963,2025-10-06,CUST-0391,Small Business,Quebec,Furniture,Desk,3,889.82,0.05,2535.99,1625.13,910.85,2025,10,Oct,2025-10,35.916939735566785
ORD-04964,2025-11-21,CUST-0918,Consumer,Ontario,Office Supplies,Folders,4,82.63,0.05,313.99,178.99,135.0,2025,11,Nov,2025-11,42.994999840759256
ORD-04965,2024-04-04,CUST-0329,Consumer,Manitoba,Electronics,Monitor,3,1324.08,0.1,3575.02,2791.54,783.47,2024,4,Apr,2024-04,21.91512215316278
ORD-04966,2023-07-10,CUST-0948,Consumer,Manitoba,Clothing,Jeans,3,75.38,0.1,203.53,164.42,39.1,2023,7,Jul,2023-07,19.210927136048742
ORD-04967,2023-10-21,CUST-0411,Consumer,Ontario,Clothing,Jeans,2,24.91,0.05,47.33,38.72,8.61,2023,10,Oct,2023-10,18.19142193112191
ORD-04968,2024-04-21,CUST-0069,Corporate,Ontario,Clothing,Jacket,3,237.5,0.0,712.5,399.21,313.29,2024,4,Apr,2024-04,43.97052631578948
ORD-04969,2023-12-26,CUST-0090,Consumer,Manitoba,Furniture,Office Chair,2,319.28,0.0,638.56,449.19,189.37,2023,12,Dec,2023-12,29.655788023051873
ORD-04970,2023-04-27,CUST-0714,Small Business,Alberta,Furniture,Cabinet,3,473.61,0.0,1420.83,962.42,458.41,2023,4,Apr,2023-04,32.263536102137486
ORD-04971,2025-08-21,CUST-0965,Consumer,Manitoba,Clothing,Sweater,3,183.09,0.05,521.81,321.69,200.12,2025,8,Aug,2025-08,38.351123972327095
ORD-04972,2025-05-14,CUST-0873,Corporate,British Columbia,Electronics,Headphones,1,1149.88,0.05,1092.39,697.18,395.21,2025,5,May,2025-05,36.17847105887091
ORD-04973,2025-06-26,CUST-0357,Consumer,Quebec,Furniture,Bookshelf,1,664.77,0.15,565.05,421.3,143.75,2025,6,Jun,2025-06,25.440226528625786
ORD-04974,2025-11-28,CUST-0395,Consumer,Alberta,Electronics,Laptop,3,591.79,0.1,1597.83,1278.5,319.33,2025,11,Nov,2025-11,19.985229968144296
ORD-04975,2025-12-28,CUST-0804,Corporate,Alberta,Furniture,Cabinet,5,772.72,0.05,3670.42,2678.79,991.63,2025,12,Dec,2025-12,27.016799167397735
ORD-04976,2025-10-13,CUST-0915,Consumer,Alberta,Electronics,Mouse,4,1445.4,0.0,5781.6,4374.66,1406.94,2025,10,Oct,2025-10,24.334786218347862
ORD-04977,2023-02-25,CUST-0644,Consumer,Quebec,Office Supplies,Printer Paper,3,92.52,0.0,277.56,204.63,72.93,2023,2,Feb,2023-02,26.275399913532212
ORD-04978,2024-01-24,CUST-0382,Small Business,Ontario,Furniture,Desk,1,399.85,0.05,379.86,268.69,111.17,2024,1,Jan,2024-01,29.266045385141894
ORD-04979,2025-08-31,CUST-0027,Small Business,Alberta,Electronics,Headphones,3,673.24,0.1,1817.75,1435.39,382.36,2025,8,Aug,2025-08,21.034795763993948
ORD-04980,2023-12-26,CUST-0552,Consumer,Manitoba,Office Supplies,Stapler,3,80.56,0.1,217.51,142.58,74.93,2023,12,Dec,2023-12,34.44899085099536
ORD-04981,2025-01-11,CUST-0476,Consumer,Quebec,Electronics,Laptop,2,417.72,0.1,751.9,428.53,323.37,2025,1,Jan,2025-01,43.00704880968214
ORD-04982,2025-05-22,CUST-0768,Corporate,Manitoba,Electronics,Keyboard,1,1776.62,0.0,1776.62,1060.27,716.35,2025,5,May,2025-05,40.32094651641882
ORD-04983,2025-11-23,CUST-0739,Consumer,Manitoba,Furniture,Office Chair,5,234.48,0.0,1172.4,743.36,429.04,2025,11,Nov,2025-11,36.59501876492664
ORD-04984,2025-11-18,CUST-0749,Small Business,Quebec,Electronics,Headphones,3,1513.79,0.0,4541.37,2939.94,1601.43,2025,11,Nov,2025-11,35.26314746431144
ORD-04985,2023-01-07,CUST-0340,Corporate,Manitoba,Electronics,Keyboard,1,360.52,0.15,306.44,206.78,99.66,2023,1,Jan,2023-01,32.52186398642475
ORD-04986,2024-05-18,CUST-0630,Small Business,Alberta,Furniture,Desk,3,154.18,0.05,439.41,307.76,131.65,2024,5,May,2024-05,29.960629025283904
ORD-04987,2025-04-26,CUST-0429,Corporate,British Columbia,Clothing,Shoes,1,43.45,0.0,43.45,34.74,8.71,2025,4,Apr,2025-04,20.04602991944764
ORD-04988,2023-11-08,CUST-0157,Small Business,British Columbia,Electronics,Laptop,5,1499.54,0.0,7497.7,4334.06,3163.64,2023,11,Nov,2023-11,42.19480640729824
ORD-04989,2023-02-12,CUST-0186,Corporate,Manitoba,Electronics,Mouse,3,1215.92,0.15,3100.6,1846.72,1253.88,2023,2,Feb,2023-02,40.43991485518932
ORD-04990,2024-10-15,CUST-0863,Consumer,Quebec,Clothing,Sweater,1,163.56,0.1,147.2,101.25,45.96,2024,10,Oct,2024-10,31.222826086956523
ORD-04991,2025-04-13,CUST-0882,Small Business,Alberta,Office Supplies,Pens,5,110.56,0.05,525.16,380.73,144.43,2025,4,Apr,2025-04,27.502094599741035
ORD-04992,2025-06-19,CUST-0525,Consumer,Quebec,Clothing,Shoes,4,138.55,0.0,554.2,356.75,197.45,2025,6,Jun,2025-06,35.62793215445687
ORD-04993,2025-09-15,CUST-0128,Corporate,Ontario,Furniture,Bookshelf,3,842.51,0.15,2148.4,1194.88,953.52,2025,9,Sep,2025-09,44.38279649972072
ORD-04994,2025-12-23,CUST-0329,Corporate,Quebec,Clothing,Shoes,3,202.41,0.0,607.23,375.84,231.39,2025,12,Dec,2025-12,38.10582481102712
ORD-04995,2023-03-05,CUST-0245,Consumer,Alberta,Clothing,T-Shirt,1,226.82,0.0,226.82,135.21,91.61,2023,3,Mar,2023-03,40.388854598359934
ORD-04996,2023-06-01,CUST-0074,Consumer,British Columbia,Clothing,T-Shirt,5,214.05,0.15,909.71,645.08,264.64,2023,6,Jun,2023-06,29.090589308680787
ORD-04997,2024-11-15,CUST-0172,Corporate,Alberta,Furniture,Cabinet,3,536.94,0.2,1288.66,911.99,376.67,2024,11,Nov,2024-11,29.229587323266028
ORD-04998,2023-02-17,CUST-0541,Consumer,Alberta,Office Supplies,Stapler,3,22.24,0.0,66.72,54.19,12.53,2023,2,Feb,2023-02,18.77997601918465
ORD-04999,2023-06-18,CUST-0136,Consumer,Manitoba,Electronics,Laptop,4,230.48,0.05,875.82,692.89,182.93,2023,6,Jun,2023-06,20.886711881436824
ORD-05000,2024-11-07,CUST-0266,Consumer,Manitoba,Electronics,Headphones,1,1676.38,0.1,1508.74,1146.06,362.68,2024,11,Nov,2024-11,24.038601747153255
